Authors,Source,Title,Year,Ni (at.%),Ti (at.%),Heat Treat 2 Temperature (°C),composition,Hf (at.%)
M. Zarinejad; Y. Liu and T. J. White,Intermetallics,The crystal chemistry of martensite in NiTiHf shape memory alloys,2008.0,35.0,50.0,950.0,Ni35.0Ti50.0Hf15.0 %,15.0
D. N. Abujudom; M. Y. Kao; P. E. Thoma and D. R. Angst,US5114504,High transformation temperature shape memory alloy,1992.0,40.0,50.0,600.0,Ni40.0Ti50.0Hf10.0 %,10.0
C. Zhang; P. E. Thoma and R. H. Zee,Materials Research Society,High Hf content NiTiHf Shape Memory Alloys,2000.0,42.0,48.0,300.0,Ni42.0Ti48.0Hf10.0 %,10.0
C. Zhang; P. E. Thoma and R. H. Zee,Materials Research Society,High Hf content NiTiHf Shape Memory Alloys,2000.0,42.0,48.0,400.0,Ni42.0Ti48.0Hf10.0 %,10.0
C. Zhang; P. E. Thoma and R. H. Zee,Materials Research Society,High Hf content NiTiHf Shape Memory Alloys,2000.0,42.0,48.0,500.0,Ni42.0Ti48.0Hf10.0 %,10.0
C. Zhang; P. E. Thoma and R. H. Zee,Materials Research Society,High Hf content NiTiHf Shape Memory Alloys,2000.0,42.0,48.0,600.0,Ni42.0Ti48.0Hf10.0 %,10.0
C. Zhang; P. E. Thoma and R. H. Zee,Materials Research Society,High Hf content NiTiHf Shape Memory Alloys,2000.0,42.0,48.0,700.0,Ni42.0Ti48.0Hf10.0 %,10.0
C. Zhang; P. E. Thoma and R. H. Zee,Materials Research Society,High Hf content NiTiHf Shape Memory Alloys,2000.0,42.0,48.0,800.0,Ni42.0Ti48.0Hf10.0 %,10.0
C. Zhang; P. E. Thoma and R. H. Zee,Materials Research Society,High Hf content NiTiHf Shape Memory Alloys,2000.0,42.0,48.0,300.0,Ni42.0Ti48.0Hf10.0 %,10.0
C. Zhang; P. E. Thoma and R. H. Zee,Materials Research Society,High Hf content NiTiHf Shape Memory Alloys,2000.0,42.0,48.0,400.0,Ni42.0Ti48.0Hf10.0 %,10.0
C. Zhang; P. E. Thoma and R. H. Zee,Materials Research Society,High Hf content NiTiHf Shape Memory Alloys,2000.0,42.0,48.0,500.0,Ni42.0Ti48.0Hf10.0 %,10.0
C. Zhang; P. E. Thoma and R. H. Zee,Materials Research Society,High Hf content NiTiHf Shape Memory Alloys,2000.0,42.0,48.0,600.0,Ni42.0Ti48.0Hf10.0 %,10.0
C. Zhang; P. E. Thoma and R. H. Zee,Materials Research Society,High Hf content NiTiHf Shape Memory Alloys,2000.0,42.0,48.0,700.0,Ni42.0Ti48.0Hf10.0 %,10.0
C. Zhang; P. E. Thoma and R. H. Zee,Materials Research Society,High Hf content NiTiHf Shape Memory Alloys,2000.0,42.0,48.0,800.0,Ni42.0Ti48.0Hf10.0 %,10.0
C. Zhang; P. E. Thoma and R. H. Zee,Materials Research Society,High Hf content NiTiHf Shape Memory Alloys,2000.0,42.0,48.0,300.0,Ni42.0Ti48.0Hf10.0 %,10.0
C. Zhang; P. E. Thoma and R. H. Zee,Materials Research Society,High Hf content NiTiHf Shape Memory Alloys,2000.0,42.0,48.0,400.0,Ni42.0Ti48.0Hf10.0 %,10.0
C. Zhang; P. E. Thoma and R. H. Zee,Materials Research Society,High Hf content NiTiHf Shape Memory Alloys,2000.0,42.0,48.0,500.0,Ni42.0Ti48.0Hf10.0 %,10.0
C. Zhang; P. E. Thoma and R. H. Zee,Materials Research Society,High Hf content NiTiHf Shape Memory Alloys,2000.0,42.0,48.0,600.0,Ni42.0Ti48.0Hf10.0 %,10.0
C. Zhang; P. E. Thoma and R. H. Zee,Materials Research Society,High Hf content NiTiHf Shape Memory Alloys,2000.0,42.0,48.0,700.0,Ni42.0Ti48.0Hf10.0 %,10.0
C. Zhang; P. E. Thoma and R. H. Zee,Materials Research Society,High Hf content NiTiHf Shape Memory Alloys,2000.0,42.0,48.0,800.0,Ni42.0Ti48.0Hf10.0 %,10.0
C. Zhang; P. E. Thoma and R. H. Zee,Materials Research Society,High Hf content NiTiHf Shape Memory Alloys,2000.0,42.0,48.0,300.0,Ni42.0Ti48.0Hf10.0 %,10.0
C. Zhang; P. E. Thoma and R. H. Zee,Materials Research Society,High Hf content NiTiHf Shape Memory Alloys,2000.0,42.0,48.0,400.0,Ni42.0Ti48.0Hf10.0 %,10.0
C. Zhang; P. E. Thoma and R. H. Zee,Materials Research Society,High Hf content NiTiHf Shape Memory Alloys,2000.0,42.0,48.0,500.0,Ni42.0Ti48.0Hf10.0 %,10.0
C. Zhang; P. E. Thoma and R. H. Zee,Materials Research Society,High Hf content NiTiHf Shape Memory Alloys,2000.0,42.0,48.0,600.0,Ni42.0Ti48.0Hf10.0 %,10.0
C. Zhang; P. E. Thoma and R. H. Zee,Materials Research Society,High Hf content NiTiHf Shape Memory Alloys,2000.0,42.0,48.0,700.0,Ni42.0Ti48.0Hf10.0 %,10.0
C. Zhang; P. E. Thoma and R. H. Zee,Materials Research Society,High Hf content NiTiHf Shape Memory Alloys,2000.0,42.0,48.0,800.0,Ni42.0Ti48.0Hf10.0 %,10.0
C. Zhang; P. E. Thoma and R. H. Zee,Materials Research Society,High Hf content NiTiHf Shape Memory Alloys,2000.0,42.0,48.0,300.0,Ni42.0Ti48.0Hf10.0 %,10.0
C. Zhang; P. E. Thoma and R. H. Zee,Materials Research Society,High Hf content NiTiHf Shape Memory Alloys,2000.0,42.0,48.0,400.0,Ni42.0Ti48.0Hf10.0 %,10.0
C. Zhang; P. E. Thoma and R. H. Zee,Materials Research Society,High Hf content NiTiHf Shape Memory Alloys,2000.0,42.0,48.0,500.0,Ni42.0Ti48.0Hf10.0 %,10.0
C. Zhang; P. E. Thoma and R. H. Zee,Materials Research Society,High Hf content NiTiHf Shape Memory Alloys,2000.0,42.0,48.0,600.0,Ni42.0Ti48.0Hf10.0 %,10.0
C. Zhang; P. E. Thoma and R. H. Zee,Materials Research Society,High Hf content NiTiHf Shape Memory Alloys,2000.0,42.0,48.0,700.0,Ni42.0Ti48.0Hf10.0 %,10.0
C. Zhang; P. E. Thoma and R. H. Zee,Materials Research Society,High Hf content NiTiHf Shape Memory Alloys,2000.0,42.0,48.0,800.0,Ni42.0Ti48.0Hf10.0 %,10.0
M. Zarinejad; Y. Liu and T. J. White,Intermetallics,The crystal chemistry of martensite in NiTiHf shape memory alloys,2008.0,42.5,42.5,950.0,Ni42.5Ti42.5Hf15.0 %,15.0
S.-W. Kim; J. W. Jo; C. H. Park; J.-K. Hong; J.-T. Yeom and H.-G. Kim,Materials Science and Engineering: A,Fracture toughness of TiNiHf alloys: A hybrid study using in-situ transmission electron microscopy experiments and finite element analyses,2016.0,46.0,39.0,850.0,Ni46.0Ti39.0Hf15.0 %,15.0
S.-W. Kim; J. W. Jo; C. H. Park; J.-K. Hong; J.-T. Yeom and H.-G. Kim,Materials Science and Engineering: A,Fracture toughness of TiNiHf alloys: A hybrid study using in-situ transmission electron microscopy experiments and finite element analyses,2016.0,46.0,39.0,850.0,Ni46.0Ti39.0Hf15.0 %,15.0
D. N. Abujudom; M. Y. Kao; P. E. Thoma and D. R. Angst,US5114504,High transformation temperature shape memory alloy,1992.0,46.0,44.0,600.0,Ni46.0Ti44.0Hf10.0 %,10.0
D. N. Abujudom; M. Y. Kao; P. E. Thoma and D. R. Angst,US5114504,High transformation temperature shape memory alloy,1992.0,47.0,43.0,600.0,Ni47.0Ti43.0Hf10.0 %,10.0
D. N. Abujudom; M. Y. Kao; P. E. Thoma and D. R. Angst,US5114504,High transformation temperature shape memory alloy,1992.0,48.0,42.0,600.0,Ni48.0Ti42.0Hf10.0 %,10.0
X. D. Han; R. Wang; Z. Zhang and D. Z. Yang,Acta Materialia,A new precipitate phase in a TiNiHf high temperature shape memory alloy,1998.0,48.5,36.5,1000.0,Ni48.5Ti36.5Hf15.0 %,15.0
X. D. Han; R. Wang; Z. Zhang and D. Z. Yang,Materials Letters,In situ observations of the reverse martensitic transformations in a TiNiHf high temperature shape memory alloy,1997.0,48.5,36.5,1000.0,Ni48.5Ti36.5Hf15.0 %,15.0
X. D. Han; C. CY; R. Wang; Z. Zhang; L. JKL and Y. DZ,Materials Transactions,Martensitic transformation in Ti36. 5Ni48. 5Hf15 high temperature shape memory alloy,1997.0,48.5,36.5,1000.0,Ni48.5Ti36.5Hf15.0 %,15.0
X. D. Han; W. H. Zou; R. Wang; Z. Zhang and D. Z. Yang,Acta Materialia,Structure and substructure of martensite in a Ti36.5Ni48.5Hf15 high temperature shape memory alloy,1996.0,48.5,36.5,1000.0,Ni48.5Ti36.5Hf15.0 %,15.0
X. Han; W. Zou; R. Wang; Z. Zhang; D. Yang and K. Wu,Journal de Physique IV,The martensite structure and aging precipitates of a TiNiHf high temperature shape memory alloy,1995.0,48.5,36.5,1000.0,Ni48.5Ti36.5Hf15.0 %,15.0
Y. Zhu; Z. Pu; C. Li and K. Wu,International Symposium on Shape Memory Materials,The Stability of NiTi-Pd and NiTi-Hf High Temperature Shape Memory Alloys,1994.0,48.5,50.5,900.0,Ni48.5Ti50.5Hf1.0 %,1.0
Y. Zhu; Z. Pu; C. Li and K. Wu,International Symposium on Shape Memory Materials,The Stability of NiTi-Pd and NiTi-Hf High Temperature Shape Memory Alloys,1994.0,48.5,50.5,900.0,Ni48.5Ti50.5Hf1.0 %,1.0
Y. Zhu; Z. Pu; C. Li and K. Wu,International Symposium on Shape Memory Materials,The Stability of NiTi-Pd and NiTi-Hf High Temperature Shape Memory Alloys,1994.0,48.5,50.5,900.0,Ni48.5Ti50.5Hf1.0 %,1.0
Y. Zhu; Z. Pu; C. Li and K. Wu,International Symposium on Shape Memory Materials,The Stability of NiTi-Pd and NiTi-Hf High Temperature Shape Memory Alloys,1994.0,48.5,50.5,900.0,Ni48.5Ti50.5Hf1.0 %,1.0
Y. Zhu; Z. Pu; C. Li and K. Wu,International Symposium on Shape Memory Materials,The Stability of NiTi-Pd and NiTi-Hf High Temperature Shape Memory Alloys,1994.0,48.5,50.5,900.0,Ni48.5Ti50.5Hf1.0 %,1.0
Y. Zhu; Z. Pu; C. Li and K. Wu,International Symposium on Shape Memory Materials,The Stability of NiTi-Pd and NiTi-Hf High Temperature Shape Memory Alloys,1994.0,48.5,50.5,900.0,Ni48.5Ti50.5Hf1.0 %,1.0
Y. Zhu; Z. Pu; C. Li and K. Wu,International Symposium on Shape Memory Materials,The Stability of NiTi-Pd and NiTi-Hf High Temperature Shape Memory Alloys,1994.0,48.5,50.5,900.0,Ni48.5Ti50.5Hf1.0 %,1.0
Y. Zhu; Z. Pu; C. Li and K. Wu,International Symposium on Shape Memory Materials,The Stability of NiTi-Pd and NiTi-Hf High Temperature Shape Memory Alloys,1994.0,48.5,50.5,900.0,Ni48.5Ti50.5Hf1.0 %,1.0
Y. Zhu; Z. Pu; C. Li and K. Wu,International Symposium on Shape Memory Materials,The Stability of NiTi-Pd and NiTi-Hf High Temperature Shape Memory Alloys,1994.0,48.5,45.5,900.0,Ni48.5Ti45.5Hf6.0 %,6.0
Y. Zhu; Z. Pu; C. Li and K. Wu,International Symposium on Shape Memory Materials,The Stability of NiTi-Pd and NiTi-Hf High Temperature Shape Memory Alloys,1994.0,48.5,45.5,900.0,Ni48.5Ti45.5Hf6.0 %,6.0
Y. Zhu; Z. Pu; C. Li and K. Wu,International Symposium on Shape Memory Materials,The Stability of NiTi-Pd and NiTi-Hf High Temperature Shape Memory Alloys,1994.0,48.5,45.5,900.0,Ni48.5Ti45.5Hf6.0 %,6.0
Y. Zhu; Z. Pu; C. Li and K. Wu,International Symposium on Shape Memory Materials,The Stability of NiTi-Pd and NiTi-Hf High Temperature Shape Memory Alloys,1994.0,48.5,45.5,900.0,Ni48.5Ti45.5Hf6.0 %,6.0
Y. Zhu; Z. Pu; C. Li and K. Wu,International Symposium on Shape Memory Materials,The Stability of NiTi-Pd and NiTi-Hf High Temperature Shape Memory Alloys,1994.0,48.5,45.5,900.0,Ni48.5Ti45.5Hf6.0 %,6.0
Y. Zhu; Z. Pu; C. Li and K. Wu,International Symposium on Shape Memory Materials,The Stability of NiTi-Pd and NiTi-Hf High Temperature Shape Memory Alloys,1994.0,48.5,45.5,900.0,Ni48.5Ti45.5Hf6.0 %,6.0
Y. Zhu; Z. Pu; C. Li and K. Wu,International Symposium on Shape Memory Materials,The Stability of NiTi-Pd and NiTi-Hf High Temperature Shape Memory Alloys,1994.0,48.5,45.5,900.0,Ni48.5Ti45.5Hf6.0 %,6.0
Y. Zhu; Z. Pu; C. Li and K. Wu,International Symposium on Shape Memory Materials,The Stability of NiTi-Pd and NiTi-Hf High Temperature Shape Memory Alloys,1994.0,48.5,45.5,900.0,Ni48.5Ti45.5Hf6.0 %,6.0
Y. Zhu; Z. Pu; C. Li and K. Wu,International Symposium on Shape Memory Materials,The Stability of NiTi-Pd and NiTi-Hf High Temperature Shape Memory Alloys,1994.0,48.5,36.5,900.0,Ni48.5Ti36.5Hf15.0 %,15.0
Y. Zhu; Z. Pu; C. Li and K. Wu,International Symposium on Shape Memory Materials,The Stability of NiTi-Pd and NiTi-Hf High Temperature Shape Memory Alloys,1994.0,48.5,36.5,900.0,Ni48.5Ti36.5Hf15.0 %,15.0
Y. Zhu; Z. Pu; C. Li and K. Wu,International Symposium on Shape Memory Materials,The Stability of NiTi-Pd and NiTi-Hf High Temperature Shape Memory Alloys,1994.0,48.5,36.5,900.0,Ni48.5Ti36.5Hf15.0 %,15.0
Y. Zhu; Z. Pu; C. Li and K. Wu,International Symposium on Shape Memory Materials,The Stability of NiTi-Pd and NiTi-Hf High Temperature Shape Memory Alloys,1994.0,48.5,36.5,900.0,Ni48.5Ti36.5Hf15.0 %,15.0
Y. Zhu; Z. Pu; C. Li and K. Wu,International Symposium on Shape Memory Materials,The Stability of NiTi-Pd and NiTi-Hf High Temperature Shape Memory Alloys,1994.0,48.5,36.5,900.0,Ni48.5Ti36.5Hf15.0 %,15.0
Y. Zhu; Z. Pu; C. Li and K. Wu,International Symposium on Shape Memory Materials,The Stability of NiTi-Pd and NiTi-Hf High Temperature Shape Memory Alloys,1994.0,48.5,36.5,900.0,Ni48.5Ti36.5Hf15.0 %,15.0
Y. Zhu; Z. Pu; C. Li and K. Wu,International Symposium on Shape Memory Materials,The Stability of NiTi-Pd and NiTi-Hf High Temperature Shape Memory Alloys,1994.0,48.5,36.5,900.0,Ni48.5Ti36.5Hf15.0 %,15.0
Y. Zhu; Z. Pu; C. Li and K. Wu,International Symposium on Shape Memory Materials,The Stability of NiTi-Pd and NiTi-Hf High Temperature Shape Memory Alloys,1994.0,48.5,31.5,900.0,Ni48.5Ti31.5Hf20.0 %,20.0
Y. Zhu; Z. Pu; C. Li and K. Wu,International Symposium on Shape Memory Materials,The Stability of NiTi-Pd and NiTi-Hf High Temperature Shape Memory Alloys,1994.0,48.5,31.5,900.0,Ni48.5Ti31.5Hf20.0 %,20.0
Y. Zhu; Z. Pu; C. Li and K. Wu,International Symposium on Shape Memory Materials,The Stability of NiTi-Pd and NiTi-Hf High Temperature Shape Memory Alloys,1994.0,48.5,31.5,900.0,Ni48.5Ti31.5Hf20.0 %,20.0
Y. Zhu; Z. Pu; C. Li and K. Wu,International Symposium on Shape Memory Materials,The Stability of NiTi-Pd and NiTi-Hf High Temperature Shape Memory Alloys,1994.0,48.5,31.5,900.0,Ni48.5Ti31.5Hf20.0 %,20.0
Y. Zhu; Z. Pu; C. Li and K. Wu,International Symposium on Shape Memory Materials,The Stability of NiTi-Pd and NiTi-Hf High Temperature Shape Memory Alloys,1994.0,48.5,31.5,900.0,Ni48.5Ti31.5Hf20.0 %,20.0
Y. Zhu; Z. Pu; C. Li and K. Wu,International Symposium on Shape Memory Materials,The Stability of NiTi-Pd and NiTi-Hf High Temperature Shape Memory Alloys,1994.0,48.5,31.5,900.0,Ni48.5Ti31.5Hf20.0 %,20.0
Y. Zhu; Z. Pu; C. Li and K. Wu,International Symposium on Shape Memory Materials,The Stability of NiTi-Pd and NiTi-Hf High Temperature Shape Memory Alloys,1994.0,48.5,31.5,900.0,Ni48.5Ti31.5Hf20.0 %,20.0
Y. Zhu; Z. Pu; C. Li and K. Wu,International Symposium on Shape Memory Materials,The Stability of NiTi-Pd and NiTi-Hf High Temperature Shape Memory Alloys,1994.0,48.5,31.5,900.0,Ni48.5Ti31.5Hf20.0 %,20.0
Y. Zhu; Z. Pu; C. Li and K. Wu,International Symposium on Shape Memory Materials,The Stability of NiTi-Pd and NiTi-Hf High Temperature Shape Memory Alloys,1994.0,48.5,26.5,900.0,Ni48.5Ti26.5Hf25.0 %,25.0
Y. Zhu; Z. Pu; C. Li and K. Wu,International Symposium on Shape Memory Materials,The Stability of NiTi-Pd and NiTi-Hf High Temperature Shape Memory Alloys,1994.0,48.5,26.5,900.0,Ni48.5Ti26.5Hf25.0 %,25.0
Y. Zhu; Z. Pu; C. Li and K. Wu,International Symposium on Shape Memory Materials,The Stability of NiTi-Pd and NiTi-Hf High Temperature Shape Memory Alloys,1994.0,48.5,26.5,900.0,Ni48.5Ti26.5Hf25.0 %,25.0
Y. Zhu; Z. Pu; C. Li and K. Wu,International Symposium on Shape Memory Materials,The Stability of NiTi-Pd and NiTi-Hf High Temperature Shape Memory Alloys,1994.0,48.5,26.5,900.0,Ni48.5Ti26.5Hf25.0 %,25.0
Y. Zhu; Z. Pu; C. Li and K. Wu,International Symposium on Shape Memory Materials,The Stability of NiTi-Pd and NiTi-Hf High Temperature Shape Memory Alloys,1994.0,48.5,26.5,900.0,Ni48.5Ti26.5Hf25.0 %,25.0
Y. Zhu; Z. Pu; C. Li and K. Wu,International Symposium on Shape Memory Materials,The Stability of NiTi-Pd and NiTi-Hf High Temperature Shape Memory Alloys,1994.0,48.5,26.5,900.0,Ni48.5Ti26.5Hf25.0 %,25.0
Y. Zhu; Z. Pu; C. Li and K. Wu,International Symposium on Shape Memory Materials,The Stability of NiTi-Pd and NiTi-Hf High Temperature Shape Memory Alloys,1994.0,48.5,26.5,900.0,Ni48.5Ti26.5Hf25.0 %,25.0
Y. Zhu; Z. Pu; C. Li and K. Wu,International Symposium on Shape Memory Materials,The Stability of NiTi-Pd and NiTi-Hf High Temperature Shape Memory Alloys,1994.0,48.5,26.5,900.0,Ni48.5Ti26.5Hf25.0 %,25.0
Y. Zhu; Z. Pu; C. Li and K. Wu,International Symposium on Shape Memory Materials,The Stability of NiTi-Pd and NiTi-Hf High Temperature Shape Memory Alloys,1994.0,48.5,21.5,900.0,Ni48.5Ti21.5Hf30.0 %,30.0
Y. Zhu; Z. Pu; C. Li and K. Wu,International Symposium on Shape Memory Materials,The Stability of NiTi-Pd and NiTi-Hf High Temperature Shape Memory Alloys,1994.0,48.5,21.5,900.0,Ni48.5Ti21.5Hf30.0 %,30.0
Y. Zhu; Z. Pu; C. Li and K. Wu,International Symposium on Shape Memory Materials,The Stability of NiTi-Pd and NiTi-Hf High Temperature Shape Memory Alloys,1994.0,48.5,21.5,900.0,Ni48.5Ti21.5Hf30.0 %,30.0
Y. Zhu; Z. Pu; C. Li and K. Wu,International Symposium on Shape Memory Materials,The Stability of NiTi-Pd and NiTi-Hf High Temperature Shape Memory Alloys,1994.0,48.5,21.5,900.0,Ni48.5Ti21.5Hf30.0 %,30.0
Y. Zhu; Z. Pu; C. Li and K. Wu,International Symposium on Shape Memory Materials,The Stability of NiTi-Pd and NiTi-Hf High Temperature Shape Memory Alloys,1994.0,48.5,21.5,900.0,Ni48.5Ti21.5Hf30.0 %,30.0
Y. Zhu; Z. Pu; C. Li and K. Wu,International Symposium on Shape Memory Materials,The Stability of NiTi-Pd and NiTi-Hf High Temperature Shape Memory Alloys,1994.0,48.5,21.5,900.0,Ni48.5Ti21.5Hf30.0 %,30.0
Y. Zhu; Z. Pu; C. Li and K. Wu,International Symposium on Shape Memory Materials,The Stability of NiTi-Pd and NiTi-Hf High Temperature Shape Memory Alloys,1994.0,48.5,21.5,900.0,Ni48.5Ti21.5Hf30.0 %,30.0
Y. Zhu; Z. Pu; C. Li and K. Wu,International Symposium on Shape Memory Materials,The Stability of NiTi-Pd and NiTi-Hf High Temperature Shape Memory Alloys,1994.0,48.5,21.5,900.0,Ni48.5Ti21.5Hf30.0 %,30.0
Y. Zhu; Z. Pu; C. Li and K. Wu,International Symposium on Shape Memory Materials,The Stability of NiTi-Pd and NiTi-Hf High Temperature Shape Memory Alloys,1994.0,48.5,21.5,900.0,Ni48.5Ti21.5Hf30.0 %,30.0
Y. Zhu; Z. Pu; C. Li and K. Wu,International Symposium on Shape Memory Materials,The Stability of NiTi-Pd and NiTi-Hf High Temperature Shape Memory Alloys,1994.0,48.5,21.5,900.0,Ni48.5Ti21.5Hf30.0 %,30.0
Y. Zhu; Z. Pu; C. Li and K. Wu,International Symposium on Shape Memory Materials,The Stability of NiTi-Pd and NiTi-Hf High Temperature Shape Memory Alloys,1994.0,48.5,21.5,900.0,Ni48.5Ti21.5Hf30.0 %,30.0
Y. Zhu; Z. Pu; C. Li and K. Wu,International Symposium on Shape Memory Materials,The Stability of NiTi-Pd and NiTi-Hf High Temperature Shape Memory Alloys,1994.0,48.5,21.5,900.0,Ni48.5Ti21.5Hf30.0 %,30.0
Y. Zhu; Z. Pu; C. Li and K. Wu,International Symposium on Shape Memory Materials,The Stability of NiTi-Pd and NiTi-Hf High Temperature Shape Memory Alloys,1994.0,48.5,21.5,900.0,Ni48.5Ti21.5Hf30.0 %,30.0
Y. Zhu; Z. Pu; C. Li and K. Wu,International Symposium on Shape Memory Materials,The Stability of NiTi-Pd and NiTi-Hf High Temperature Shape Memory Alloys,1994.0,48.5,21.5,900.0,Ni48.5Ti21.5Hf30.0 %,30.0
Y. Zhu; Z. Pu; C. Li and K. Wu,International Symposium on Shape Memory Materials,The Stability of NiTi-Pd and NiTi-Hf High Temperature Shape Memory Alloys,1994.0,48.5,21.5,900.0,Ni48.5Ti21.5Hf30.0 %,30.0
S. Han; W. Zou; S. Jin; Z. Zhang and D. Yang,Scripta Metallurgica et Materialia,The studies of the martensite transformations in a Ti36.5Ni48.5Hf15 alloy,1995.0,48.5,36.5,1000.0,Ni48.5Ti36.5Hf15.0 %,15.0
X. D. Han; Z. Zhang and T. Li,International Symposium on Shape Memory Materials,The studies of the microstructure and the martensite transformations in a Ti36.5Ni48.5Hf15 alloy,1994.0,48.5,36.5,1000.0,Ni48.5Ti36.5Hf15.0 %,15.0
Q. Wei; X. D. Han and Z. Zhang,Materials Letters,The substructures of martensite in a TiNiHf10 high temperature shape memory alloy,2006.0,48.5,41.5,1000.0,Ni48.5Ti41.5Hf10.0 %,10.0
X. L. Meng; Y. F. Zheng; Z. Wang and L. C. Zhao,Scripta Materialia,Effect of aging on the phase transformation and mechanical behavior of Ti36Ni49Hf15 high temperature shape memory alloy,2000.0,49.0,36.0,900.0,Ni49.0Ti36.0Hf15.0 %,15.0
X. L. Meng; Y. F. Zheng; Z. Wang and L. C. Zhao,Scripta Materialia,Effect of aging on the phase transformation and mechanical behavior of Ti36Ni49Hf15 high temperature shape memory alloy,2000.0,49.0,36.0,900.0,Ni49.0Ti36.0Hf15.0 %,15.0
X. L. Meng; Y. F. Zheng; Z. Wang and L. C. Zhao,Scripta Materialia,Effect of aging on the phase transformation and mechanical behavior of Ti36Ni49Hf15 high temperature shape memory alloy,2000.0,49.0,36.0,900.0,Ni49.0Ti36.0Hf15.0 %,15.0
X. L. Meng; Y. F. Zheng; Z. Wang and L. C. Zhao,Scripta Materialia,Effect of aging on the phase transformation and mechanical behavior of Ti36Ni49Hf15 high temperature shape memory alloy,2000.0,49.0,36.0,900.0,Ni49.0Ti36.0Hf15.0 %,15.0
X. L. Meng; Y. F. Zheng; Z. Wang and L. C. Zhao,Scripta Materialia,Effect of aging on the phase transformation and mechanical behavior of Ti36Ni49Hf15 high temperature shape memory alloy,2000.0,49.0,36.0,900.0,Ni49.0Ti36.0Hf15.0 %,15.0
X. L. Meng; Y. F. Zheng; Z. Wang and L. C. Zhao,Scripta Materialia,Effect of aging on the phase transformation and mechanical behavior of Ti36Ni49Hf15 high temperature shape memory alloy,2000.0,49.0,36.0,900.0,Ni49.0Ti36.0Hf15.0 %,15.0
X. L. Meng; Y. F. Zheng; Z. Wang and L. C. Zhao,Scripta Materialia,Effect of aging on the phase transformation and mechanical behavior of Ti36Ni49Hf15 high temperature shape memory alloy,2000.0,49.0,36.0,900.0,Ni49.0Ti36.0Hf15.0 %,15.0
X. L. Meng; Y. F. Zheng; Z. Wang and L. C. Zhao,Scripta Materialia,Effect of aging on the phase transformation and mechanical behavior of Ti36Ni49Hf15 high temperature shape memory alloy,2000.0,49.0,36.0,900.0,Ni49.0Ti36.0Hf15.0 %,15.0
X. L. Meng; Y. F. Zheng; Z. Wang and L. C. Zhao,Scripta Materialia,Effect of aging on the phase transformation and mechanical behavior of Ti36Ni49Hf15 high temperature shape memory alloy,2000.0,49.0,36.0,900.0,Ni49.0Ti36.0Hf15.0 %,15.0
X. L. Meng; Y. F. Zheng; Z. Wang and L. C. Zhao,Scripta Materialia,Effect of aging on the phase transformation and mechanical behavior of Ti36Ni49Hf15 high temperature shape memory alloy,2000.0,49.0,36.0,900.0,Ni49.0Ti36.0Hf15.0 %,15.0
X. L. Meng; Y. F. Zheng; Z. Wang and L. C. Zhao,Scripta Materialia,Effect of aging on the phase transformation and mechanical behavior of Ti36Ni49Hf15 high temperature shape memory alloy,2000.0,49.0,36.0,900.0,Ni49.0Ti36.0Hf15.0 %,15.0
X. L. Meng; Y. F. Zheng; Z. Wang and L. C. Zhao,Scripta Materialia,Effect of aging on the phase transformation and mechanical behavior of Ti36Ni49Hf15 high temperature shape memory alloy,2000.0,49.0,36.0,900.0,Ni49.0Ti36.0Hf15.0 %,15.0
X. L. Meng; Y. F. Zheng; Z. Wang and L. C. Zhao,Scripta Materialia,Effect of aging on the phase transformation and mechanical behavior of Ti36Ni49Hf15 high temperature shape memory alloy,2000.0,49.0,36.0,900.0,Ni49.0Ti36.0Hf15.0 %,15.0
X. L. Meng; Y. F. Zheng; Z. Wang and L. C. Zhao,Scripta Materialia,Effect of aging on the phase transformation and mechanical behavior of Ti36Ni49Hf15 high temperature shape memory alloy,2000.0,49.0,36.0,900.0,Ni49.0Ti36.0Hf15.0 %,15.0
M. Moshref-Javadi; M. Belbasi; S. Seyedein and M. Salehi,,Heat Treatment of a (Ti; Hf)-Rich NiTiHf High Temperature Shape Memory Alloy,2011.0,49.0,36.0,1000.0,Ni49.0Ti36.0Hf15.0 %,15.0
S. M. Tuominen,Shape Memory and Superelastic Technologies,High Transformation Temperature Ni-Ti-Hf Alloys,1994.0,49.0,41.0,800.0,Ni49.0Ti41.0Hf10.0 %,10.0
S. M. Tuominen,Shape Memory and Superelastic Technologies,High Transformation Temperature Ni-Ti-Hf Alloys,1994.0,49.0,41.0,800.0,Ni49.0Ti41.0Hf10.0 %,10.0
S. M. Tuominen,Shape Memory and Superelastic Technologies,High Transformation Temperature Ni-Ti-Hf Alloys,1994.0,49.0,41.0,800.0,Ni49.0Ti41.0Hf10.0 %,10.0
D. N. Abujudom; M. Y. Kao; P. E. Thoma and D. R. Angst,US5114504,High transformation temperature shape memory alloy,1992.0,49.0,50.0,600.0,Ni49.0Ti50.0Hf1.0 %,1.0
D. N. Abujudom; M. Y. Kao; P. E. Thoma and D. R. Angst,US5114504,High transformation temperature shape memory alloy,1992.0,49.0,49.5,600.0,Ni49.0Ti49.5Hf1.5 %,1.5
D. N. Abujudom; M. Y. Kao; P. E. Thoma and D. R. Angst,US5114504,High transformation temperature shape memory alloy,1992.0,49.0,48.0,600.0,Ni49.0Ti48.0Hf3.0 %,3.0
D. N. Abujudom; M. Y. Kao; P. E. Thoma and D. R. Angst,US5114504,High transformation temperature shape memory alloy,1992.0,49.0,46.0,600.0,Ni49.0Ti46.0Hf5.0 %,5.0
D. N. Abujudom; M. Y. Kao; P. E. Thoma and D. R. Angst,US5114504,High transformation temperature shape memory alloy,1992.0,49.0,43.0,600.0,Ni49.0Ti43.0Hf8.0 %,8.0
D. N. Abujudom; M. Y. Kao; P. E. Thoma and D. R. Angst,US5114504,High transformation temperature shape memory alloy,1992.0,49.0,41.0,600.0,Ni49.0Ti41.0Hf10.0 %,10.0
D. N. Abujudom; M. Y. Kao; P. E. Thoma and D. R. Angst,US5114504,High transformation temperature shape memory alloy,1992.0,49.0,41.0,600.0,Ni49.0Ti41.0Hf10.0 %,10.0
D. N. Abujudom; M. Y. Kao; P. E. Thoma and D. R. Angst,US5114504,High transformation temperature shape memory alloy,1992.0,49.0,40.0,600.0,Ni49.0Ti40.0Hf11.0 %,11.0
D. N. Abujudom; M. Y. Kao; P. E. Thoma and D. R. Angst,US5114504,High transformation temperature shape memory alloy,1992.0,49.0,36.0,600.0,Ni49.0Ti36.0Hf15.0 %,15.0
D. N. Abujudom; M. Y. Kao; P. E. Thoma and D. R. Angst,US5114504,High transformation temperature shape memory alloy,1992.0,49.0,31.0,600.0,Ni49.0Ti31.0Hf20.0 %,20.0
D. N. Abujudom; M. Y. Kao; P. E. Thoma and D. R. Angst,US5114504,High transformation temperature shape memory alloy,1992.0,49.0,26.0,600.0,Ni49.0Ti26.0Hf25.0 %,25.0
D. N. Abujudom; M. Y. Kao; P. E. Thoma and D. R. Angst,US5114504,High transformation temperature shape memory alloy,1992.0,49.0,21.0,600.0,Ni49.0Ti21.0Hf30.0 %,30.0
Y. F. Zheng; W. Cai; J. X. Zhang; Y. Q. Wang; L. C. Zhao and H. Q. Ye,Materials Letters,High-resolution electron microscopy study on the substructure of Ti–Ni–Hf B19′ Martensite,1998.0,49.0,36.0,1000.0,Ni49.0Ti36.0Hf15.0 %,15.0
Y. F. Zheng; L. C. Zhao and H. Q. Ye,Scripta Materialia,HREM Study on the Intervariant Structure of Ti-Ni-Hf B19′ Martensite,1998.0,49.0,36.0,1000.0,Ni49.0Ti36.0Hf15.0 %,15.0
M. Belbasi and M. T. Salehi,Journal of Materials Engineering and Performance,Influence of Chemical Composition and Melting Process on Hot Rolling of NiTiHf Shape Memory Alloy,2014.0,49.0,36.0,900.0,Ni49.0Ti36.0Hf15.0 %,15.0
C. Zhang and R. H. Zee,International Conference of Displacive Phase Transformations and their Applications in Materials Engineering,Influence of thermo-mechanical processing of martensitic transformation of NiTi and NiTiHf shape memory alloys,1996.0,49.0,50.0,700.0,Ni49.0Ti50.0Hf1.0 %,1.0
C. Zhang and R. H. Zee,International Conference of Displacive Phase Transformations and their Applications in Materials Engineering,Influence of thermo-mechanical processing of martensitic transformation of NiTi and NiTiHf shape memory alloys,1996.0,49.0,50.0,700.0,Ni49.0Ti50.0Hf1.0 %,1.0
C. Zhang and R. H. Zee,International Conference of Displacive Phase Transformations and their Applications in Materials Engineering,Influence of thermo-mechanical processing of martensitic transformation of NiTi and NiTiHf shape memory alloys,1996.0,49.0,50.0,700.0,Ni49.0Ti50.0Hf1.0 %,1.0
C. Zhang and R. H. Zee,International Conference of Displacive Phase Transformations and their Applications in Materials Engineering,Influence of thermo-mechanical processing of martensitic transformation of NiTi and NiTiHf shape memory alloys,1996.0,49.0,50.0,700.0,Ni49.0Ti50.0Hf1.0 %,1.0
C. Zhang and R. H. Zee,International Conference of Displacive Phase Transformations and their Applications in Materials Engineering,Influence of thermo-mechanical processing of martensitic transformation of NiTi and NiTiHf shape memory alloys,1996.0,49.0,50.0,700.0,Ni49.0Ti50.0Hf1.0 %,1.0
C. Zhang and R. H. Zee,International Conference of Displacive Phase Transformations and their Applications in Materials Engineering,Influence of thermo-mechanical processing of martensitic transformation of NiTi and NiTiHf shape memory alloys,1996.0,49.0,50.0,700.0,Ni49.0Ti50.0Hf1.0 %,1.0
C. Zhang and R. H. Zee,International Conference of Displacive Phase Transformations and their Applications in Materials Engineering,Influence of thermo-mechanical processing of martensitic transformation of NiTi and NiTiHf shape memory alloys,1996.0,49.0,50.0,700.0,Ni49.0Ti50.0Hf1.0 %,1.0
C. Zhang and R. H. Zee,International Conference of Displacive Phase Transformations and their Applications in Materials Engineering,Influence of thermo-mechanical processing of martensitic transformation of NiTi and NiTiHf shape memory alloys,1996.0,49.0,50.0,700.0,Ni49.0Ti50.0Hf1.0 %,1.0
C. Zhang and R. H. Zee,International Conference of Displacive Phase Transformations and their Applications in Materials Engineering,Influence of thermo-mechanical processing of martensitic transformation of NiTi and NiTiHf shape memory alloys,1996.0,49.0,48.0,700.0,Ni49.0Ti48.0Hf3.0 %,3.0
C. Zhang and R. H. Zee,International Conference of Displacive Phase Transformations and their Applications in Materials Engineering,Influence of thermo-mechanical processing of martensitic transformation of NiTi and NiTiHf shape memory alloys,1996.0,49.0,48.0,700.0,Ni49.0Ti48.0Hf3.0 %,3.0
C. Zhang and R. H. Zee,International Conference of Displacive Phase Transformations and their Applications in Materials Engineering,Influence of thermo-mechanical processing of martensitic transformation of NiTi and NiTiHf shape memory alloys,1996.0,49.0,48.0,700.0,Ni49.0Ti48.0Hf3.0 %,3.0
C. Zhang and R. H. Zee,International Conference of Displacive Phase Transformations and their Applications in Materials Engineering,Influence of thermo-mechanical processing of martensitic transformation of NiTi and NiTiHf shape memory alloys,1996.0,49.0,48.0,700.0,Ni49.0Ti48.0Hf3.0 %,3.0
C. Zhang and R. H. Zee,International Conference of Displacive Phase Transformations and their Applications in Materials Engineering,Influence of thermo-mechanical processing of martensitic transformation of NiTi and NiTiHf shape memory alloys,1996.0,49.0,48.0,700.0,Ni49.0Ti48.0Hf3.0 %,3.0
C. Zhang and R. H. Zee,International Conference of Displacive Phase Transformations and their Applications in Materials Engineering,Influence of thermo-mechanical processing of martensitic transformation of NiTi and NiTiHf shape memory alloys,1996.0,49.0,48.0,700.0,Ni49.0Ti48.0Hf3.0 %,3.0
C. Zhang and R. H. Zee,International Conference of Displacive Phase Transformations and their Applications in Materials Engineering,Influence of thermo-mechanical processing of martensitic transformation of NiTi and NiTiHf shape memory alloys,1996.0,49.0,48.0,700.0,Ni49.0Ti48.0Hf3.0 %,3.0
C. Zhang and R. H. Zee,International Conference of Displacive Phase Transformations and their Applications in Materials Engineering,Influence of thermo-mechanical processing of martensitic transformation of NiTi and NiTiHf shape memory alloys,1996.0,49.0,48.0,700.0,Ni49.0Ti48.0Hf3.0 %,3.0
Y. Wang; W. Cai; W. Zhu and L. C. Zhao,Shape Memory and Superelastic Technologies,Microstructure and Mechnical Behavior of a Ni-Ti-Hf High Temperature Shape Memory Alloy,1997.0,49.0,36.0,900.0,Ni49.0Ti36.0Hf15.0 %,15.0
Y. Wang; W. Cai; W. Zhu and L. C. Zhao,Shape Memory and Superelastic Technologies,Microstructure and Mechnical Behavior of a Ni-Ti-Hf High Temperature Shape Memory Alloy,1997.0,49.0,36.0,900.0,Ni49.0Ti36.0Hf15.0 %,15.0
Y. Wang; W. Cai; W. Zhu and L. C. Zhao,Shape Memory and Superelastic Technologies,Microstructure and Mechnical Behavior of a Ni-Ti-Hf High Temperature Shape Memory Alloy,1997.0,49.0,36.0,900.0,Ni49.0Ti36.0Hf15.0 %,15.0
Y. Wang; W. Cai; W. Zhu and L. C. Zhao,Shape Memory and Superelastic Technologies,Microstructure and Mechnical Behavior of a Ni-Ti-Hf High Temperature Shape Memory Alloy,1997.0,49.0,36.0,900.0,Ni49.0Ti36.0Hf15.0 %,15.0
Y. Wang; W. Cai; W. Zhu and L. C. Zhao,Shape Memory and Superelastic Technologies,Microstructure and Mechnical Behavior of a Ni-Ti-Hf High Temperature Shape Memory Alloy,1997.0,49.0,36.0,900.0,Ni49.0Ti36.0Hf15.0 %,15.0
Y. Wang; W. Cai; W. Zhu and L. C. Zhao,Shape Memory and Superelastic Technologies,Microstructure and Mechnical Behavior of a Ni-Ti-Hf High Temperature Shape Memory Alloy,1997.0,49.0,36.0,900.0,Ni49.0Ti36.0Hf15.0 %,15.0
Y. Wang; W. Cai; W. Zhu and L. C. Zhao,Shape Memory and Superelastic Technologies,Microstructure and Mechnical Behavior of a Ni-Ti-Hf High Temperature Shape Memory Alloy,1997.0,49.0,36.0,900.0,Ni49.0Ti36.0Hf15.0 %,15.0
Y. Wang; W. Cai; W. Zhu and L. C. Zhao,Shape Memory and Superelastic Technologies,Microstructure and Mechnical Behavior of a Ni-Ti-Hf High Temperature Shape Memory Alloy,1997.0,49.0,36.0,900.0,Ni49.0Ti36.0Hf15.0 %,15.0
Y. Wang; W. Cai; W. Zhu and L. C. Zhao,Shape Memory and Superelastic Technologies,Microstructure and Mechnical Behavior of a Ni-Ti-Hf High Temperature Shape Memory Alloy,1997.0,49.0,36.0,900.0,Ni49.0Ti36.0Hf15.0 %,15.0
Y. Wang; W. Cai; W. Zhu and L. C. Zhao,Shape Memory and Superelastic Technologies,Microstructure and Mechnical Behavior of a Ni-Ti-Hf High Temperature Shape Memory Alloy,1997.0,49.0,36.0,900.0,Ni49.0Ti36.0Hf15.0 %,15.0
Y. Wang; W. Cai; W. Zhu and L. C. Zhao,Shape Memory and Superelastic Technologies,Microstructure and Mechnical Behavior of a Ni-Ti-Hf High Temperature Shape Memory Alloy,1997.0,49.0,36.0,900.0,Ni49.0Ti36.0Hf15.0 %,15.0
Y. Wang; W. Cai; W. Zhu and L. C. Zhao,Shape Memory and Superelastic Technologies,Microstructure and Mechnical Behavior of a Ni-Ti-Hf High Temperature Shape Memory Alloy,1997.0,49.0,36.0,900.0,Ni49.0Ti36.0Hf15.0 %,15.0
Y. Wang; W. Cai; W. Zhu and L. C. Zhao,Shape Memory and Superelastic Technologies,Microstructure and Mechnical Behavior of a Ni-Ti-Hf High Temperature Shape Memory Alloy,1997.0,49.0,36.0,900.0,Ni49.0Ti36.0Hf15.0 %,15.0
Y. Wang; W. Cai; W. Zhu and L. C. Zhao,Shape Memory and Superelastic Technologies,Microstructure and Mechnical Behavior of a Ni-Ti-Hf High Temperature Shape Memory Alloy,1997.0,49.0,36.0,900.0,Ni49.0Ti36.0Hf15.0 %,15.0
Y. Wang; W. Cai; W. Zhu and L. C. Zhao,Shape Memory and Superelastic Technologies,Microstructure and Mechnical Behavior of a Ni-Ti-Hf High Temperature Shape Memory Alloy,1997.0,49.0,36.0,900.0,Ni49.0Ti36.0Hf15.0 %,15.0
R. V. S. Prasad; C. H. Park; S.-W. Kim; J. K. Hong and J.-T. Yeom,Journal of Alloys and Compounds,Microstructure and phase transformation behavior of a new high temperature NiTiHf-Ta shape memory alloy with excellent formability,2017.0,49.0,36.0,1000.0,Ni49.0Ti36.0Hf15.0 %,15.0
X. L. Meng; W. Cai; L. M. Wang; Y. F. Zheng; L. C. Zhao and L. M. Zhou,Scripta Materialia,Microstructure of stress-induced martensite in a Ti–Ni–Hf high temperature shape memory alloy,2001.0,49.0,36.0,1000.0,Ni49.0Ti36.0Hf15.0 %,15.0
X. L. Meng; W. Cai; L. M. Wang; Y. F. Zheng; L. C. Zhao and L. M. Zhou,Scripta Materialia,Microstructure of stress-induced martensite in a Ti–Ni–Hf high temperature shape memory alloy,2001.0,49.0,36.0,1000.0,Ni49.0Ti36.0Hf15.0 %,15.0
X. L. Meng; W. Cai; L. M. Wang; Y. F. Zheng; L. C. Zhao and L. M. Zhou,Scripta Materialia,Microstructure of stress-induced martensite in a Ti–Ni–Hf high temperature shape memory alloy,2001.0,49.0,36.0,1000.0,Ni49.0Ti36.0Hf15.0 %,15.0
X. L. Meng; W. Cai; L. M. Wang; Y. F. Zheng; L. C. Zhao and L. M. Zhou,Scripta Materialia,Microstructure of stress-induced martensite in a Ti–Ni–Hf high temperature shape memory alloy,2001.0,49.0,36.0,1000.0,Ni49.0Ti36.0Hf15.0 %,15.0
X. L. Meng; Y. F. Zheng; Z. Wang and L. C. Zhao,Materials Letters,Shape memory properties of the Ti36Ni49Hf15 high temperature shape memory alloy,2000.0,49.0,36.0,900.0,Ni49.0Ti36.0Hf15.0 %,15.0
X. L. Meng; Y. F. Zheng; Z. Wang and L. C. Zhao,Materials Letters,Shape memory properties of the Ti36Ni49Hf15 high temperature shape memory alloy,2000.0,49.0,36.0,900.0,Ni49.0Ti36.0Hf15.0 %,15.0
X. L. Meng; Y. F. Zheng; Z. Wang and L. C. Zhao,Materials Letters,Shape memory properties of the Ti36Ni49Hf15 high temperature shape memory alloy,2000.0,49.0,36.0,900.0,Ni49.0Ti36.0Hf15.0 %,15.0
L. Liu; X. Meng; W. Cai; Y. Zheng; Y. X. Tong; L. C. Zhao and L. M. Zhou,Materials Science Forum,Stress-Induced Martensitic Transformation and Microstructure of a Ti36Ni49Hf15 High-Temperature Shape-Memory Alloy,2002.0,49.0,36.0,900.0,Ni49.0Ti36.0Hf15.0 %,15.0
L. Liu; X. Meng; W. Cai; Y. Zheng; Y. X. Tong; L. C. Zhao and L. M. Zhou,Materials Science Forum,Stress-Induced Martensitic Transformation and Microstructure of a Ti36Ni49Hf15 High-Temperature Shape-Memory Alloy,2002.0,49.0,36.0,900.0,Ni49.0Ti36.0Hf15.0 %,15.0
L. Liu; X. Meng; W. Cai; Y. Zheng; Y. X. Tong; L. C. Zhao and L. M. Zhou,Materials Science Forum,Stress-Induced Martensitic Transformation and Microstructure of a Ti36Ni49Hf15 High-Temperature Shape-Memory Alloy,2002.0,49.0,36.0,900.0,Ni49.0Ti36.0Hf15.0 %,15.0
L. Liu; X. Meng; W. Cai; Y. Zheng; Y. X. Tong; L. C. Zhao and L. M. Zhou,Materials Science Forum,Stress-Induced Martensitic Transformation and Microstructure of a Ti36Ni49Hf15 High-Temperature Shape-Memory Alloy,2002.0,49.0,36.0,900.0,Ni49.0Ti36.0Hf15.0 %,15.0
L. Liu; X. Meng; W. Cai; Y. Zheng; Y. X. Tong; L. C. Zhao and L. M. Zhou,Materials Science Forum,Stress-Induced Martensitic Transformation and Microstructure of a Ti36Ni49Hf15 High-Temperature Shape-Memory Alloy,2002.0,49.0,36.0,900.0,Ni49.0Ti36.0Hf15.0 %,15.0
L. Liu; X. Meng; W. Cai; Y. Zheng; Y. X. Tong; L. C. Zhao and L. M. Zhou,Materials Science Forum,Stress-Induced Martensitic Transformation and Microstructure of a Ti36Ni49Hf15 High-Temperature Shape-Memory Alloy,2002.0,49.0,36.0,900.0,Ni49.0Ti36.0Hf15.0 %,15.0
X. L. Meng; W. Cai; Y. F. Zheng; Y. X. Tong; L. C. Zhao and L. M. Zhou,Materials Letters,Stress-induced martensitic transformation behavior of a Ti–Ni–Hf high temperature shape memory alloy,2002.0,49.0,36.0,900.0,Ni49.0Ti36.0Hf15.0 %,15.0
P. E. Thoma; C. Zhang; J. J. Boehm and R. H. Zee,Journal de Physique IV ,The Effect of Hafnium Content and Cycling under an Applied Axial Stress on the Creep and Martensite Strain of NiTi Based Shape Memory Alloy Wires ,1997.0,49.0,50.0,700.0,Ni49.0Ti50.0Hf1.0 %,1.0
P. E. Thoma; C. Zhang; J. J. Boehm and R. H. Zee,Journal de Physique IV ,The Effect of Hafnium Content and Cycling under an Applied Axial Stress on the Creep and Martensite Strain of NiTi Based Shape Memory Alloy Wires ,1997.0,49.0,50.0,700.0,Ni49.0Ti50.0Hf1.0 %,1.0
P. E. Thoma; C. Zhang; J. J. Boehm and R. H. Zee,Journal de Physique IV ,The Effect of Hafnium Content and Cycling under an Applied Axial Stress on the Creep and Martensite Strain of NiTi Based Shape Memory Alloy Wires ,1997.0,49.0,50.0,700.0,Ni49.0Ti50.0Hf1.0 %,1.0
P. E. Thoma; C. Zhang; J. J. Boehm and R. H. Zee,Journal de Physique IV ,The Effect of Hafnium Content and Cycling under an Applied Axial Stress on the Creep and Martensite Strain of NiTi Based Shape Memory Alloy Wires ,1997.0,49.0,50.0,700.0,Ni49.0Ti50.0Hf1.0 %,1.0
P. E. Thoma; C. Zhang; J. J. Boehm and R. H. Zee,Journal de Physique IV ,The Effect of Hafnium Content and Cycling under an Applied Axial Stress on the Creep and Martensite Strain of NiTi Based Shape Memory Alloy Wires ,1997.0,49.0,50.0,700.0,Ni49.0Ti50.0Hf1.0 %,1.0
P. E. Thoma; C. Zhang; J. J. Boehm and R. H. Zee,Journal de Physique IV ,The Effect of Hafnium Content and Cycling under an Applied Axial Stress on the Creep and Martensite Strain of NiTi Based Shape Memory Alloy Wires ,1997.0,49.0,50.0,700.0,Ni49.0Ti50.0Hf1.0 %,1.0
P. E. Thoma; C. Zhang; J. J. Boehm and R. H. Zee,Journal de Physique IV ,The Effect of Hafnium Content and Cycling under an Applied Axial Stress on the Creep and Martensite Strain of NiTi Based Shape Memory Alloy Wires ,1997.0,49.0,50.0,700.0,Ni49.0Ti50.0Hf1.0 %,1.0
P. E. Thoma; C. Zhang; J. J. Boehm and R. H. Zee,Journal de Physique IV ,The Effect of Hafnium Content and Cycling under an Applied Axial Stress on the Creep and Martensite Strain of NiTi Based Shape Memory Alloy Wires ,1997.0,49.0,50.0,700.0,Ni49.0Ti50.0Hf1.0 %,1.0
P. E. Thoma; C. Zhang; J. J. Boehm and R. H. Zee,Journal de Physique IV ,The Effect of Hafnium Content and Cycling under an Applied Axial Stress on the Creep and Martensite Strain of NiTi Based Shape Memory Alloy Wires ,1997.0,49.0,50.0,700.0,Ni49.0Ti50.0Hf1.0 %,1.0
P. E. Thoma; C. Zhang; J. J. Boehm and R. H. Zee,Journal de Physique IV ,The Effect of Hafnium Content and Cycling under an Applied Axial Stress on the Creep and Martensite Strain of NiTi Based Shape Memory Alloy Wires ,1997.0,49.0,50.0,700.0,Ni49.0Ti50.0Hf1.0 %,1.0
P. E. Thoma; C. Zhang; J. J. Boehm and R. H. Zee,Journal de Physique IV ,The Effect of Hafnium Content and Cycling under an Applied Axial Stress on the Creep and Martensite Strain of NiTi Based Shape Memory Alloy Wires ,1997.0,49.0,50.0,700.0,Ni49.0Ti50.0Hf1.0 %,1.0
P. E. Thoma; C. Zhang; J. J. Boehm and R. H. Zee,Journal de Physique IV ,The Effect of Hafnium Content and Cycling under an Applied Axial Stress on the Creep and Martensite Strain of NiTi Based Shape Memory Alloy Wires ,1997.0,49.0,50.0,700.0,Ni49.0Ti50.0Hf1.0 %,1.0
P. E. Thoma; C. Zhang; J. J. Boehm and R. H. Zee,Journal de Physique IV ,The Effect of Hafnium Content and Cycling under an Applied Axial Stress on the Creep and Martensite Strain of NiTi Based Shape Memory Alloy Wires ,1997.0,49.0,50.0,700.0,Ni49.0Ti50.0Hf1.0 %,1.0
P. E. Thoma; C. Zhang; J. J. Boehm and R. H. Zee,Journal de Physique IV ,The Effect of Hafnium Content and Cycling under an Applied Axial Stress on the Creep and Martensite Strain of NiTi Based Shape Memory Alloy Wires ,1997.0,49.0,50.0,700.0,Ni49.0Ti50.0Hf1.0 %,1.0
P. E. Thoma; C. Zhang; J. J. Boehm and R. H. Zee,Journal de Physique IV ,The Effect of Hafnium Content and Cycling under an Applied Axial Stress on the Creep and Martensite Strain of NiTi Based Shape Memory Alloy Wires ,1997.0,49.0,50.0,700.0,Ni49.0Ti50.0Hf1.0 %,1.0
P. E. Thoma; C. Zhang; J. J. Boehm and R. H. Zee,Journal de Physique IV ,The Effect of Hafnium Content and Cycling under an Applied Axial Stress on the Creep and Martensite Strain of NiTi Based Shape Memory Alloy Wires ,1997.0,49.0,50.0,700.0,Ni49.0Ti50.0Hf1.0 %,1.0
P. E. Thoma; C. Zhang; J. J. Boehm and R. H. Zee,Journal de Physique IV ,The Effect of Hafnium Content and Cycling under an Applied Axial Stress on the Creep and Martensite Strain of NiTi Based Shape Memory Alloy Wires ,1997.0,49.0,50.0,700.0,Ni49.0Ti50.0Hf1.0 %,1.0
P. E. Thoma; C. Zhang; J. J. Boehm and R. H. Zee,Journal de Physique IV ,The Effect of Hafnium Content and Cycling under an Applied Axial Stress on the Creep and Martensite Strain of NiTi Based Shape Memory Alloy Wires ,1997.0,49.0,50.0,700.0,Ni49.0Ti50.0Hf1.0 %,1.0
P. E. Thoma; C. Zhang; J. J. Boehm and R. H. Zee,Journal de Physique IV ,The Effect of Hafnium Content and Cycling under an Applied Axial Stress on the Creep and Martensite Strain of NiTi Based Shape Memory Alloy Wires ,1997.0,49.0,48.0,700.0,Ni49.0Ti48.0Hf3.0 %,3.0
P. E. Thoma; C. Zhang; J. J. Boehm and R. H. Zee,Journal de Physique IV ,The Effect of Hafnium Content and Cycling under an Applied Axial Stress on the Creep and Martensite Strain of NiTi Based Shape Memory Alloy Wires ,1997.0,49.0,48.0,700.0,Ni49.0Ti48.0Hf3.0 %,3.0
P. E. Thoma; C. Zhang; J. J. Boehm and R. H. Zee,Journal de Physique IV ,The Effect of Hafnium Content and Cycling under an Applied Axial Stress on the Creep and Martensite Strain of NiTi Based Shape Memory Alloy Wires ,1997.0,49.0,48.0,700.0,Ni49.0Ti48.0Hf3.0 %,3.0
P. E. Thoma; C. Zhang; J. J. Boehm and R. H. Zee,Journal de Physique IV ,The Effect of Hafnium Content and Cycling under an Applied Axial Stress on the Creep and Martensite Strain of NiTi Based Shape Memory Alloy Wires ,1997.0,49.0,48.0,700.0,Ni49.0Ti48.0Hf3.0 %,3.0
P. E. Thoma; C. Zhang; J. J. Boehm and R. H. Zee,Journal de Physique IV ,The Effect of Hafnium Content and Cycling under an Applied Axial Stress on the Creep and Martensite Strain of NiTi Based Shape Memory Alloy Wires ,1997.0,49.0,48.0,700.0,Ni49.0Ti48.0Hf3.0 %,3.0
P. E. Thoma; C. Zhang; J. J. Boehm and R. H. Zee,Journal de Physique IV ,The Effect of Hafnium Content and Cycling under an Applied Axial Stress on the Creep and Martensite Strain of NiTi Based Shape Memory Alloy Wires ,1997.0,49.0,48.0,700.0,Ni49.0Ti48.0Hf3.0 %,3.0
P. E. Thoma; C. Zhang; J. J. Boehm and R. H. Zee,Journal de Physique IV ,The Effect of Hafnium Content and Cycling under an Applied Axial Stress on the Creep and Martensite Strain of NiTi Based Shape Memory Alloy Wires ,1997.0,49.0,48.0,700.0,Ni49.0Ti48.0Hf3.0 %,3.0
P. E. Thoma; C. Zhang; J. J. Boehm and R. H. Zee,Journal de Physique IV ,The Effect of Hafnium Content and Cycling under an Applied Axial Stress on the Creep and Martensite Strain of NiTi Based Shape Memory Alloy Wires ,1997.0,49.0,48.0,700.0,Ni49.0Ti48.0Hf3.0 %,3.0
P. E. Thoma; C. Zhang; J. J. Boehm and R. H. Zee,Journal de Physique IV ,The Effect of Hafnium Content and Cycling under an Applied Axial Stress on the Creep and Martensite Strain of NiTi Based Shape Memory Alloy Wires ,1997.0,49.0,48.0,700.0,Ni49.0Ti48.0Hf3.0 %,3.0
P. E. Thoma; C. Zhang; J. J. Boehm and R. H. Zee,Journal de Physique IV ,The Effect of Hafnium Content and Cycling under an Applied Axial Stress on the Creep and Martensite Strain of NiTi Based Shape Memory Alloy Wires ,1997.0,49.0,48.0,700.0,Ni49.0Ti48.0Hf3.0 %,3.0
P. E. Thoma; C. Zhang; J. J. Boehm and R. H. Zee,Journal de Physique IV ,The Effect of Hafnium Content and Cycling under an Applied Axial Stress on the Creep and Martensite Strain of NiTi Based Shape Memory Alloy Wires ,1997.0,49.0,48.0,700.0,Ni49.0Ti48.0Hf3.0 %,3.0
P. E. Thoma; C. Zhang; J. J. Boehm and R. H. Zee,Journal de Physique IV ,The Effect of Hafnium Content and Cycling under an Applied Axial Stress on the Creep and Martensite Strain of NiTi Based Shape Memory Alloy Wires ,1997.0,49.0,48.0,700.0,Ni49.0Ti48.0Hf3.0 %,3.0
P. E. Thoma; C. Zhang; J. J. Boehm and R. H. Zee,Journal de Physique IV ,The Effect of Hafnium Content and Cycling under an Applied Axial Stress on the Creep and Martensite Strain of NiTi Based Shape Memory Alloy Wires ,1997.0,49.0,48.0,700.0,Ni49.0Ti48.0Hf3.0 %,3.0
P. E. Thoma; C. Zhang; J. J. Boehm and R. H. Zee,Journal de Physique IV ,The Effect of Hafnium Content and Cycling under an Applied Axial Stress on the Creep and Martensite Strain of NiTi Based Shape Memory Alloy Wires ,1997.0,49.0,48.0,700.0,Ni49.0Ti48.0Hf3.0 %,3.0
P. E. Thoma; C. Zhang; J. J. Boehm and R. H. Zee,Journal de Physique IV ,The Effect of Hafnium Content and Cycling under an Applied Axial Stress on the Creep and Martensite Strain of NiTi Based Shape Memory Alloy Wires ,1997.0,49.0,48.0,700.0,Ni49.0Ti48.0Hf3.0 %,3.0
P. E. Thoma; C. Zhang; J. J. Boehm and R. H. Zee,Journal de Physique IV ,The Effect of Hafnium Content and Cycling under an Applied Axial Stress on the Creep and Martensite Strain of NiTi Based Shape Memory Alloy Wires ,1997.0,49.0,48.0,700.0,Ni49.0Ti48.0Hf3.0 %,3.0
P. E. Thoma; C. Zhang; J. J. Boehm and R. H. Zee,Journal de Physique IV ,The Effect of Hafnium Content and Cycling under an Applied Axial Stress on the Creep and Martensite Strain of NiTi Based Shape Memory Alloy Wires ,1997.0,49.0,48.0,700.0,Ni49.0Ti48.0Hf3.0 %,3.0
P. E. Thoma; C. Zhang; J. J. Boehm and R. H. Zee,Journal de Physique IV ,The Effect of Hafnium Content and Cycling under an Applied Axial Stress on the Creep and Martensite Strain of NiTi Based Shape Memory Alloy Wires ,1997.0,49.0,48.0,700.0,Ni49.0Ti48.0Hf3.0 %,3.0
D. Angst; P. Thoma and M. Kao,Journal de Physique IV,The Effect of Hafnium Content on the Transformation Temperatures of Ni49Ti51-xHfx. Shape Memory Alloys,1995.0,49.0,41.0,550.0,Ni49.0Ti41.0Hf10.0 %,10.0
D. Angst; P. Thoma and M. Kao,Journal de Physique IV,The Effect of Hafnium Content on the Transformation Temperatures of Ni49Ti51-xHfx. Shape Memory Alloys,1995.0,49.0,41.0,575.0,Ni49.0Ti41.0Hf10.0 %,10.0
D. Angst; P. Thoma and M. Kao,Journal de Physique IV,The Effect of Hafnium Content on the Transformation Temperatures of Ni49Ti51-xHfx. Shape Memory Alloys,1995.0,49.0,41.0,600.0,Ni49.0Ti41.0Hf10.0 %,10.0
D. Angst; P. Thoma and M. Kao,Journal de Physique IV,The Effect of Hafnium Content on the Transformation Temperatures of Ni49Ti51-xHfx. Shape Memory Alloys,1995.0,49.0,41.0,650.0,Ni49.0Ti41.0Hf10.0 %,10.0
D. Angst; P. Thoma and M. Kao,Journal de Physique IV,The Effect of Hafnium Content on the Transformation Temperatures of Ni49Ti51-xHfx. Shape Memory Alloys,1995.0,49.0,41.0,700.0,Ni49.0Ti41.0Hf10.0 %,10.0
C. Zhang; P. E. Thoma and R. H. Zee,Materials Research Society,The Influence of Hafnium Content; Cold Work; and Heat Treatment on the R-Phase Transformation of Niti Based Shape Memory Alloys,1996.0,49.0,50.0,700.0,Ni49.0Ti50.0Hf1.0 %,1.0
C. Zhang; P. E. Thoma and R. H. Zee,Materials Research Society,The Influence of Hafnium Content; Cold Work; and Heat Treatment on the R-Phase Transformation of Niti Based Shape Memory Alloys,1996.0,49.0,48.0,700.0,Ni49.0Ti48.0Hf3.0 %,3.0
Y. Q. Wang; Y. F. Zheng; W. Cai and L. C. Zhao,Scripta Materialia,The tensile behavior of Ti36Ni49Hf15 high temperature shape memory alloy,1999.0,49.0,36.0,900.0,Ni49.0Ti36.0Hf15.0 %,15.0
X. L. Meng; W. Cai; Y. F. Zheng; Y. B. Rao and L. C. Zhao,Materials Letters,Two-way shape memory effect induced by martensite deformation and stabilization of martensite in Ti36Ni49Hf15 high temperature shape memory alloy,2003.0,49.0,36.0,1000.0,Ni49.0Ti36.0Hf15.0 %,15.0
X. L. Meng; W. Cai; Y. F. Zheng; Y. B. Rao and L. C. Zhao,Materials Letters,Two-way shape memory effect induced by martensite deformation and stabilization of martensite in Ti36Ni49Hf15 high temperature shape memory alloy,2003.0,49.0,36.0,1000.0,Ni49.0Ti36.0Hf15.0 %,15.0
X. L. Meng; W. Cai; Y. F. Zheng; Y. B. Rao and L. C. Zhao,Materials Letters,Two-way shape memory effect induced by martensite deformation and stabilization of martensite in Ti36Ni49Hf15 high temperature shape memory alloy,2003.0,49.0,36.0,1000.0,Ni49.0Ti36.0Hf15.0 %,15.0
X. L. Meng; W. Cai; Y. F. Zheng; Y. B. Rao and L. C. Zhao,Materials Letters,Two-way shape memory effect induced by martensite deformation and stabilization of martensite in Ti36Ni49Hf15 high temperature shape memory alloy,2003.0,49.0,36.0,1000.0,Ni49.0Ti36.0Hf15.0 %,15.0
X. L. Meng; W. Cai; Y. F. Zheng; Y. B. Rao and L. C. Zhao,Materials Letters,Two-way shape memory effect induced by martensite deformation and stabilization of martensite in Ti36Ni49Hf15 high temperature shape memory alloy,2003.0,49.0,36.0,1000.0,Ni49.0Ti36.0Hf15.0 %,15.0
X. L. Meng; W. Cai; Y. F. Zheng; Y. B. Rao and L. C. Zhao,Materials Letters,Two-way shape memory effect induced by martensite deformation and stabilization of martensite in Ti36Ni49Hf15 high temperature shape memory alloy,2003.0,49.0,36.0,1000.0,Ni49.0Ti36.0Hf15.0 %,15.0
X. L. Meng; W. Cai; Y. F. Zheng; Y. B. Rao and L. C. Zhao,Materials Letters,Two-way shape memory effect induced by martensite deformation and stabilization of martensite in Ti36Ni49Hf15 high temperature shape memory alloy,2003.0,49.0,36.0,1000.0,Ni49.0Ti36.0Hf15.0 %,15.0
X. L. Meng; W. Cai; Y. F. Zheng; Y. B. Rao and L. C. Zhao,Materials Letters,Two-way shape memory effect induced by martensite deformation and stabilization of martensite in Ti36Ni49Hf15 high temperature shape memory alloy,2003.0,49.0,36.0,1000.0,Ni49.0Ti36.0Hf15.0 %,15.0
X. L. Meng; W. Cai; Y. F. Zheng; Y. B. Rao and L. C. Zhao,Materials Letters,Two-way shape memory effect induced by martensite deformation and stabilization of martensite in Ti36Ni49Hf15 high temperature shape memory alloy,2003.0,49.0,36.0,1000.0,Ni49.0Ti36.0Hf15.0 %,15.0
X. L. Meng; W. Cai; Y. F. Zheng; Y. B. Rao and L. C. Zhao,Materials Letters,Two-way shape memory effect induced by martensite deformation and stabilization of martensite in Ti36Ni49Hf15 high temperature shape memory alloy,2003.0,49.0,36.0,1000.0,Ni49.0Ti36.0Hf15.0 %,15.0
X. L. Meng; W. Cai; Y. F. Zheng; Y. B. Rao and L. C. Zhao,Materials Letters,Two-way shape memory effect induced by martensite deformation and stabilization of martensite in Ti36Ni49Hf15 high temperature shape memory alloy,2003.0,49.0,36.0,1000.0,Ni49.0Ti36.0Hf15.0 %,15.0
X. L. Meng; Y. F. Zheng; W. Cai and L. C. Zhao,Journal of Alloys and Compounds,Two-way shape memory effect of a TiNiHf high temperature shape memory alloy,2004.0,49.0,36.0,1000.0,Ni49.0Ti36.0Hf15.0 %,15.0
X. L. Meng; Y. F. Zheng; W. Cai and L. C. Zhao,Journal of Alloys and Compounds,Two-way shape memory effect of a TiNiHf high temperature shape memory alloy,2004.0,49.0,36.0,1000.0,Ni49.0Ti36.0Hf15.0 %,15.0
X. L. Meng; Y. F. Zheng; W. Cai and L. C. Zhao,Journal of Alloys and Compounds,Two-way shape memory effect of a TiNiHf high temperature shape memory alloy,2004.0,49.0,36.0,1000.0,Ni49.0Ti36.0Hf15.0 %,15.0
X. L. Meng; Y. F. Zheng; W. Cai and L. C. Zhao,Journal of Alloys and Compounds,Two-way shape memory effect of a TiNiHf high temperature shape memory alloy,2004.0,49.0,36.0,1000.0,Ni49.0Ti36.0Hf15.0 %,15.0
X. L. Meng; Y. F. Zheng; W. Cai and L. C. Zhao,Journal of Alloys and Compounds,Two-way shape memory effect of a TiNiHf high temperature shape memory alloy,2004.0,49.0,36.0,1000.0,Ni49.0Ti36.0Hf15.0 %,15.0
X. L. Meng; Y. F. Zheng; W. Cai and L. C. Zhao,Journal of Alloys and Compounds,Two-way shape memory effect of a TiNiHf high temperature shape memory alloy,2004.0,49.0,36.0,1000.0,Ni49.0Ti36.0Hf15.0 %,15.0
K. S. Suresh; D. I. Kim; S. K. Bhaumik and S. Suwas,Intermetallics,Evolution and stability of phases in a high temperature shape memory alloy Ni49.4Ti38.6Hf12,2014.0,49.4,38.6,900.0,Ni49.4Ti38.6Hf12.0 %,12.0
B. Kockar; I. Karaman; J. I. Kim and Y. Chumlyakov,Scripta Materialia,A method to enhance cyclic reversibility of NiTiHf high temperature shape memory alloys,2006.0,49.8,42.2,400.0,Ni49.8Ti42.2Hf8.0 %,8.0
B. Kockar; I. Karaman; J. I. Kim and Y. Chumlyakov,Scripta Materialia,A method to enhance cyclic reversibility of NiTiHf high temperature shape memory alloys,2006.0,49.8,42.2,400.0,Ni49.8Ti42.2Hf8.0 %,8.0
B. Kockar; I. Karaman; J. I. Kim and Y. Chumlyakov,Scripta Materialia,A method to enhance cyclic reversibility of NiTiHf high temperature shape memory alloys,2006.0,49.8,42.2,400.0,Ni49.8Ti42.2Hf8.0 %,8.0
B. Kockar; I. Karaman; J. I. Kim and Y. Chumlyakov,Scripta Materialia,A method to enhance cyclic reversibility of NiTiHf high temperature shape memory alloys,2006.0,49.8,42.2,400.0,Ni49.8Ti42.2Hf8.0 %,8.0
B. Kockar; I. Karaman; J. I. Kim and Y. Chumlyakov,Scripta Materialia,A method to enhance cyclic reversibility of NiTiHf high temperature shape memory alloys,2006.0,49.8,42.2,400.0,Ni49.8Ti42.2Hf8.0 %,8.0
B. Kockar; I. Karaman; J. I. Kim and Y. Chumlyakov,Scripta Materialia,A method to enhance cyclic reversibility of NiTiHf high temperature shape memory alloys,2006.0,49.8,42.2,400.0,Ni49.8Ti42.2Hf8.0 %,8.0
S. M. Tuominen,Shape Memory and Superelastic Technologies,High Transformation Temperature Ni-Ti-Hf Alloys,1994.0,49.9,42.1,800.0,Ni49.9Ti42.1Hf8.0 %,8.0
S. M. Tuominen,Shape Memory and Superelastic Technologies,High Transformation Temperature Ni-Ti-Hf Alloys,1994.0,49.9,40.1,800.0,Ni49.9Ti40.1Hf10.0 %,10.0
S. M. Tuominen,Shape Memory and Superelastic Technologies,High Transformation Temperature Ni-Ti-Hf Alloys,1994.0,49.9,38.1,800.0,Ni49.9Ti38.1Hf12.0 %,12.0
S. M. Tuominen,Shape Memory and Superelastic Technologies,High Transformation Temperature Ni-Ti-Hf Alloys,1994.0,49.9,34.1,800.0,Ni49.9Ti34.1Hf16.0 %,16.0
S. H. Kang and T. H. Nam,Metals and Materials International,Crystal structure of (TiHf)Ni phase formed in a 20Ti−50Ni−30Hf (at.%) alloy,2001.0,50.0,20.0,850.0,Ni50.0Ti20.0Hf30.0 %,30.0
S. Kang; H.-J. Im and T.-H. Nam,Journal of the Korean Institute of Metals and Materials(South Korea),Effect of Hf-content on phase transformation behavior and microstructures of Ti-Ni-Hf shape memory alloys,1999.0,50.0,48.0,850.0,Ni50.0Ti48.0Hf2.0 %,2.0
S. Kang; H.-J. Im and T.-H. Nam,Journal of the Korean Institute of Metals and Materials(South Korea),Effect of Hf-content on phase transformation behavior and microstructures of Ti-Ni-Hf shape memory alloys,1999.0,50.0,45.0,850.0,Ni50.0Ti45.0Hf5.0 %,5.0
S. Kang; H.-J. Im and T.-H. Nam,Journal of the Korean Institute of Metals and Materials(South Korea),Effect of Hf-content on phase transformation behavior and microstructures of Ti-Ni-Hf shape memory alloys,1999.0,50.0,40.0,850.0,Ni50.0Ti40.0Hf10.0 %,10.0
S. Kang; H.-J. Im and T.-H. Nam,Journal of the Korean Institute of Metals and Materials(South Korea),Effect of Hf-content on phase transformation behavior and microstructures of Ti-Ni-Hf shape memory alloys,1999.0,50.0,35.0,850.0,Ni50.0Ti35.0Hf15.0 %,15.0
S. Kang; H.-J. Im and T.-H. Nam,Journal of the Korean Institute of Metals and Materials(South Korea),Effect of Hf-content on phase transformation behavior and microstructures of Ti-Ni-Hf shape memory alloys,1999.0,50.0,30.0,850.0,Ni50.0Ti30.0Hf20.0 %,20.0
D. N. Abujudom; M. Y. Kao; P. E. Thoma and D. R. Angst,US5114504,High transformation temperature shape memory alloy,1992.0,50.0,40.0,600.0,Ni50.0Ti40.0Hf10.0 %,10.0
D. N. Abujudom; M. Y. Kao; P. E. Thoma and D. R. Angst,US5114504,High transformation temperature shape memory alloy,1992.0,50.0,25.0,600.0,Ni50.0Ti25.0Hf25.0 %,25.0
M. Belbasi and M. T. Salehi,Journal of Materials Engineering and Performance,Influence of Chemical Composition and Melting Process on Hot Rolling of NiTiHf Shape Memory Alloy,2014.0,50.0,40.0,900.0,Ni50.0Ti40.0Hf10.0 %,10.0
M. Belbasi and M. T. Salehi,Journal of Materials Engineering and Performance,Influence of Chemical Composition and Melting Process on Hot Rolling of NiTiHf Shape Memory Alloy,2014.0,50.0,35.0,900.0,Ni50.0Ti35.0Hf15.0 %,15.0
P. Olier; J. C. Brachet; J. L. Bechade; C. Foucher and G. Guenin,Journal de Physique IV,Investigation of Transformation Temperatures Microstructure and Shape Memory Properties of NiTi; NiTiZr and NiTiHf Alloys,1995.0,50.0,40.0,800.0,Ni50.0Ti40.0Hf10.0 %,10.0
P. Olier; J. C. Brachet; J. L. Bechade; C. Foucher and G. Guenin,Journal de Physique IV,Investigation of Transformation Temperatures Microstructure and Shape Memory Properties of NiTi; NiTiZr and NiTiHf Alloys,1995.0,50.0,40.0,800.0,Ni50.0Ti40.0Hf10.0 %,10.0
P. Olier; J. C. Brachet; J. L. Bechade; C. Foucher and G. Guenin,Journal de Physique IV,Investigation of Transformation Temperatures Microstructure and Shape Memory Properties of NiTi; NiTiZr and NiTiHf Alloys,1995.0,50.0,38.0,800.0,Ni50.0Ti38.0Hf12.0 %,12.0
P. Olier; J. C. Brachet; J. L. Bechade; C. Foucher and G. Guenin,Journal de Physique IV,Investigation of Transformation Temperatures Microstructure and Shape Memory Properties of NiTi; NiTiZr and NiTiHf Alloys,1995.0,50.0,38.0,800.0,Ni50.0Ti38.0Hf12.0 %,12.0
P. Olier; J. C. Brachet; J. L. Bechade; C. Foucher and G. Guenin,Journal de Physique IV,Investigation of Transformation Temperatures Microstructure and Shape Memory Properties of NiTi; NiTiZr and NiTiHf Alloys,1995.0,50.0,38.0,800.0,Ni50.0Ti38.0Hf12.0 %,12.0
P. Olier; J. C. Brachet; J. L. Bechade; C. Foucher and G. Guenin,Journal de Physique IV,Investigation of Transformation Temperatures Microstructure and Shape Memory Properties of NiTi; NiTiZr and NiTiHf Alloys,1995.0,50.0,38.0,800.0,Ni50.0Ti38.0Hf12.0 %,12.0
P. Olier; J. C. Brachet; J. L. Bechade; C. Foucher and G. Guenin,Journal de Physique IV,Investigation of Transformation Temperatures Microstructure and Shape Memory Properties of NiTi; NiTiZr and NiTiHf Alloys,1995.0,50.0,38.0,800.0,Ni50.0Ti38.0Hf12.0 %,12.0
P. Olier; J. C. Brachet; J. L. Bechade; C. Foucher and G. Guenin,Journal de Physique IV,Investigation of Transformation Temperatures Microstructure and Shape Memory Properties of NiTi; NiTiZr and NiTiHf Alloys,1995.0,50.0,38.0,800.0,Ni50.0Ti38.0Hf12.0 %,12.0
P. Olier; J. C. Brachet; J. L. Bechade; C. Foucher and G. Guenin,Journal de Physique IV,Investigation of Transformation Temperatures Microstructure and Shape Memory Properties of NiTi; NiTiZr and NiTiHf Alloys,1995.0,50.0,38.0,800.0,Ni50.0Ti38.0Hf12.0 %,12.0
P. Olier; J. C. Brachet; J. L. Bechade; C. Foucher and G. Guenin,Journal de Physique IV,Investigation of Transformation Temperatures Microstructure and Shape Memory Properties of NiTi; NiTiZr and NiTiHf Alloys,1995.0,50.0,35.0,800.0,Ni50.0Ti35.0Hf15.0 %,15.0
P. Olier; J. C. Brachet; J. L. Bechade; C. Foucher and G. Guenin,Journal de Physique IV,Investigation of Transformation Temperatures Microstructure and Shape Memory Properties of NiTi; NiTiZr and NiTiHf Alloys,1995.0,50.0,35.0,800.0,Ni50.0Ti35.0Hf15.0 %,15.0
R. Santamarta; C. Seguı́; J. Pons and E. Cesari,Scripta Materialia,Martensite stabilisation in Ni50Ti32.2Hf17.7,1999.0,50.0,32.3,160.0,Ni50.0Ti32.3Hf17.7 %,17.7
R. Santamarta; C. Seguı́; J. Pons and E. Cesari,Scripta Materialia,Martensite stabilisation in Ni50Ti32.2Hf17.7,1999.0,50.0,32.3,160.0,Ni50.0Ti32.3Hf17.7 %,17.7
D. V. Golberg; K. Otsuka; T. Ueki; H. Horikawa and K. Mitose,US5641364,Method of Manufacturing High-Temperature Shape Memory Alloys,1997.0,50.0,30.0,400.0,Ni50.0Ti30.0Hf20.0 %,20.0
D. V. Golberg; K. Otsuka; T. Ueki; H. Horikawa and K. Mitose,US5641364,Method of Manufacturing High-Temperature Shape Memory Alloys,1997.0,50.0,20.0,400.0,Ni50.0Ti20.0Hf30.0 %,30.0
B. C. Hornbuckle; T. T. Sasaki; G. S. Bigelow; R. D. Noebe; M. L. Weaver and G. B. Thompson,Materials Science and Engineering: A,Structure–property relationships in a precipitation strengthened Ni–29.7Ti–20Hf (at%) shape memory alloy,2015.0,50.0,29.7,1050.0,Ni50.0Ti29.7Hf20.3 %,20.3
B. C. Hornbuckle; T. T. Sasaki; G. S. Bigelow; R. D. Noebe; M. L. Weaver and G. B. Thompson,Materials Science and Engineering: A,Structure–property relationships in a precipitation strengthened Ni–29.7Ti–20Hf (at%) shape memory alloy,2015.0,50.0,29.7,1050.0,Ni50.0Ti29.7Hf20.3 %,20.3
B. C. Hornbuckle; T. T. Sasaki; G. S. Bigelow; R. D. Noebe; M. L. Weaver and G. B. Thompson,Materials Science and Engineering: A,Structure–property relationships in a precipitation strengthened Ni–29.7Ti–20Hf (at%) shape memory alloy,2015.0,50.0,29.7,1050.0,Ni50.0Ti29.7Hf20.3 %,20.3
B. C. Hornbuckle; T. T. Sasaki; G. S. Bigelow; R. D. Noebe; M. L. Weaver and G. B. Thompson,Materials Science and Engineering: A,Structure–property relationships in a precipitation strengthened Ni–29.7Ti–20Hf (at%) shape memory alloy,2015.0,50.0,29.7,1050.0,Ni50.0Ti29.7Hf20.3 %,20.3
B. C. Hornbuckle; T. T. Sasaki; G. S. Bigelow; R. D. Noebe; M. L. Weaver and G. B. Thompson,Materials Science and Engineering: A,Structure–property relationships in a precipitation strengthened Ni–29.7Ti–20Hf (at%) shape memory alloy,2015.0,50.0,29.7,1050.0,Ni50.0Ti29.7Hf20.3 %,20.3
B. C. Hornbuckle; T. T. Sasaki; G. S. Bigelow; R. D. Noebe; M. L. Weaver and G. B. Thompson,Materials Science and Engineering: A,Structure–property relationships in a precipitation strengthened Ni–29.7Ti–20Hf (at%) shape memory alloy,2015.0,50.0,29.7,1050.0,Ni50.0Ti29.7Hf20.3 %,20.3
B. C. Hornbuckle; T. T. Sasaki; G. S. Bigelow; R. D. Noebe; M. L. Weaver and G. B. Thompson,Materials Science and Engineering: A,Structure–property relationships in a precipitation strengthened Ni–29.7Ti–20Hf (at%) shape memory alloy,2015.0,50.0,29.7,1050.0,Ni50.0Ti29.7Hf20.3 %,20.3
B. C. Hornbuckle; T. T. Sasaki; G. S. Bigelow; R. D. Noebe; M. L. Weaver and G. B. Thompson,Materials Science and Engineering: A,Structure–property relationships in a precipitation strengthened Ni–29.7Ti–20Hf (at%) shape memory alloy,2015.0,50.0,29.7,1050.0,Ni50.0Ti29.7Hf20.3 %,20.3
B. C. Hornbuckle; T. T. Sasaki; G. S. Bigelow; R. D. Noebe; M. L. Weaver and G. B. Thompson,Materials Science and Engineering: A,Structure–property relationships in a precipitation strengthened Ni–29.7Ti–20Hf (at%) shape memory alloy,2015.0,50.0,29.7,1050.0,Ni50.0Ti29.7Hf20.3 %,20.3
B. C. Hornbuckle; T. T. Sasaki; G. S. Bigelow; R. D. Noebe; M. L. Weaver and G. B. Thompson,Materials Science and Engineering: A,Structure–property relationships in a precipitation strengthened Ni–29.7Ti–20Hf (at%) shape memory alloy,2015.0,50.0,29.7,1050.0,Ni50.0Ti29.7Hf20.3 %,20.3
B. C. Hornbuckle; T. T. Sasaki; G. S. Bigelow; R. D. Noebe; M. L. Weaver and G. B. Thompson,Materials Science and Engineering: A,Structure–property relationships in a precipitation strengthened Ni–29.7Ti–20Hf (at%) shape memory alloy,2015.0,50.0,29.7,1050.0,Ni50.0Ti29.7Hf20.3 %,20.3
B. C. Hornbuckle; T. T. Sasaki; G. S. Bigelow; R. D. Noebe; M. L. Weaver and G. B. Thompson,Materials Science and Engineering: A,Structure–property relationships in a precipitation strengthened Ni–29.7Ti–20Hf (at%) shape memory alloy,2015.0,50.0,29.7,1050.0,Ni50.0Ti29.7Hf20.3 %,20.3
B. C. Hornbuckle; T. T. Sasaki; G. S. Bigelow; R. D. Noebe; M. L. Weaver and G. B. Thompson,Materials Science and Engineering: A,Structure–property relationships in a precipitation strengthened Ni–29.7Ti–20Hf (at%) shape memory alloy,2015.0,50.0,29.7,1050.0,Ni50.0Ti29.7Hf20.3 %,20.3
B. C. Hornbuckle; T. T. Sasaki; G. S. Bigelow; R. D. Noebe; M. L. Weaver and G. B. Thompson,Materials Science and Engineering: A,Structure–property relationships in a precipitation strengthened Ni–29.7Ti–20Hf (at%) shape memory alloy,2015.0,50.0,29.7,1050.0,Ni50.0Ti29.7Hf20.3 %,20.3
B. C. Hornbuckle; T. T. Sasaki; G. S. Bigelow; R. D. Noebe; M. L. Weaver and G. B. Thompson,Materials Science and Engineering: A,Structure–property relationships in a precipitation strengthened Ni–29.7Ti–20Hf (at%) shape memory alloy,2015.0,50.0,29.7,1050.0,Ni50.0Ti29.7Hf20.3 %,20.3
B. C. Hornbuckle; T. T. Sasaki; G. S. Bigelow; R. D. Noebe; M. L. Weaver and G. B. Thompson,Materials Science and Engineering: A,Structure–property relationships in a precipitation strengthened Ni–29.7Ti–20Hf (at%) shape memory alloy,2015.0,50.0,29.7,1050.0,Ni50.0Ti29.7Hf20.3 %,20.3
B. C. Hornbuckle; T. T. Sasaki; G. S. Bigelow; R. D. Noebe; M. L. Weaver and G. B. Thompson,Materials Science and Engineering: A,Structure–property relationships in a precipitation strengthened Ni–29.7Ti–20Hf (at%) shape memory alloy,2015.0,50.0,29.7,1050.0,Ni50.0Ti29.7Hf20.3 %,20.3
B. C. Hornbuckle; T. T. Sasaki; G. S. Bigelow; R. D. Noebe; M. L. Weaver and G. B. Thompson,Materials Science and Engineering: A,Structure–property relationships in a precipitation strengthened Ni–29.7Ti–20Hf (at%) shape memory alloy,2015.0,50.0,29.7,1050.0,Ni50.0Ti29.7Hf20.3 %,20.3
B. C. Hornbuckle; T. T. Sasaki; G. S. Bigelow; R. D. Noebe; M. L. Weaver and G. B. Thompson,Materials Science and Engineering: A,Structure–property relationships in a precipitation strengthened Ni–29.7Ti–20Hf (at%) shape memory alloy,2015.0,50.0,29.7,1050.0,Ni50.0Ti29.7Hf20.3 %,20.3
B. C. Hornbuckle; T. T. Sasaki; G. S. Bigelow; R. D. Noebe; M. L. Weaver and G. B. Thompson,Materials Science and Engineering: A,Structure–property relationships in a precipitation strengthened Ni–29.7Ti–20Hf (at%) shape memory alloy,2015.0,50.0,29.7,1050.0,Ni50.0Ti29.7Hf20.3 %,20.3
B. C. Hornbuckle; T. T. Sasaki; G. S. Bigelow; R. D. Noebe; M. L. Weaver and G. B. Thompson,Materials Science and Engineering: A,Structure–property relationships in a precipitation strengthened Ni–29.7Ti–20Hf (at%) shape memory alloy,2015.0,50.0,29.7,1050.0,Ni50.0Ti29.7Hf20.3 %,20.3
B. C. Hornbuckle; T. T. Sasaki; G. S. Bigelow; R. D. Noebe; M. L. Weaver and G. B. Thompson,Materials Science and Engineering: A,Structure–property relationships in a precipitation strengthened Ni–29.7Ti–20Hf (at%) shape memory alloy,2015.0,50.0,29.7,1050.0,Ni50.0Ti29.7Hf20.3 %,20.3
B. C. Hornbuckle; T. T. Sasaki; G. S. Bigelow; R. D. Noebe; M. L. Weaver and G. B. Thompson,Materials Science and Engineering: A,Structure–property relationships in a precipitation strengthened Ni–29.7Ti–20Hf (at%) shape memory alloy,2015.0,50.0,29.7,1050.0,Ni50.0Ti29.7Hf20.3 %,20.3
B. C. Hornbuckle; T. T. Sasaki; G. S. Bigelow; R. D. Noebe; M. L. Weaver and G. B. Thompson,Materials Science and Engineering: A,Structure–property relationships in a precipitation strengthened Ni–29.7Ti–20Hf (at%) shape memory alloy,2015.0,50.0,29.7,1050.0,Ni50.0Ti29.7Hf20.3 %,20.3
B. C. Hornbuckle; T. T. Sasaki; G. S. Bigelow; R. D. Noebe; M. L. Weaver and G. B. Thompson,Materials Science and Engineering: A,Structure–property relationships in a precipitation strengthened Ni–29.7Ti–20Hf (at%) shape memory alloy,2015.0,50.0,29.7,1050.0,Ni50.0Ti29.7Hf20.3 %,20.3
B. C. Hornbuckle; T. T. Sasaki; G. S. Bigelow; R. D. Noebe; M. L. Weaver and G. B. Thompson,Materials Science and Engineering: A,Structure–property relationships in a precipitation strengthened Ni–29.7Ti–20Hf (at%) shape memory alloy,2015.0,50.0,29.7,1050.0,Ni50.0Ti29.7Hf20.3 %,20.3
B. C. Hornbuckle; T. T. Sasaki; G. S. Bigelow; R. D. Noebe; M. L. Weaver and G. B. Thompson,Materials Science and Engineering: A,Structure–property relationships in a precipitation strengthened Ni–29.7Ti–20Hf (at%) shape memory alloy,2015.0,50.0,29.7,1050.0,Ni50.0Ti29.7Hf20.3 %,20.3
B. C. Hornbuckle; T. T. Sasaki; G. S. Bigelow; R. D. Noebe; M. L. Weaver and G. B. Thompson,Materials Science and Engineering: A,Structure–property relationships in a precipitation strengthened Ni–29.7Ti–20Hf (at%) shape memory alloy,2015.0,50.0,29.7,1050.0,Ni50.0Ti29.7Hf20.3 %,20.3
B. C. Hornbuckle; T. T. Sasaki; G. S. Bigelow; R. D. Noebe; M. L. Weaver and G. B. Thompson,Materials Science and Engineering: A,Structure–property relationships in a precipitation strengthened Ni–29.7Ti–20Hf (at%) shape memory alloy,2015.0,50.0,29.7,1050.0,Ni50.0Ti29.7Hf20.3 %,20.3
B. C. Hornbuckle; T. T. Sasaki; G. S. Bigelow; R. D. Noebe; M. L. Weaver and G. B. Thompson,Materials Science and Engineering: A,Structure–property relationships in a precipitation strengthened Ni–29.7Ti–20Hf (at%) shape memory alloy,2015.0,50.0,29.7,1050.0,Ni50.0Ti29.7Hf20.3 %,20.3
B. C. Hornbuckle; T. T. Sasaki; G. S. Bigelow; R. D. Noebe; M. L. Weaver and G. B. Thompson,Materials Science and Engineering: A,Structure–property relationships in a precipitation strengthened Ni–29.7Ti–20Hf (at%) shape memory alloy,2015.0,50.0,29.7,1050.0,Ni50.0Ti29.7Hf20.3 %,20.3
B. C. Hornbuckle; T. T. Sasaki; G. S. Bigelow; R. D. Noebe; M. L. Weaver and G. B. Thompson,Materials Science and Engineering: A,Structure–property relationships in a precipitation strengthened Ni–29.7Ti–20Hf (at%) shape memory alloy,2015.0,50.0,29.7,1050.0,Ni50.0Ti29.7Hf20.3 %,20.3
B. C. Hornbuckle; T. T. Sasaki; G. S. Bigelow; R. D. Noebe; M. L. Weaver and G. B. Thompson,Materials Science and Engineering: A,Structure–property relationships in a precipitation strengthened Ni–29.7Ti–20Hf (at%) shape memory alloy,2015.0,50.0,29.7,1050.0,Ni50.0Ti29.7Hf20.3 %,20.3
B. C. Hornbuckle; T. T. Sasaki; G. S. Bigelow; R. D. Noebe; M. L. Weaver and G. B. Thompson,Materials Science and Engineering: A,Structure–property relationships in a precipitation strengthened Ni–29.7Ti–20Hf (at%) shape memory alloy,2015.0,50.0,29.7,1050.0,Ni50.0Ti29.7Hf20.3 %,20.3
B. C. Hornbuckle; T. T. Sasaki; G. S. Bigelow; R. D. Noebe; M. L. Weaver and G. B. Thompson,Materials Science and Engineering: A,Structure–property relationships in a precipitation strengthened Ni–29.7Ti–20Hf (at%) shape memory alloy,2015.0,50.0,29.7,1050.0,Ni50.0Ti29.7Hf20.3 %,20.3
B. C. Hornbuckle; T. T. Sasaki; G. S. Bigelow; R. D. Noebe; M. L. Weaver and G. B. Thompson,Materials Science and Engineering: A,Structure–property relationships in a precipitation strengthened Ni–29.7Ti–20Hf (at%) shape memory alloy,2015.0,50.0,29.7,1050.0,Ni50.0Ti29.7Hf20.3 %,20.3
B. C. Hornbuckle; T. T. Sasaki; G. S. Bigelow; R. D. Noebe; M. L. Weaver and G. B. Thompson,Materials Science and Engineering: A,Structure–property relationships in a precipitation strengthened Ni–29.7Ti–20Hf (at%) shape memory alloy,2015.0,50.0,29.7,1050.0,Ni50.0Ti29.7Hf20.3 %,20.3
B. C. Hornbuckle; T. T. Sasaki; G. S. Bigelow; R. D. Noebe; M. L. Weaver and G. B. Thompson,Materials Science and Engineering: A,Structure–property relationships in a precipitation strengthened Ni–29.7Ti–20Hf (at%) shape memory alloy,2015.0,50.0,29.7,1050.0,Ni50.0Ti29.7Hf20.3 %,20.3
B. C. Hornbuckle; T. T. Sasaki; G. S. Bigelow; R. D. Noebe; M. L. Weaver and G. B. Thompson,Materials Science and Engineering: A,Structure–property relationships in a precipitation strengthened Ni–29.7Ti–20Hf (at%) shape memory alloy,2015.0,50.0,29.7,1050.0,Ni50.0Ti29.7Hf20.3 %,20.3
B. C. Hornbuckle; T. T. Sasaki; G. S. Bigelow; R. D. Noebe; M. L. Weaver and G. B. Thompson,Materials Science and Engineering: A,Structure–property relationships in a precipitation strengthened Ni–29.7Ti–20Hf (at%) shape memory alloy,2015.0,50.0,29.7,1050.0,Ni50.0Ti29.7Hf20.3 %,20.3
B. C. Hornbuckle; T. T. Sasaki; G. S. Bigelow; R. D. Noebe; M. L. Weaver and G. B. Thompson,Materials Science and Engineering: A,Structure–property relationships in a precipitation strengthened Ni–29.7Ti–20Hf (at%) shape memory alloy,2015.0,50.0,29.7,1050.0,Ni50.0Ti29.7Hf20.3 %,20.3
B. C. Hornbuckle; T. T. Sasaki; G. S. Bigelow; R. D. Noebe; M. L. Weaver and G. B. Thompson,Materials Science and Engineering: A,Structure–property relationships in a precipitation strengthened Ni–29.7Ti–20Hf (at%) shape memory alloy,2015.0,50.0,29.7,1050.0,Ni50.0Ti29.7Hf20.3 %,20.3
B. C. Hornbuckle; T. T. Sasaki; G. S. Bigelow; R. D. Noebe; M. L. Weaver and G. B. Thompson,Materials Science and Engineering: A,Structure–property relationships in a precipitation strengthened Ni–29.7Ti–20Hf (at%) shape memory alloy,2015.0,50.0,29.7,1050.0,Ni50.0Ti29.7Hf20.3 %,20.3
B. C. Hornbuckle; T. T. Sasaki; G. S. Bigelow; R. D. Noebe; M. L. Weaver and G. B. Thompson,Materials Science and Engineering: A,Structure–property relationships in a precipitation strengthened Ni–29.7Ti–20Hf (at%) shape memory alloy,2015.0,50.0,29.7,1050.0,Ni50.0Ti29.7Hf20.3 %,20.3
B. C. Hornbuckle; T. T. Sasaki; G. S. Bigelow; R. D. Noebe; M. L. Weaver and G. B. Thompson,Materials Science and Engineering: A,Structure–property relationships in a precipitation strengthened Ni–29.7Ti–20Hf (at%) shape memory alloy,2015.0,50.0,29.7,1050.0,Ni50.0Ti29.7Hf20.3 %,20.3
B. C. Hornbuckle; T. T. Sasaki; G. S. Bigelow; R. D. Noebe; M. L. Weaver and G. B. Thompson,Materials Science and Engineering: A,Structure–property relationships in a precipitation strengthened Ni–29.7Ti–20Hf (at%) shape memory alloy,2015.0,50.0,29.7,1050.0,Ni50.0Ti29.7Hf20.3 %,20.3
B. C. Hornbuckle; T. T. Sasaki; G. S. Bigelow; R. D. Noebe; M. L. Weaver and G. B. Thompson,Materials Science and Engineering: A,Structure–property relationships in a precipitation strengthened Ni–29.7Ti–20Hf (at%) shape memory alloy,2015.0,50.0,29.7,1050.0,Ni50.0Ti29.7Hf20.3 %,20.3
B. C. Hornbuckle; T. T. Sasaki; G. S. Bigelow; R. D. Noebe; M. L. Weaver and G. B. Thompson,Materials Science and Engineering: A,Structure–property relationships in a precipitation strengthened Ni–29.7Ti–20Hf (at%) shape memory alloy,2015.0,50.0,29.7,1050.0,Ni50.0Ti29.7Hf20.3 %,20.3
B. C. Hornbuckle; T. T. Sasaki; G. S. Bigelow; R. D. Noebe; M. L. Weaver and G. B. Thompson,Materials Science and Engineering: A,Structure–property relationships in a precipitation strengthened Ni–29.7Ti–20Hf (at%) shape memory alloy,2015.0,50.0,29.7,1050.0,Ni50.0Ti29.7Hf20.3 %,20.3
M. Zarinejad; Y. Liu and T. J. White,Intermetallics,The crystal chemistry of martensite in NiTiHf shape memory alloys,2008.0,50.0,40.0,950.0,Ni50.0Ti40.0Hf10.0 %,10.0
M. Zarinejad; Y. Liu and T. J. White,Intermetallics,The crystal chemistry of martensite in NiTiHf shape memory alloys,2008.0,50.0,35.0,950.0,Ni50.0Ti35.0Hf15.0 %,15.0
D. H. D. Hsu; B. C. Hornbuckle; B. Valderrama; F. Barrie; H. B. Henderson; G. B. Thompson and M. V. Manuel,Journal of Alloys and Compounds,The effect of aluminum additions on the thermal; microstructural; and mechanical behavior of NiTiHf shape memory alloys,2015.0,50.0,30.0,600.0,Ni50.0Ti30.0Hf20.0 %,20.0
D. H. D. Hsu; B. C. Hornbuckle; B. Valderrama; F. Barrie; H. B. Henderson; G. B. Thompson and M. V. Manuel,Journal of Alloys and Compounds,The effect of aluminum additions on the thermal; microstructural; and mechanical behavior of NiTiHf shape memory alloys,2015.0,50.0,30.0,600.0,Ni50.0Ti30.0Hf20.0 %,20.0
D. H. D. Hsu; B. C. Hornbuckle; B. Valderrama; F. Barrie; H. B. Henderson; G. B. Thompson and M. V. Manuel,Journal of Alloys and Compounds,The effect of aluminum additions on the thermal; microstructural; and mechanical behavior of NiTiHf shape memory alloys,2015.0,50.0,30.0,600.0,Ni50.0Ti30.0Hf20.0 %,20.0
D. H. D. Hsu; B. C. Hornbuckle; B. Valderrama; F. Barrie; H. B. Henderson; G. B. Thompson and M. V. Manuel,Journal of Alloys and Compounds,The effect of aluminum additions on the thermal; microstructural; and mechanical behavior of NiTiHf shape memory alloys,2015.0,50.0,30.0,600.0,Ni50.0Ti30.0Hf20.0 %,20.0
D. H. D. Hsu; B. C. Hornbuckle; B. Valderrama; F. Barrie; H. B. Henderson; G. B. Thompson and M. V. Manuel,Journal of Alloys and Compounds,The effect of aluminum additions on the thermal; microstructural; and mechanical behavior of NiTiHf shape memory alloys,2015.0,50.0,30.0,600.0,Ni50.0Ti30.0Hf20.0 %,20.0
D. H. D. Hsu; B. C. Hornbuckle; B. Valderrama; F. Barrie; H. B. Henderson; G. B. Thompson and M. V. Manuel,Journal of Alloys and Compounds,The effect of aluminum additions on the thermal; microstructural; and mechanical behavior of NiTiHf shape memory alloys,2015.0,50.0,30.0,600.0,Ni50.0Ti30.0Hf20.0 %,20.0
D. H. D. Hsu; B. C. Hornbuckle; B. Valderrama; F. Barrie; H. B. Henderson; G. B. Thompson and M. V. Manuel,Journal of Alloys and Compounds,The effect of aluminum additions on the thermal; microstructural; and mechanical behavior of NiTiHf shape memory alloys,2015.0,50.0,30.0,600.0,Ni50.0Ti30.0Hf20.0 %,20.0
D. H. D. Hsu; B. C. Hornbuckle; B. Valderrama; F. Barrie; H. B. Henderson; G. B. Thompson and M. V. Manuel,Journal of Alloys and Compounds,The effect of aluminum additions on the thermal; microstructural; and mechanical behavior of NiTiHf shape memory alloys,2015.0,50.0,30.0,600.0,Ni50.0Ti30.0Hf20.0 %,20.0
D. H. D. Hsu; B. C. Hornbuckle; B. Valderrama; F. Barrie; H. B. Henderson; G. B. Thompson and M. V. Manuel,Journal of Alloys and Compounds,The effect of aluminum additions on the thermal; microstructural; and mechanical behavior of NiTiHf shape memory alloys,2015.0,50.0,30.0,600.0,Ni50.0Ti30.0Hf20.0 %,20.0
M. Zarinejad; Y. Liu and Y. Tong,Intermetallics,Transformation temperature changes due to second phase precipitation in NiTi-based shape memory alloys,2009.0,50.0,40.0,950.0,Ni50.0Ti40.0Hf10.0 %,10.0
M. Zarinejad; Y. Liu and Y. Tong,Intermetallics,Transformation temperature changes due to second phase precipitation in NiTi-based shape memory alloys,2009.0,50.0,40.0,950.0,Ni50.0Ti40.0Hf10.0 %,10.0
M. Zarinejad; Y. Liu and Y. Tong,Intermetallics,Transformation temperature changes due to second phase precipitation in NiTi-based shape memory alloys,2009.0,50.0,35.0,950.0,Ni50.0Ti35.0Hf15.0 %,15.0
M. Zarinejad; Y. Liu and Y. Tong,Intermetallics,Transformation temperature changes due to second phase precipitation in NiTi-based shape memory alloys,2009.0,50.0,35.0,950.0,Ni50.0Ti35.0Hf15.0 %,15.0
M. Zarinejad; Y. Liu and Y. Tong,Intermetallics,Transformation temperature changes due to second phase precipitation in NiTi-based shape memory alloys,2009.0,50.0,30.0,950.0,Ni50.0Ti30.0Hf20.0 %,20.0
M. Zarinejad; Y. Liu and Y. Tong,Intermetallics,Transformation temperature changes due to second phase precipitation in NiTi-based shape memory alloys,2009.0,50.0,30.0,950.0,Ni50.0Ti30.0Hf20.0 %,20.0
R. Santamarta; A. Evirgen; A. M. Perez-Sierra; J. Pons; E. Cesari; I. Karaman and R. D. Noebe,Shape Memory and Superelasticity,Effect of Thermal Treatments on Ni–Mn–Ga and Ni-Rich Ni–Ti–Hf/Zr High-Temperature Shape Memory Alloys,2015.0,50.1,24.9,550.0,Ni50.1Ti24.9Hf25.0 %,25.0
R. Santamarta; A. Evirgen; A. M. Perez-Sierra; J. Pons; E. Cesari; I. Karaman and R. D. Noebe,Shape Memory and Superelasticity,Effect of Thermal Treatments on Ni–Mn–Ga and Ni-Rich Ni–Ti–Hf/Zr High-Temperature Shape Memory Alloys,2015.0,50.1,24.9,550.0,Ni50.1Ti24.9Hf25.0 %,25.0
R. Santamarta; R. Arróyave; J. Pons; A. Evirgen; I. Karaman; H. Karaca and R. Noebe,Acta Materialia,TEM study of structural and microstructural characteristics of a precipitate phase in Ni-rich Ni–Ti–Hf and Ni–Ti–Zr shape memory alloys,2013.0,50.1,24.9,900.0,Ni50.1Ti24.9Hf25.0 %,25.0
A. I. Tagiltsev; N. Y. Surikov; E. Y. Panchenko; Y. I. Chumlyakov and I. Karaman,Russian Physics Journal,Special Features of Functional Properties of Heterophase High-Strength Ni50.2Ti37.3Hf12.5 Polycrystals and Single Crystals,2019.0,50.2,37.3,127.0,Ni50.2Ti37.3Hf12.5 %,12.5
A. I. Tagiltsev; N. Y. Surikov; E. Y. Panchenko; Y. I. Chumlyakov and I. Karaman,Russian Physics Journal,Special Features of Functional Properties of Heterophase High-Strength Ni50.2Ti37.3Hf12.5 Polycrystals and Single Crystals,2019.0,50.2,37.3,127.0,Ni50.2Ti37.3Hf12.5 %,12.5
A. I. Tagiltsev; N. Y. Surikov; E. Y. Panchenko; Y. I. Chumlyakov and I. Karaman,Russian Physics Journal,Special Features of Functional Properties of Heterophase High-Strength Ni50.2Ti37.3Hf12.5 Polycrystals and Single Crystals,2019.0,50.2,37.3,127.0,Ni50.2Ti37.3Hf12.5 %,12.5
A. I. Tagiltsev; N. Y. Surikov; E. Y. Panchenko; Y. I. Chumlyakov and I. Karaman,Russian Physics Journal,Special Features of Functional Properties of Heterophase High-Strength Ni50.2Ti37.3Hf12.5 Polycrystals and Single Crystals,2019.0,50.2,37.3,127.0,Ni50.2Ti37.3Hf12.5 %,12.5
D. N. Abujudom; M. Y. Kao; P. E. Thoma and D. R. Angst,US5114504,High transformation temperature shape memory alloy,1992.0,50.25,39.75,600.0,Ni50.25Ti39.75Hf10.0 %,10.0
D. N. Abujudom; M. Y. Kao; P. E. Thoma and D. R. Angst,US5114504,High transformation temperature shape memory alloy,1992.0,50.25,37.25,600.0,Ni50.25Ti37.25Hf12.5 %,12.5
D. N. Abujudom; M. Y. Kao; P. E. Thoma and D. R. Angst,US5114504,High transformation temperature shape memory alloy,1992.0,50.25,34.75,600.0,Ni50.25Ti34.75Hf15.0 %,15.0
R. W. Wheeler III,Aerospace Engineering,Actuation Fatigue Characterization Methods and Lifetime Predictions of Shape Memory Alloy Actuators,2017.0,50.3,29.7,550.0,Ni50.3Ti29.7Hf20.0 %,20.0
R. W. Wheeler III,Aerospace Engineering,Actuation Fatigue Characterization Methods and Lifetime Predictions of Shape Memory Alloy Actuators,2017.0,50.3,29.7,550.0,Ni50.3Ti29.7Hf20.0 %,20.0
R. W. Wheeler III,Aerospace Engineering,Actuation Fatigue Characterization Methods and Lifetime Predictions of Shape Memory Alloy Actuators,2017.0,50.3,29.7,550.0,Ni50.3Ti29.7Hf20.0 %,20.0
R. W. Wheeler III,Aerospace Engineering,Actuation Fatigue Characterization Methods and Lifetime Predictions of Shape Memory Alloy Actuators,2017.0,50.3,29.7,550.0,Ni50.3Ti29.7Hf20.0 %,20.0
R. W. Wheeler III,Aerospace Engineering,Actuation Fatigue Characterization Methods and Lifetime Predictions of Shape Memory Alloy Actuators,2017.0,50.3,29.7,550.0,Ni50.3Ti29.7Hf20.0 %,20.0
R. W. Wheeler III,Aerospace Engineering,Actuation Fatigue Characterization Methods and Lifetime Predictions of Shape Memory Alloy Actuators,2017.0,50.3,29.7,550.0,Ni50.3Ti29.7Hf20.0 %,20.0
R. W. Wheeler III,Aerospace Engineering,Actuation Fatigue Characterization Methods and Lifetime Predictions of Shape Memory Alloy Actuators,2017.0,50.3,29.7,550.0,Ni50.3Ti29.7Hf20.0 %,20.0
R. W. Wheeler III,Aerospace Engineering,Actuation Fatigue Characterization Methods and Lifetime Predictions of Shape Memory Alloy Actuators,2017.0,50.3,29.7,550.0,Ni50.3Ti29.7Hf20.0 %,20.0
R. W. Wheeler III,Aerospace Engineering,Actuation Fatigue Characterization Methods and Lifetime Predictions of Shape Memory Alloy Actuators,2017.0,50.3,29.7,550.0,Ni50.3Ti29.7Hf20.0 %,20.0
R. W. Wheeler III,Aerospace Engineering,Actuation Fatigue Characterization Methods and Lifetime Predictions of Shape Memory Alloy Actuators,2017.0,50.3,29.7,550.0,Ni50.3Ti29.7Hf20.0 %,20.0
R. W. Wheeler III,Aerospace Engineering,Actuation Fatigue Characterization Methods and Lifetime Predictions of Shape Memory Alloy Actuators,2017.0,50.3,29.7,550.0,Ni50.3Ti29.7Hf20.0 %,20.0
R. W. Wheeler III,Aerospace Engineering,Actuation Fatigue Characterization Methods and Lifetime Predictions of Shape Memory Alloy Actuators,2017.0,50.3,29.7,550.0,Ni50.3Ti29.7Hf20.0 %,20.0
R. W. Wheeler III,Aerospace Engineering,Actuation Fatigue Characterization Methods and Lifetime Predictions of Shape Memory Alloy Actuators,2017.0,50.3,29.7,550.0,Ni50.3Ti29.7Hf20.0 %,20.0
R. W. Wheeler III,Aerospace Engineering,Actuation Fatigue Characterization Methods and Lifetime Predictions of Shape Memory Alloy Actuators,2017.0,50.3,29.7,550.0,Ni50.3Ti29.7Hf20.0 %,20.0
R. W. Wheeler III,Aerospace Engineering,Actuation Fatigue Characterization Methods and Lifetime Predictions of Shape Memory Alloy Actuators,2017.0,50.3,29.7,550.0,Ni50.3Ti29.7Hf20.0 %,20.0
R. W. Wheeler III,Aerospace Engineering,Actuation Fatigue Characterization Methods and Lifetime Predictions of Shape Memory Alloy Actuators,2017.0,50.3,29.7,550.0,Ni50.3Ti29.7Hf20.0 %,20.0
R. W. Wheeler III,Aerospace Engineering,Actuation Fatigue Characterization Methods and Lifetime Predictions of Shape Memory Alloy Actuators,2017.0,50.3,29.7,550.0,Ni50.3Ti29.7Hf20.0 %,20.0
R. W. Wheeler III,Aerospace Engineering,Actuation Fatigue Characterization Methods and Lifetime Predictions of Shape Memory Alloy Actuators,2017.0,50.3,29.7,550.0,Ni50.3Ti29.7Hf20.0 %,20.0
R. W. Wheeler III,Aerospace Engineering,Actuation Fatigue Characterization Methods and Lifetime Predictions of Shape Memory Alloy Actuators,2017.0,50.3,29.7,550.0,Ni50.3Ti29.7Hf20.0 %,20.0
R. W. Wheeler III,Aerospace Engineering,Actuation Fatigue Characterization Methods and Lifetime Predictions of Shape Memory Alloy Actuators,2017.0,50.3,29.7,550.0,Ni50.3Ti29.7Hf20.0 %,20.0
R. W. Wheeler III,Aerospace Engineering,Actuation Fatigue Characterization Methods and Lifetime Predictions of Shape Memory Alloy Actuators,2017.0,50.3,29.7,550.0,Ni50.3Ti29.7Hf20.0 %,20.0
R. W. Wheeler III,Aerospace Engineering,Actuation Fatigue Characterization Methods and Lifetime Predictions of Shape Memory Alloy Actuators,2017.0,50.3,29.7,550.0,Ni50.3Ti29.7Hf20.0 %,20.0
R. W. Wheeler III,Aerospace Engineering,Actuation Fatigue Characterization Methods and Lifetime Predictions of Shape Memory Alloy Actuators,2017.0,50.3,29.7,550.0,Ni50.3Ti29.7Hf20.0 %,20.0
R. W. Wheeler III,Aerospace Engineering,Actuation Fatigue Characterization Methods and Lifetime Predictions of Shape Memory Alloy Actuators,2017.0,50.3,29.7,550.0,Ni50.3Ti29.7Hf20.0 %,20.0
R. W. Wheeler III,Aerospace Engineering,Actuation Fatigue Characterization Methods and Lifetime Predictions of Shape Memory Alloy Actuators,2017.0,50.3,29.7,550.0,Ni50.3Ti29.7Hf20.0 %,20.0
R. W. Wheeler III,Aerospace Engineering,Actuation Fatigue Characterization Methods and Lifetime Predictions of Shape Memory Alloy Actuators,2017.0,50.3,29.7,550.0,Ni50.3Ti29.7Hf20.0 %,20.0
R. W. Wheeler III,Aerospace Engineering,Actuation Fatigue Characterization Methods and Lifetime Predictions of Shape Memory Alloy Actuators,2017.0,50.3,29.7,550.0,Ni50.3Ti29.7Hf20.0 %,20.0
R. W. Wheeler III,Aerospace Engineering,Actuation Fatigue Characterization Methods and Lifetime Predictions of Shape Memory Alloy Actuators,2017.0,50.3,29.7,550.0,Ni50.3Ti29.7Hf20.0 %,20.0
R. W. Wheeler III,Aerospace Engineering,Actuation Fatigue Characterization Methods and Lifetime Predictions of Shape Memory Alloy Actuators,2017.0,50.3,29.7,550.0,Ni50.3Ti29.7Hf20.0 %,20.0
R. W. Wheeler III,Aerospace Engineering,Actuation Fatigue Characterization Methods and Lifetime Predictions of Shape Memory Alloy Actuators,2017.0,50.3,29.7,550.0,Ni50.3Ti29.7Hf20.0 %,20.0
R. W. Wheeler III,Aerospace Engineering,Actuation Fatigue Characterization Methods and Lifetime Predictions of Shape Memory Alloy Actuators,2017.0,50.3,29.7,550.0,Ni50.3Ti29.7Hf20.0 %,20.0
R. W. Wheeler III,Aerospace Engineering,Actuation Fatigue Characterization Methods and Lifetime Predictions of Shape Memory Alloy Actuators,2017.0,50.3,29.7,550.0,Ni50.3Ti29.7Hf20.0 %,20.0
R. W. Wheeler III,Aerospace Engineering,Actuation Fatigue Characterization Methods and Lifetime Predictions of Shape Memory Alloy Actuators,2017.0,50.3,29.7,550.0,Ni50.3Ti29.7Hf20.0 %,20.0
R. W. Wheeler III,Aerospace Engineering,Actuation Fatigue Characterization Methods and Lifetime Predictions of Shape Memory Alloy Actuators,2017.0,50.3,29.7,550.0,Ni50.3Ti29.7Hf20.0 %,20.0
R. W. Wheeler III,Aerospace Engineering,Actuation Fatigue Characterization Methods and Lifetime Predictions of Shape Memory Alloy Actuators,2017.0,50.3,29.7,550.0,Ni50.3Ti29.7Hf20.0 %,20.0
R. W. Wheeler III,Aerospace Engineering,Actuation Fatigue Characterization Methods and Lifetime Predictions of Shape Memory Alloy Actuators,2017.0,50.3,29.7,550.0,Ni50.3Ti29.7Hf20.0 %,20.0
R. W. Wheeler III,Aerospace Engineering,Actuation Fatigue Characterization Methods and Lifetime Predictions of Shape Memory Alloy Actuators,2017.0,50.3,29.7,550.0,Ni50.3Ti29.7Hf20.0 %,20.0
R. W. Wheeler III,Aerospace Engineering,Actuation Fatigue Characterization Methods and Lifetime Predictions of Shape Memory Alloy Actuators,2017.0,50.3,29.7,550.0,Ni50.3Ti29.7Hf20.0 %,20.0
R. W. Wheeler III,Aerospace Engineering,Actuation Fatigue Characterization Methods and Lifetime Predictions of Shape Memory Alloy Actuators,2017.0,50.3,29.7,550.0,Ni50.3Ti29.7Hf20.0 %,20.0
R. W. Wheeler III,Aerospace Engineering,Actuation Fatigue Characterization Methods and Lifetime Predictions of Shape Memory Alloy Actuators,2017.0,50.3,29.7,550.0,Ni50.3Ti29.7Hf20.0 %,20.0
R. W. Wheeler III,Aerospace Engineering,Actuation Fatigue Characterization Methods and Lifetime Predictions of Shape Memory Alloy Actuators,2017.0,50.3,29.7,550.0,Ni50.3Ti29.7Hf20.0 %,20.0
R. W. Wheeler III,Aerospace Engineering,Actuation Fatigue Characterization Methods and Lifetime Predictions of Shape Memory Alloy Actuators,2017.0,50.3,29.7,550.0,Ni50.3Ti29.7Hf20.0 %,20.0
R. W. Wheeler III,Aerospace Engineering,Actuation Fatigue Characterization Methods and Lifetime Predictions of Shape Memory Alloy Actuators,2017.0,50.3,29.7,550.0,Ni50.3Ti29.7Hf20.0 %,20.0
R. W. Wheeler III,Aerospace Engineering,Actuation Fatigue Characterization Methods and Lifetime Predictions of Shape Memory Alloy Actuators,2017.0,50.3,29.7,550.0,Ni50.3Ti29.7Hf20.0 %,20.0
R. W. Wheeler III,Aerospace Engineering,Actuation Fatigue Characterization Methods and Lifetime Predictions of Shape Memory Alloy Actuators,2017.0,50.3,29.7,550.0,Ni50.3Ti29.7Hf20.0 %,20.0
R. W. Wheeler III,Aerospace Engineering,Actuation Fatigue Characterization Methods and Lifetime Predictions of Shape Memory Alloy Actuators,2017.0,50.3,29.7,550.0,Ni50.3Ti29.7Hf20.0 %,20.0
R. W. Wheeler III,Aerospace Engineering,Actuation Fatigue Characterization Methods and Lifetime Predictions of Shape Memory Alloy Actuators,2017.0,50.3,29.7,550.0,Ni50.3Ti29.7Hf20.0 %,20.0
R. W. Wheeler III,Aerospace Engineering,Actuation Fatigue Characterization Methods and Lifetime Predictions of Shape Memory Alloy Actuators,2017.0,50.3,29.7,550.0,Ni50.3Ti29.7Hf20.0 %,20.0
R. W. Wheeler III,Aerospace Engineering,Actuation Fatigue Characterization Methods and Lifetime Predictions of Shape Memory Alloy Actuators,2017.0,50.3,29.7,550.0,Ni50.3Ti29.7Hf20.0 %,20.0
R. W. Wheeler III,Aerospace Engineering,Actuation Fatigue Characterization Methods and Lifetime Predictions of Shape Memory Alloy Actuators,2017.0,50.3,29.7,550.0,Ni50.3Ti29.7Hf20.0 %,20.0
R. W. Wheeler III,Aerospace Engineering,Actuation Fatigue Characterization Methods and Lifetime Predictions of Shape Memory Alloy Actuators,2017.0,50.3,29.7,550.0,Ni50.3Ti29.7Hf20.0 %,20.0
R. W. Wheeler III,Aerospace Engineering,Actuation Fatigue Characterization Methods and Lifetime Predictions of Shape Memory Alloy Actuators,2017.0,50.3,29.7,550.0,Ni50.3Ti29.7Hf20.0 %,20.0
R. W. Wheeler III,Aerospace Engineering,Actuation Fatigue Characterization Methods and Lifetime Predictions of Shape Memory Alloy Actuators,2017.0,50.3,29.7,550.0,Ni50.3Ti29.7Hf20.0 %,20.0
R. W. Wheeler III,Aerospace Engineering,Actuation Fatigue Characterization Methods and Lifetime Predictions of Shape Memory Alloy Actuators,2017.0,50.3,29.7,550.0,Ni50.3Ti29.7Hf20.0 %,20.0
R. W. Wheeler III,Aerospace Engineering,Actuation Fatigue Characterization Methods and Lifetime Predictions of Shape Memory Alloy Actuators,2017.0,50.3,29.7,550.0,Ni50.3Ti29.7Hf20.0 %,20.0
R. W. Wheeler III,Aerospace Engineering,Actuation Fatigue Characterization Methods and Lifetime Predictions of Shape Memory Alloy Actuators,2017.0,50.3,29.7,550.0,Ni50.3Ti29.7Hf20.0 %,20.0
R. W. Wheeler III,Aerospace Engineering,Actuation Fatigue Characterization Methods and Lifetime Predictions of Shape Memory Alloy Actuators,2017.0,50.3,29.7,550.0,Ni50.3Ti29.7Hf20.0 %,20.0
R. W. Wheeler III,Aerospace Engineering,Actuation Fatigue Characterization Methods and Lifetime Predictions of Shape Memory Alloy Actuators,2017.0,50.3,29.7,550.0,Ni50.3Ti29.7Hf20.0 %,20.0
R. W. Wheeler III,Aerospace Engineering,Actuation Fatigue Characterization Methods and Lifetime Predictions of Shape Memory Alloy Actuators,2017.0,50.3,29.7,550.0,Ni50.3Ti29.7Hf20.0 %,20.0
R. W. Wheeler III,Aerospace Engineering,Actuation Fatigue Characterization Methods and Lifetime Predictions of Shape Memory Alloy Actuators,2017.0,50.3,29.7,550.0,Ni50.3Ti29.7Hf20.0 %,20.0
R. W. Wheeler III,Aerospace Engineering,Actuation Fatigue Characterization Methods and Lifetime Predictions of Shape Memory Alloy Actuators,2017.0,50.3,29.7,550.0,Ni50.3Ti29.7Hf20.0 %,20.0
M. Moshref-Javadi; S. H. Seyedein; M. T. Salehi and M. R. Aboutalebi,Acta Materialia,Age-induced multi-stage transformation in a Ni-rich NiTiHf alloy,2013.0,50.3,34.7,1000.0,Ni50.3Ti34.7Hf15.0 %,15.0
M. Moshref-Javadi; S. H. Seyedein; M. T. Salehi and M. R. Aboutalebi,Acta Materialia,Age-induced multi-stage transformation in a Ni-rich NiTiHf alloy,2013.0,50.3,34.7,1000.0,Ni50.3Ti34.7Hf15.0 %,15.0
M. Moshref-Javadi; S. H. Seyedein; M. T. Salehi and M. R. Aboutalebi,Acta Materialia,Age-induced multi-stage transformation in a Ni-rich NiTiHf alloy,2013.0,50.3,34.7,1000.0,Ni50.3Ti34.7Hf15.0 %,15.0
M. Moshref-Javadi; S. H. Seyedein; M. T. Salehi and M. R. Aboutalebi,Acta Materialia,Age-induced multi-stage transformation in a Ni-rich NiTiHf alloy,2013.0,50.3,34.7,1000.0,Ni50.3Ti34.7Hf15.0 %,15.0
M. Moshref-Javadi; S. H. Seyedein; M. T. Salehi and M. R. Aboutalebi,Acta Materialia,Age-induced multi-stage transformation in a Ni-rich NiTiHf alloy,2013.0,50.3,34.7,1000.0,Ni50.3Ti34.7Hf15.0 %,15.0
M. Moshref-Javadi; S. H. Seyedein; M. T. Salehi and M. R. Aboutalebi,Acta Materialia,Age-induced multi-stage transformation in a Ni-rich NiTiHf alloy,2013.0,50.3,34.7,1000.0,Ni50.3Ti34.7Hf15.0 %,15.0
M. Moshref-Javadi; S. H. Seyedein; M. T. Salehi and M. R. Aboutalebi,Acta Materialia,Age-induced multi-stage transformation in a Ni-rich NiTiHf alloy,2013.0,50.3,34.7,1000.0,Ni50.3Ti34.7Hf15.0 %,15.0
M. Moshref-Javadi; S. H. Seyedein; M. T. Salehi and M. R. Aboutalebi,Acta Materialia,Age-induced multi-stage transformation in a Ni-rich NiTiHf alloy,2013.0,50.3,34.7,1000.0,Ni50.3Ti34.7Hf15.0 %,15.0
M. Moshref-Javadi; S. H. Seyedein; M. T. Salehi and M. R. Aboutalebi,Acta Materialia,Age-induced multi-stage transformation in a Ni-rich NiTiHf alloy,2013.0,50.3,34.7,1000.0,Ni50.3Ti34.7Hf15.0 %,15.0
M. Moshref-Javadi; S. H. Seyedein; M. T. Salehi and M. R. Aboutalebi,Acta Materialia,Age-induced multi-stage transformation in a Ni-rich NiTiHf alloy,2013.0,50.3,34.7,1000.0,Ni50.3Ti34.7Hf15.0 %,15.0
M. Moshref-Javadi; S. H. Seyedein; M. T. Salehi and M. R. Aboutalebi,Acta Materialia,Age-induced multi-stage transformation in a Ni-rich NiTiHf alloy,2013.0,50.3,34.7,1000.0,Ni50.3Ti34.7Hf15.0 %,15.0
M. Moshref-Javadi; S. H. Seyedein; M. T. Salehi and M. R. Aboutalebi,Acta Materialia,Age-induced multi-stage transformation in a Ni-rich NiTiHf alloy,2013.0,50.3,34.7,1000.0,Ni50.3Ti34.7Hf15.0 %,15.0
M. Moshref-Javadi; S. H. Seyedein; M. T. Salehi and M. R. Aboutalebi,Acta Materialia,Age-induced multi-stage transformation in a Ni-rich NiTiHf alloy,2013.0,50.3,34.7,1000.0,Ni50.3Ti34.7Hf15.0 %,15.0
M. Moshref-Javadi; S. H. Seyedein; M. T. Salehi and M. R. Aboutalebi,Acta Materialia,Age-induced multi-stage transformation in a Ni-rich NiTiHf alloy,2013.0,50.3,34.7,1000.0,Ni50.3Ti34.7Hf15.0 %,15.0
M. Moshref-Javadi; S. H. Seyedein; M. T. Salehi and M. R. Aboutalebi,Acta Materialia,Age-induced multi-stage transformation in a Ni-rich NiTiHf alloy,2013.0,50.3,34.7,1000.0,Ni50.3Ti34.7Hf15.0 %,15.0
M. Moshref-Javadi; S. H. Seyedein; M. T. Salehi and M. R. Aboutalebi,Acta Materialia,Age-induced multi-stage transformation in a Ni-rich NiTiHf alloy,2013.0,50.3,34.7,1000.0,Ni50.3Ti34.7Hf15.0 %,15.0
M. Moshref-Javadi; S. H. Seyedein; M. T. Salehi and M. R. Aboutalebi,Acta Materialia,Age-induced multi-stage transformation in a Ni-rich NiTiHf alloy,2013.0,50.3,34.7,1000.0,Ni50.3Ti34.7Hf15.0 %,15.0
M. Moshref-Javadi; S. H. Seyedein; M. T. Salehi and M. R. Aboutalebi,Acta Materialia,Age-induced multi-stage transformation in a Ni-rich NiTiHf alloy,2013.0,50.3,34.7,1000.0,Ni50.3Ti34.7Hf15.0 %,15.0
M. Moshref-Javadi; S. H. Seyedein; M. T. Salehi and M. R. Aboutalebi,Acta Materialia,Age-induced multi-stage transformation in a Ni-rich NiTiHf alloy,2013.0,50.3,34.7,1000.0,Ni50.3Ti34.7Hf15.0 %,15.0
M. Moshref-Javadi; S. H. Seyedein; M. T. Salehi and M. R. Aboutalebi,Acta Materialia,Age-induced multi-stage transformation in a Ni-rich NiTiHf alloy,2013.0,50.3,34.7,1000.0,Ni50.3Ti34.7Hf15.0 %,15.0
M. Moshref-Javadi; S. H. Seyedein; M. T. Salehi and M. R. Aboutalebi,Acta Materialia,Age-induced multi-stage transformation in a Ni-rich NiTiHf alloy,2013.0,50.3,34.7,1000.0,Ni50.3Ti34.7Hf15.0 %,15.0
M. Moshref-Javadi; S. H. Seyedein; M. T. Salehi and M. R. Aboutalebi,Acta Materialia,Age-induced multi-stage transformation in a Ni-rich NiTiHf alloy,2013.0,50.3,34.7,1000.0,Ni50.3Ti34.7Hf15.0 %,15.0
M. Moshref-Javadi; S. H. Seyedein; M. T. Salehi and M. R. Aboutalebi,Acta Materialia,Age-induced multi-stage transformation in a Ni-rich NiTiHf alloy,2013.0,50.3,34.7,1000.0,Ni50.3Ti34.7Hf15.0 %,15.0
M. Moshref-Javadi; S. H. Seyedein; M. T. Salehi and M. R. Aboutalebi,Acta Materialia,Age-induced multi-stage transformation in a Ni-rich NiTiHf alloy,2013.0,50.3,34.7,1000.0,Ni50.3Ti34.7Hf15.0 %,15.0
M. Moshref-Javadi; S. H. Seyedein; M. T. Salehi and M. R. Aboutalebi,Acta Materialia,Age-induced multi-stage transformation in a Ni-rich NiTiHf alloy,2013.0,50.3,34.7,1000.0,Ni50.3Ti34.7Hf15.0 %,15.0
M. Moshref-Javadi; S. H. Seyedein; M. T. Salehi and M. R. Aboutalebi,Acta Materialia,Age-induced multi-stage transformation in a Ni-rich NiTiHf alloy,2013.0,50.3,34.7,1000.0,Ni50.3Ti34.7Hf15.0 %,15.0
M. Moshref-Javadi; S. H. Seyedein; M. T. Salehi and M. R. Aboutalebi,Acta Materialia,Age-induced multi-stage transformation in a Ni-rich NiTiHf alloy,2013.0,50.3,34.7,1000.0,Ni50.3Ti34.7Hf15.0 %,15.0
M. Moshref-Javadi; S. H. Seyedein; M. T. Salehi and M. R. Aboutalebi,Acta Materialia,Age-induced multi-stage transformation in a Ni-rich NiTiHf alloy,2013.0,50.3,34.7,1000.0,Ni50.3Ti34.7Hf15.0 %,15.0
M. Moshref-Javadi; S. H. Seyedein; M. T. Salehi and M. R. Aboutalebi,Acta Materialia,Age-induced multi-stage transformation in a Ni-rich NiTiHf alloy,2013.0,50.3,34.7,1000.0,Ni50.3Ti34.7Hf15.0 %,15.0
M. Moshref-Javadi; S. H. Seyedein; M. T. Salehi and M. R. Aboutalebi,Acta Materialia,Age-induced multi-stage transformation in a Ni-rich NiTiHf alloy,2013.0,50.3,34.7,1000.0,Ni50.3Ti34.7Hf15.0 %,15.0
M. Moshref-Javadi; S. H. Seyedein; M. T. Salehi and M. R. Aboutalebi,Acta Materialia,Age-induced multi-stage transformation in a Ni-rich NiTiHf alloy,2013.0,50.3,34.7,1000.0,Ni50.3Ti34.7Hf15.0 %,15.0
M. Moshref-Javadi; S. H. Seyedein; M. T. Salehi and M. R. Aboutalebi,Acta Materialia,Age-induced multi-stage transformation in a Ni-rich NiTiHf alloy,2013.0,50.3,34.7,1000.0,Ni50.3Ti34.7Hf15.0 %,15.0
M. Moshref-Javadi; S. H. Seyedein; M. T. Salehi and M. R. Aboutalebi,Acta Materialia,Age-induced multi-stage transformation in a Ni-rich NiTiHf alloy,2013.0,50.3,34.7,1000.0,Ni50.3Ti34.7Hf15.0 %,15.0
M. Moshref-Javadi; S. H. Seyedein; M. T. Salehi and M. R. Aboutalebi,Acta Materialia,Age-induced multi-stage transformation in a Ni-rich NiTiHf alloy,2013.0,50.3,34.7,1000.0,Ni50.3Ti34.7Hf15.0 %,15.0
M. Moshref-Javadi; S. H. Seyedein; M. T. Salehi and M. R. Aboutalebi,Acta Materialia,Age-induced multi-stage transformation in a Ni-rich NiTiHf alloy,2013.0,50.3,34.7,1000.0,Ni50.3Ti34.7Hf15.0 %,15.0
M. Moshref-Javadi; S. H. Seyedein; M. T. Salehi and M. R. Aboutalebi,Acta Materialia,Age-induced multi-stage transformation in a Ni-rich NiTiHf alloy,2013.0,50.3,34.7,1000.0,Ni50.3Ti34.7Hf15.0 %,15.0
M. Moshref-Javadi; S. H. Seyedein; M. T. Salehi and M. R. Aboutalebi,Acta Materialia,Age-induced multi-stage transformation in a Ni-rich NiTiHf alloy,2013.0,50.3,34.7,1000.0,Ni50.3Ti34.7Hf15.0 %,15.0
M. Moshref-Javadi; S. H. Seyedein; M. T. Salehi and M. R. Aboutalebi,Acta Materialia,Age-induced multi-stage transformation in a Ni-rich NiTiHf alloy,2013.0,50.3,34.7,1000.0,Ni50.3Ti34.7Hf15.0 %,15.0
M. Moshref-Javadi; S. H. Seyedein; M. T. Salehi and M. R. Aboutalebi,Acta Materialia,Age-induced multi-stage transformation in a Ni-rich NiTiHf alloy,2013.0,50.3,34.7,1000.0,Ni50.3Ti34.7Hf15.0 %,15.0
M. Moshref-Javadi; S. H. Seyedein; M. T. Salehi and M. R. Aboutalebi,Acta Materialia,Age-induced multi-stage transformation in a Ni-rich NiTiHf alloy,2013.0,50.3,34.7,1000.0,Ni50.3Ti34.7Hf15.0 %,15.0
M. Moshref-Javadi; S. H. Seyedein; M. T. Salehi and M. R. Aboutalebi,Acta Materialia,Age-induced multi-stage transformation in a Ni-rich NiTiHf alloy,2013.0,50.3,34.7,1000.0,Ni50.3Ti34.7Hf15.0 %,15.0
M. Moshref-Javadi; S. H. Seyedein; M. T. Salehi and M. R. Aboutalebi,Acta Materialia,Age-induced multi-stage transformation in a Ni-rich NiTiHf alloy,2013.0,50.3,34.7,1000.0,Ni50.3Ti34.7Hf15.0 %,15.0
M. Moshref-Javadi; S. H. Seyedein; M. T. Salehi and M. R. Aboutalebi,Acta Materialia,Age-induced multi-stage transformation in a Ni-rich NiTiHf alloy,2013.0,50.3,34.7,1000.0,Ni50.3Ti34.7Hf15.0 %,15.0
M. Moshref-Javadi; S. H. Seyedein; M. T. Salehi and M. R. Aboutalebi,Acta Materialia,Age-induced multi-stage transformation in a Ni-rich NiTiHf alloy,2013.0,50.3,34.7,1000.0,Ni50.3Ti34.7Hf15.0 %,15.0
M. Moshref-Javadi; S. H. Seyedein; M. T. Salehi and M. R. Aboutalebi,Acta Materialia,Age-induced multi-stage transformation in a Ni-rich NiTiHf alloy,2013.0,50.3,34.7,1000.0,Ni50.3Ti34.7Hf15.0 %,15.0
G. S. Ded,Mechanical Engineering,Characterization of Ni-rich NiTiHf based high temperature shape memory alloys,2010.0,50.3,29.7,1000.0,Ni50.3Ti29.7Hf20.0 %,20.0
G. S. Ded,Mechanical Engineering,Characterization of Ni-rich NiTiHf based high temperature shape memory alloys,2010.0,50.3,29.7,1200.0,Ni50.3Ti29.7Hf20.0 %,20.0
G. S. Ded,Mechanical Engineering,Characterization of Ni-rich NiTiHf based high temperature shape memory alloys,2010.0,50.3,29.7,300.0,Ni50.3Ti29.7Hf20.0 %,20.0
G. S. Ded,Mechanical Engineering,Characterization of Ni-rich NiTiHf based high temperature shape memory alloys,2010.0,50.3,29.7,300.0,Ni50.3Ti29.7Hf20.0 %,20.0
G. S. Ded,Mechanical Engineering,Characterization of Ni-rich NiTiHf based high temperature shape memory alloys,2010.0,50.3,29.7,300.0,Ni50.3Ti29.7Hf20.0 %,20.0
G. S. Ded,Mechanical Engineering,Characterization of Ni-rich NiTiHf based high temperature shape memory alloys,2010.0,50.3,29.7,300.0,Ni50.3Ti29.7Hf20.0 %,20.0
G. S. Ded,Mechanical Engineering,Characterization of Ni-rich NiTiHf based high temperature shape memory alloys,2010.0,50.3,29.7,300.0,Ni50.3Ti29.7Hf20.0 %,20.0
G. S. Ded,Mechanical Engineering,Characterization of Ni-rich NiTiHf based high temperature shape memory alloys,2010.0,50.3,29.7,300.0,Ni50.3Ti29.7Hf20.0 %,20.0
G. S. Ded,Mechanical Engineering,Characterization of Ni-rich NiTiHf based high temperature shape memory alloys,2010.0,50.3,29.7,350.0,Ni50.3Ti29.7Hf20.0 %,20.0
G. S. Ded,Mechanical Engineering,Characterization of Ni-rich NiTiHf based high temperature shape memory alloys,2010.0,50.3,29.7,350.0,Ni50.3Ti29.7Hf20.0 %,20.0
G. S. Ded,Mechanical Engineering,Characterization of Ni-rich NiTiHf based high temperature shape memory alloys,2010.0,50.3,29.7,350.0,Ni50.3Ti29.7Hf20.0 %,20.0
G. S. Ded,Mechanical Engineering,Characterization of Ni-rich NiTiHf based high temperature shape memory alloys,2010.0,50.3,29.7,350.0,Ni50.3Ti29.7Hf20.0 %,20.0
G. S. Ded,Mechanical Engineering,Characterization of Ni-rich NiTiHf based high temperature shape memory alloys,2010.0,50.3,29.7,400.0,Ni50.3Ti29.7Hf20.0 %,20.0
G. S. Ded,Mechanical Engineering,Characterization of Ni-rich NiTiHf based high temperature shape memory alloys,2010.0,50.3,29.7,400.0,Ni50.3Ti29.7Hf20.0 %,20.0
G. S. Ded,Mechanical Engineering,Characterization of Ni-rich NiTiHf based high temperature shape memory alloys,2010.0,50.3,29.7,400.0,Ni50.3Ti29.7Hf20.0 %,20.0
G. S. Ded,Mechanical Engineering,Characterization of Ni-rich NiTiHf based high temperature shape memory alloys,2010.0,50.3,29.7,400.0,Ni50.3Ti29.7Hf20.0 %,20.0
G. S. Ded,Mechanical Engineering,Characterization of Ni-rich NiTiHf based high temperature shape memory alloys,2010.0,50.3,29.7,400.0,Ni50.3Ti29.7Hf20.0 %,20.0
G. S. Ded,Mechanical Engineering,Characterization of Ni-rich NiTiHf based high temperature shape memory alloys,2010.0,50.3,29.7,400.0,Ni50.3Ti29.7Hf20.0 %,20.0
G. S. Ded,Mechanical Engineering,Characterization of Ni-rich NiTiHf based high temperature shape memory alloys,2010.0,50.3,29.7,400.0,Ni50.3Ti29.7Hf20.0 %,20.0
G. S. Ded,Mechanical Engineering,Characterization of Ni-rich NiTiHf based high temperature shape memory alloys,2010.0,50.3,29.7,400.0,Ni50.3Ti29.7Hf20.0 %,20.0
G. S. Ded,Mechanical Engineering,Characterization of Ni-rich NiTiHf based high temperature shape memory alloys,2010.0,50.3,29.7,500.0,Ni50.3Ti29.7Hf20.0 %,20.0
G. S. Ded,Mechanical Engineering,Characterization of Ni-rich NiTiHf based high temperature shape memory alloys,2010.0,50.3,29.7,500.0,Ni50.3Ti29.7Hf20.0 %,20.0
G. S. Ded,Mechanical Engineering,Characterization of Ni-rich NiTiHf based high temperature shape memory alloys,2010.0,50.3,29.7,500.0,Ni50.3Ti29.7Hf20.0 %,20.0
G. S. Ded,Mechanical Engineering,Characterization of Ni-rich NiTiHf based high temperature shape memory alloys,2010.0,50.3,29.7,500.0,Ni50.3Ti29.7Hf20.0 %,20.0
G. S. Ded,Mechanical Engineering,Characterization of Ni-rich NiTiHf based high temperature shape memory alloys,2010.0,50.3,29.7,500.0,Ni50.3Ti29.7Hf20.0 %,20.0
G. S. Ded,Mechanical Engineering,Characterization of Ni-rich NiTiHf based high temperature shape memory alloys,2010.0,50.3,29.7,500.0,Ni50.3Ti29.7Hf20.0 %,20.0
G. S. Ded,Mechanical Engineering,Characterization of Ni-rich NiTiHf based high temperature shape memory alloys,2010.0,50.3,29.7,500.0,Ni50.3Ti29.7Hf20.0 %,20.0
G. S. Ded,Mechanical Engineering,Characterization of Ni-rich NiTiHf based high temperature shape memory alloys,2010.0,50.3,29.7,500.0,Ni50.3Ti29.7Hf20.0 %,20.0
G. S. Ded,Mechanical Engineering,Characterization of Ni-rich NiTiHf based high temperature shape memory alloys,2010.0,50.3,29.7,500.0,Ni50.3Ti29.7Hf20.0 %,20.0
G. S. Ded,Mechanical Engineering,Characterization of Ni-rich NiTiHf based high temperature shape memory alloys,2010.0,50.3,29.7,500.0,Ni50.3Ti29.7Hf20.0 %,20.0
G. S. Ded,Mechanical Engineering,Characterization of Ni-rich NiTiHf based high temperature shape memory alloys,2010.0,50.3,29.7,500.0,Ni50.3Ti29.7Hf20.0 %,20.0
G. S. Ded,Mechanical Engineering,Characterization of Ni-rich NiTiHf based high temperature shape memory alloys,2010.0,50.3,29.7,500.0,Ni50.3Ti29.7Hf20.0 %,20.0
G. S. Ded,Mechanical Engineering,Characterization of Ni-rich NiTiHf based high temperature shape memory alloys,2010.0,50.3,29.7,500.0,Ni50.3Ti29.7Hf20.0 %,20.0
G. S. Ded,Mechanical Engineering,Characterization of Ni-rich NiTiHf based high temperature shape memory alloys,2010.0,50.3,29.7,550.0,Ni50.3Ti29.7Hf20.0 %,20.0
G. S. Ded,Mechanical Engineering,Characterization of Ni-rich NiTiHf based high temperature shape memory alloys,2010.0,50.3,29.7,550.0,Ni50.3Ti29.7Hf20.0 %,20.0
G. S. Ded,Mechanical Engineering,Characterization of Ni-rich NiTiHf based high temperature shape memory alloys,2010.0,50.3,29.7,600.0,Ni50.3Ti29.7Hf20.0 %,20.0
G. S. Ded,Mechanical Engineering,Characterization of Ni-rich NiTiHf based high temperature shape memory alloys,2010.0,50.3,29.7,600.0,Ni50.3Ti29.7Hf20.0 %,20.0
G. S. Ded,Mechanical Engineering,Characterization of Ni-rich NiTiHf based high temperature shape memory alloys,2010.0,50.3,29.7,600.0,Ni50.3Ti29.7Hf20.0 %,20.0
G. S. Ded,Mechanical Engineering,Characterization of Ni-rich NiTiHf based high temperature shape memory alloys,2010.0,50.3,29.7,600.0,Ni50.3Ti29.7Hf20.0 %,20.0
G. S. Ded,Mechanical Engineering,Characterization of Ni-rich NiTiHf based high temperature shape memory alloys,2010.0,50.3,29.7,600.0,Ni50.3Ti29.7Hf20.0 %,20.0
G. S. Ded,Mechanical Engineering,Characterization of Ni-rich NiTiHf based high temperature shape memory alloys,2010.0,50.3,29.7,600.0,Ni50.3Ti29.7Hf20.0 %,20.0
G. S. Ded,Mechanical Engineering,Characterization of Ni-rich NiTiHf based high temperature shape memory alloys,2010.0,50.3,29.7,600.0,Ni50.3Ti29.7Hf20.0 %,20.0
G. S. Ded,Mechanical Engineering,Characterization of Ni-rich NiTiHf based high temperature shape memory alloys,2010.0,50.3,29.7,650.0,Ni50.3Ti29.7Hf20.0 %,20.0
G. S. Ded,Mechanical Engineering,Characterization of Ni-rich NiTiHf based high temperature shape memory alloys,2010.0,50.3,29.7,650.0,Ni50.3Ti29.7Hf20.0 %,20.0
G. S. Ded,Mechanical Engineering,Characterization of Ni-rich NiTiHf based high temperature shape memory alloys,2010.0,50.3,29.7,700.0,Ni50.3Ti29.7Hf20.0 %,20.0
G. S. Ded,Mechanical Engineering,Characterization of Ni-rich NiTiHf based high temperature shape memory alloys,2010.0,50.3,29.7,700.0,Ni50.3Ti29.7Hf20.0 %,20.0
G. S. Ded,Mechanical Engineering,Characterization of Ni-rich NiTiHf based high temperature shape memory alloys,2010.0,50.3,29.7,800.0,Ni50.3Ti29.7Hf20.0 %,20.0
G. S. Ded,Mechanical Engineering,Characterization of Ni-rich NiTiHf based high temperature shape memory alloys,2010.0,50.3,29.7,800.0,Ni50.3Ti29.7Hf20.0 %,20.0
G. S. Ded,Mechanical Engineering,Characterization of Ni-rich NiTiHf based high temperature shape memory alloys,2010.0,50.3,29.7,900.0,Ni50.3Ti29.7Hf20.0 %,20.0
G. S. Ded,Mechanical Engineering,Characterization of Ni-rich NiTiHf based high temperature shape memory alloys,2010.0,50.3,29.7,900.0,Ni50.3Ti29.7Hf20.0 %,20.0
G. S. Ded,Mechanical Engineering,Characterization of Ni-rich NiTiHf based high temperature shape memory alloys,2010.0,50.3,29.7,900.0,Ni50.3Ti29.7Hf20.0 %,20.0
G. S. Ded,Mechanical Engineering,Characterization of Ni-rich NiTiHf based high temperature shape memory alloys,2010.0,50.3,29.7,900.0,Ni50.3Ti29.7Hf20.0 %,20.0
G. S. Ded,Mechanical Engineering,Characterization of Ni-rich NiTiHf based high temperature shape memory alloys,2010.0,50.3,29.7,400.0,Ni50.3Ti29.7Hf20.0 %,20.0
G. S. Ded,Mechanical Engineering,Characterization of Ni-rich NiTiHf based high temperature shape memory alloys,2010.0,50.3,29.7,400.0,Ni50.3Ti29.7Hf20.0 %,20.0
G. S. Ded,Mechanical Engineering,Characterization of Ni-rich NiTiHf based high temperature shape memory alloys,2010.0,50.3,29.7,400.0,Ni50.3Ti29.7Hf20.0 %,20.0
G. S. Ded,Mechanical Engineering,Characterization of Ni-rich NiTiHf based high temperature shape memory alloys,2010.0,50.3,29.7,400.0,Ni50.3Ti29.7Hf20.0 %,20.0
G. S. Ded,Mechanical Engineering,Characterization of Ni-rich NiTiHf based high temperature shape memory alloys,2010.0,50.3,29.7,400.0,Ni50.3Ti29.7Hf20.0 %,20.0
G. S. Ded,Mechanical Engineering,Characterization of Ni-rich NiTiHf based high temperature shape memory alloys,2010.0,50.3,29.7,500.0,Ni50.3Ti29.7Hf20.0 %,20.0
G. S. Ded,Mechanical Engineering,Characterization of Ni-rich NiTiHf based high temperature shape memory alloys,2010.0,50.3,29.7,500.0,Ni50.3Ti29.7Hf20.0 %,20.0
G. S. Ded,Mechanical Engineering,Characterization of Ni-rich NiTiHf based high temperature shape memory alloys,2010.0,50.3,29.7,500.0,Ni50.3Ti29.7Hf20.0 %,20.0
G. S. Ded,Mechanical Engineering,Characterization of Ni-rich NiTiHf based high temperature shape memory alloys,2010.0,50.3,29.7,500.0,Ni50.3Ti29.7Hf20.0 %,20.0
G. S. Ded,Mechanical Engineering,Characterization of Ni-rich NiTiHf based high temperature shape memory alloys,2010.0,50.3,29.7,500.0,Ni50.3Ti29.7Hf20.0 %,20.0
D. R. Coughlin; P. J. Phillips; G. S. Bigelow; A. Garg; R. D. Noebe and M. J. Mills,Scripta Materialia,Characterization of the microstructure and mechanical properties of a 50.3Ni–29.7Ti–20Hf shape memory alloy,2012.0,50.3,29.7,400.0,Ni50.3Ti29.7Hf20.0 %,20.0
D. R. Coughlin; P. J. Phillips; G. S. Bigelow; A. Garg; R. D. Noebe and M. J. Mills,Scripta Materialia,Characterization of the microstructure and mechanical properties of a 50.3Ni–29.7Ti–20Hf shape memory alloy,2012.0,50.3,29.7,400.0,Ni50.3Ti29.7Hf20.0 %,20.0
D. R. Coughlin; P. J. Phillips; G. S. Bigelow; A. Garg; R. D. Noebe and M. J. Mills,Scripta Materialia,Characterization of the microstructure and mechanical properties of a 50.3Ni–29.7Ti–20Hf shape memory alloy,2012.0,50.3,29.7,400.0,Ni50.3Ti29.7Hf20.0 %,20.0
D. R. Coughlin; P. J. Phillips; G. S. Bigelow; A. Garg; R. D. Noebe and M. J. Mills,Scripta Materialia,Characterization of the microstructure and mechanical properties of a 50.3Ni–29.7Ti–20Hf shape memory alloy,2012.0,50.3,29.7,400.0,Ni50.3Ti29.7Hf20.0 %,20.0
D. R. Coughlin; P. J. Phillips; G. S. Bigelow; A. Garg; R. D. Noebe and M. J. Mills,Scripta Materialia,Characterization of the microstructure and mechanical properties of a 50.3Ni–29.7Ti–20Hf shape memory alloy,2012.0,50.3,29.7,400.0,Ni50.3Ti29.7Hf20.0 %,20.0
D. R. Coughlin; P. J. Phillips; G. S. Bigelow; A. Garg; R. D. Noebe and M. J. Mills,Scripta Materialia,Characterization of the microstructure and mechanical properties of a 50.3Ni–29.7Ti–20Hf shape memory alloy,2012.0,50.3,29.7,550.0,Ni50.3Ti29.7Hf20.0 %,20.0
D. R. Coughlin; P. J. Phillips; G. S. Bigelow; A. Garg; R. D. Noebe and M. J. Mills,Scripta Materialia,Characterization of the microstructure and mechanical properties of a 50.3Ni–29.7Ti–20Hf shape memory alloy,2012.0,50.3,29.7,550.0,Ni50.3Ti29.7Hf20.0 %,20.0
D. R. Coughlin; P. J. Phillips; G. S. Bigelow; A. Garg; R. D. Noebe and M. J. Mills,Scripta Materialia,Characterization of the microstructure and mechanical properties of a 50.3Ni–29.7Ti–20Hf shape memory alloy,2012.0,50.3,29.7,550.0,Ni50.3Ti29.7Hf20.0 %,20.0
D. R. Coughlin; P. J. Phillips; G. S. Bigelow; A. Garg; R. D. Noebe and M. J. Mills,Scripta Materialia,Characterization of the microstructure and mechanical properties of a 50.3Ni–29.7Ti–20Hf shape memory alloy,2012.0,50.3,29.7,550.0,Ni50.3Ti29.7Hf20.0 %,20.0
D. R. Coughlin; P. J. Phillips; G. S. Bigelow; A. Garg; R. D. Noebe and M. J. Mills,Scripta Materialia,Characterization of the microstructure and mechanical properties of a 50.3Ni–29.7Ti–20Hf shape memory alloy,2012.0,50.3,29.7,550.0,Ni50.3Ti29.7Hf20.0 %,20.0
D. R. Coughlin; P. J. Phillips; G. S. Bigelow; A. Garg; R. D. Noebe and M. J. Mills,Scripta Materialia,Characterization of the microstructure and mechanical properties of a 50.3Ni–29.7Ti–20Hf shape memory alloy,2012.0,50.3,29.7,650.0,Ni50.3Ti29.7Hf20.0 %,20.0
D. R. Coughlin; P. J. Phillips; G. S. Bigelow; A. Garg; R. D. Noebe and M. J. Mills,Scripta Materialia,Characterization of the microstructure and mechanical properties of a 50.3Ni–29.7Ti–20Hf shape memory alloy,2012.0,50.3,29.7,650.0,Ni50.3Ti29.7Hf20.0 %,20.0
D. R. Coughlin; P. J. Phillips; G. S. Bigelow; A. Garg; R. D. Noebe and M. J. Mills,Scripta Materialia,Characterization of the microstructure and mechanical properties of a 50.3Ni–29.7Ti–20Hf shape memory alloy,2012.0,50.3,29.7,650.0,Ni50.3Ti29.7Hf20.0 %,20.0
D. R. Coughlin; P. J. Phillips; G. S. Bigelow; A. Garg; R. D. Noebe and M. J. Mills,Scripta Materialia,Characterization of the microstructure and mechanical properties of a 50.3Ni–29.7Ti–20Hf shape memory alloy,2012.0,50.3,29.7,650.0,Ni50.3Ti29.7Hf20.0 %,20.0
D. R. Coughlin; P. J. Phillips; G. S. Bigelow; A. Garg; R. D. Noebe and M. J. Mills,Scripta Materialia,Characterization of the microstructure and mechanical properties of a 50.3Ni–29.7Ti–20Hf shape memory alloy,2012.0,50.3,29.7,650.0,Ni50.3Ti29.7Hf20.0 %,20.0
B. Amin-Ahmadi; J. G. Pauza; A. Shamimi; T. W. Duerig; R. D. Noebe and A. P. Stebner,Scripta Materialia,Coherency strains of H-phase precipitates and their influence on functional properties of nickel-titanium-hafnium shape memory alloys,2018.0,50.3,41.7,300.0,Ni50.3Ti41.7Hf8.0 %,8.0
B. Amin-Ahmadi; J. G. Pauza; A. Shamimi; T. W. Duerig; R. D. Noebe and A. P. Stebner,Scripta Materialia,Coherency strains of H-phase precipitates and their influence on functional properties of nickel-titanium-hafnium shape memory alloys,2018.0,50.3,41.7,300.0,Ni50.3Ti41.7Hf8.0 %,8.0
B. Amin-Ahmadi; J. G. Pauza; A. Shamimi; T. W. Duerig; R. D. Noebe and A. P. Stebner,Scripta Materialia,Coherency strains of H-phase precipitates and their influence on functional properties of nickel-titanium-hafnium shape memory alloys,2018.0,50.3,41.7,300.0,Ni50.3Ti41.7Hf8.0 %,8.0
B. Amin-Ahmadi; J. G. Pauza; A. Shamimi; T. W. Duerig; R. D. Noebe and A. P. Stebner,Scripta Materialia,Coherency strains of H-phase precipitates and their influence on functional properties of nickel-titanium-hafnium shape memory alloys,2018.0,50.3,41.7,300.0,Ni50.3Ti41.7Hf8.0 %,8.0
B. Amin-Ahmadi; J. G. Pauza; A. Shamimi; T. W. Duerig; R. D. Noebe and A. P. Stebner,Scripta Materialia,Coherency strains of H-phase precipitates and their influence on functional properties of nickel-titanium-hafnium shape memory alloys,2018.0,50.3,41.7,300.0,Ni50.3Ti41.7Hf8.0 %,8.0
B. Amin-Ahmadi; J. G. Pauza; A. Shamimi; T. W. Duerig; R. D. Noebe and A. P. Stebner,Scripta Materialia,Coherency strains of H-phase precipitates and their influence on functional properties of nickel-titanium-hafnium shape memory alloys,2018.0,50.3,41.7,300.0,Ni50.3Ti41.7Hf8.0 %,8.0
B. Amin-Ahmadi; J. G. Pauza; A. Shamimi; T. W. Duerig; R. D. Noebe and A. P. Stebner,Scripta Materialia,Coherency strains of H-phase precipitates and their influence on functional properties of nickel-titanium-hafnium shape memory alloys,2018.0,50.3,41.7,300.0,Ni50.3Ti41.7Hf8.0 %,8.0
B. Amin-Ahmadi; J. G. Pauza; A. Shamimi; T. W. Duerig; R. D. Noebe and A. P. Stebner,Scripta Materialia,Coherency strains of H-phase precipitates and their influence on functional properties of nickel-titanium-hafnium shape memory alloys,2018.0,50.3,41.7,300.0,Ni50.3Ti41.7Hf8.0 %,8.0
B. Amin-Ahmadi; J. G. Pauza; A. Shamimi; T. W. Duerig; R. D. Noebe and A. P. Stebner,Scripta Materialia,Coherency strains of H-phase precipitates and their influence on functional properties of nickel-titanium-hafnium shape memory alloys,2018.0,50.3,41.7,300.0,Ni50.3Ti41.7Hf8.0 %,8.0
B. Amin-Ahmadi; J. G. Pauza; A. Shamimi; T. W. Duerig; R. D. Noebe and A. P. Stebner,Scripta Materialia,Coherency strains of H-phase precipitates and their influence on functional properties of nickel-titanium-hafnium shape memory alloys,2018.0,50.3,41.7,300.0,Ni50.3Ti41.7Hf8.0 %,8.0
B. Amin-Ahmadi; J. G. Pauza; A. Shamimi; T. W. Duerig; R. D. Noebe and A. P. Stebner,Scripta Materialia,Coherency strains of H-phase precipitates and their influence on functional properties of nickel-titanium-hafnium shape memory alloys,2018.0,50.3,41.7,300.0,Ni50.3Ti41.7Hf8.0 %,8.0
B. Amin-Ahmadi; J. G. Pauza; A. Shamimi; T. W. Duerig; R. D. Noebe and A. P. Stebner,Scripta Materialia,Coherency strains of H-phase precipitates and their influence on functional properties of nickel-titanium-hafnium shape memory alloys,2018.0,50.3,41.7,300.0,Ni50.3Ti41.7Hf8.0 %,8.0
A. N. Bucsek; G. A. Hudish; G. S. Bigelow; R. D. Noebe and A. P. Stebner,Shape Memory and Superelasticity,Composition; Compatibility; and the Functional Performances of Ternary NiTiX High-Temperature Shape Memory Alloys,2016.0,50.3,25.6,500.0,Ni50.3Ti25.6Hf24.1 %,24.1
A. N. Bucsek; G. A. Hudish; G. S. Bigelow; R. D. Noebe and A. P. Stebner,Shape Memory and Superelasticity,Composition; Compatibility; and the Functional Performances of Ternary NiTiX High-Temperature Shape Memory Alloys,2016.0,50.3,25.6,500.0,Ni50.3Ti25.6Hf24.1 %,24.1
A. N. Bucsek; G. A. Hudish; G. S. Bigelow; R. D. Noebe and A. P. Stebner,Shape Memory and Superelasticity,Composition; Compatibility; and the Functional Performances of Ternary NiTiX High-Temperature Shape Memory Alloys,2016.0,50.3,25.6,500.0,Ni50.3Ti25.6Hf24.1 %,24.1
A. N. Bucsek; G. A. Hudish; G. S. Bigelow; R. D. Noebe and A. P. Stebner,Shape Memory and Superelasticity,Composition; Compatibility; and the Functional Performances of Ternary NiTiX High-Temperature Shape Memory Alloys,2016.0,50.3,25.6,500.0,Ni50.3Ti25.6Hf24.1 %,24.1
A. N. Bucsek; G. A. Hudish; G. S. Bigelow; R. D. Noebe and A. P. Stebner,Shape Memory and Superelasticity,Composition; Compatibility; and the Functional Performances of Ternary NiTiX High-Temperature Shape Memory Alloys,2016.0,50.3,25.6,500.0,Ni50.3Ti25.6Hf24.1 %,24.1
M. Prasher; D. Sen; J. Bahadur; R. Tewari and M. Krishnan,Journal of Alloys and Compounds,Correlative SANS and TEM investigation on precipitation kinetics of H-phase in Ni50.3Ti29.7Hf20 high temperature shape memory alloy,2019.0,50.3,29.7,900.0,Ni50.3Ti29.7Hf20.0 %,20.0
M. Prasher; D. Sen; J. Bahadur; R. Tewari and M. Krishnan,Journal of Alloys and Compounds,Correlative SANS and TEM investigation on precipitation kinetics of H-phase in Ni50.3Ti29.7Hf20 high temperature shape memory alloy,2019.0,50.3,29.7,900.0,Ni50.3Ti29.7Hf20.0 %,20.0
M. Prasher; D. Sen; J. Bahadur; R. Tewari and M. Krishnan,Journal of Alloys and Compounds,Correlative SANS and TEM investigation on precipitation kinetics of H-phase in Ni50.3Ti29.7Hf20 high temperature shape memory alloy,2019.0,50.3,29.7,900.0,Ni50.3Ti29.7Hf20.0 %,20.0
M. Prasher; D. Sen; J. Bahadur; R. Tewari and M. Krishnan,Journal of Alloys and Compounds,Correlative SANS and TEM investigation on precipitation kinetics of H-phase in Ni50.3Ti29.7Hf20 high temperature shape memory alloy,2019.0,50.3,29.7,900.0,Ni50.3Ti29.7Hf20.0 %,20.0
M. Prasher; D. Sen; J. Bahadur; R. Tewari and M. Krishnan,Journal of Alloys and Compounds,Correlative SANS and TEM investigation on precipitation kinetics of H-phase in Ni50.3Ti29.7Hf20 high temperature shape memory alloy,2019.0,50.3,29.7,900.0,Ni50.3Ti29.7Hf20.0 %,20.0
M. Prasher; D. Sen; J. Bahadur; R. Tewari and M. Krishnan,Journal of Alloys and Compounds,Correlative SANS and TEM investigation on precipitation kinetics of H-phase in Ni50.3Ti29.7Hf20 high temperature shape memory alloy,2019.0,50.3,29.7,900.0,Ni50.3Ti29.7Hf20.0 %,20.0
M. Prasher; D. Sen; J. Bahadur; R. Tewari and M. Krishnan,Journal of Alloys and Compounds,Correlative SANS and TEM investigation on precipitation kinetics of H-phase in Ni50.3Ti29.7Hf20 high temperature shape memory alloy,2019.0,50.3,29.7,900.0,Ni50.3Ti29.7Hf20.0 %,20.0
M. Prasher; D. Sen; J. Bahadur; R. Tewari and M. Krishnan,Journal of Alloys and Compounds,Correlative SANS and TEM investigation on precipitation kinetics of H-phase in Ni50.3Ti29.7Hf20 high temperature shape memory alloy,2019.0,50.3,29.7,900.0,Ni50.3Ti29.7Hf20.0 %,20.0
M. Prasher; D. Sen; J. Bahadur; R. Tewari and M. Krishnan,Journal of Alloys and Compounds,Correlative SANS and TEM investigation on precipitation kinetics of H-phase in Ni50.3Ti29.7Hf20 high temperature shape memory alloy,2019.0,50.3,29.7,900.0,Ni50.3Ti29.7Hf20.0 %,20.0
M. Prasher; D. Sen; J. Bahadur; R. Tewari and M. Krishnan,Journal of Alloys and Compounds,Correlative SANS and TEM investigation on precipitation kinetics of H-phase in Ni50.3Ti29.7Hf20 high temperature shape memory alloy,2019.0,50.3,29.7,900.0,Ni50.3Ti29.7Hf20.0 %,20.0
M. Prasher; D. Sen; J. Bahadur; R. Tewari and M. Krishnan,Journal of Alloys and Compounds,Correlative SANS and TEM investigation on precipitation kinetics of H-phase in Ni50.3Ti29.7Hf20 high temperature shape memory alloy,2019.0,50.3,29.7,900.0,Ni50.3Ti29.7Hf20.0 %,20.0
M. Prasher; D. Sen; J. Bahadur; R. Tewari and M. Krishnan,Journal of Alloys and Compounds,Correlative SANS and TEM investigation on precipitation kinetics of H-phase in Ni50.3Ti29.7Hf20 high temperature shape memory alloy,2019.0,50.3,29.7,900.0,Ni50.3Ti29.7Hf20.0 %,20.0
M. Prasher; D. Sen; J. Bahadur; R. Tewari and M. Krishnan,Journal of Alloys and Compounds,Correlative SANS and TEM investigation on precipitation kinetics of H-phase in Ni50.3Ti29.7Hf20 high temperature shape memory alloy,2019.0,50.3,29.7,900.0,Ni50.3Ti29.7Hf20.0 %,20.0
M. Prasher; D. Sen; J. Bahadur; R. Tewari and M. Krishnan,Journal of Alloys and Compounds,Correlative SANS and TEM investigation on precipitation kinetics of H-phase in Ni50.3Ti29.7Hf20 high temperature shape memory alloy,2019.0,50.3,29.7,900.0,Ni50.3Ti29.7Hf20.0 %,20.0
B. Amin-Ahmadi; R. D. Noebe and A. P. Stebner,Scripta Materialia,Crack propagation mechanisms of an aged nickel-titanium-hafnium shape memory alloy,2019.0,50.3,41.2,550.0,Ni50.3Ti41.2Hf8.5 %,8.5
B. Amin-Ahmadi; T. Gallmeyer; J. G. Pauza; T. W. Duerig; R. D. Noebe and A. P. Stebner,Scripta Materialia,Effect of a pre-aging treatment on the mechanical behaviors of Ni 50.3 Ti 49.7− x Hf x (x≤ 9at.%) Shape memory alloys,2018.0,50.3,43.7,300.0,Ni50.3Ti43.7Hf6.0 %,6.0
B. Amin-Ahmadi; T. Gallmeyer; J. G. Pauza; T. W. Duerig; R. D. Noebe and A. P. Stebner,Scripta Materialia,Effect of a pre-aging treatment on the mechanical behaviors of Ni 50.3 Ti 49.7− x Hf x (x≤ 9at.%) Shape memory alloys,2018.0,50.3,43.7,300.0,Ni50.3Ti43.7Hf6.0 %,6.0
B. Amin-Ahmadi; T. Gallmeyer; J. G. Pauza; T. W. Duerig; R. D. Noebe and A. P. Stebner,Scripta Materialia,Effect of a pre-aging treatment on the mechanical behaviors of Ni 50.3 Ti 49.7− x Hf x (x≤ 9at.%) Shape memory alloys,2018.0,50.3,41.7,300.0,Ni50.3Ti41.7Hf8.0 %,8.0
B. Amin-Ahmadi; T. Gallmeyer; J. G. Pauza; T. W. Duerig; R. D. Noebe and A. P. Stebner,Scripta Materialia,Effect of a pre-aging treatment on the mechanical behaviors of Ni 50.3 Ti 49.7− x Hf x (x≤ 9at.%) Shape memory alloys,2018.0,50.3,41.7,300.0,Ni50.3Ti41.7Hf8.0 %,8.0
B. Amin-Ahmadi; T. Gallmeyer; J. G. Pauza; T. W. Duerig; R. D. Noebe and A. P. Stebner,Scripta Materialia,Effect of a pre-aging treatment on the mechanical behaviors of Ni 50.3 Ti 49.7− x Hf x (x≤ 9at.%) Shape memory alloys,2018.0,50.3,41.2,300.0,Ni50.3Ti41.2Hf8.5 %,8.5
B. Amin-Ahmadi; T. Gallmeyer; J. G. Pauza; T. W. Duerig; R. D. Noebe and A. P. Stebner,Scripta Materialia,Effect of a pre-aging treatment on the mechanical behaviors of Ni 50.3 Ti 49.7− x Hf x (x≤ 9at.%) Shape memory alloys,2018.0,50.3,41.2,300.0,Ni50.3Ti41.2Hf8.5 %,8.5
B. Amin-Ahmadi; T. Gallmeyer; J. G. Pauza; T. W. Duerig; R. D. Noebe and A. P. Stebner,Scripta Materialia,Effect of a pre-aging treatment on the mechanical behaviors of Ni 50.3 Ti 49.7− x Hf x (x≤ 9at.%) Shape memory alloys,2018.0,50.3,40.7,300.0,Ni50.3Ti40.7Hf9.0 %,9.0
B. Amin-Ahmadi; T. Gallmeyer; J. G. Pauza; T. W. Duerig; R. D. Noebe and A. P. Stebner,Scripta Materialia,Effect of a pre-aging treatment on the mechanical behaviors of Ni 50.3 Ti 49.7− x Hf x (x≤ 9at.%) Shape memory alloys,2018.0,50.3,40.7,300.0,Ni50.3Ti40.7Hf9.0 %,9.0
A. Evirgen; F. Basner; I. Karaman; R. D. Noebe; J. Pons and R. Santamarta,Functional Materials Letters,Effect of aging on the martensitic transformation characteristics of a Ni-rich NiTiHf high temperature shape memory alloy,2012.0,50.3,34.7,900.0,Ni50.3Ti34.7Hf15.0 %,15.0
A. Evirgen; F. Basner; I. Karaman; R. D. Noebe; J. Pons and R. Santamarta,Functional Materials Letters,Effect of aging on the martensitic transformation characteristics of a Ni-rich NiTiHf high temperature shape memory alloy,2012.0,50.3,34.7,900.0,Ni50.3Ti34.7Hf15.0 %,15.0
A. Evirgen; F. Basner; I. Karaman; R. D. Noebe; J. Pons and R. Santamarta,Functional Materials Letters,Effect of aging on the martensitic transformation characteristics of a Ni-rich NiTiHf high temperature shape memory alloy,2012.0,50.3,34.7,900.0,Ni50.3Ti34.7Hf15.0 %,15.0
A. Evirgen; F. Basner; I. Karaman; R. D. Noebe; J. Pons and R. Santamarta,Functional Materials Letters,Effect of aging on the martensitic transformation characteristics of a Ni-rich NiTiHf high temperature shape memory alloy,2012.0,50.3,34.7,900.0,Ni50.3Ti34.7Hf15.0 %,15.0
A. Evirgen; F. Basner; I. Karaman; R. D. Noebe; J. Pons and R. Santamarta,Functional Materials Letters,Effect of aging on the martensitic transformation characteristics of a Ni-rich NiTiHf high temperature shape memory alloy,2012.0,50.3,34.7,900.0,Ni50.3Ti34.7Hf15.0 %,15.0
A. Evirgen; F. Basner; I. Karaman; R. D. Noebe; J. Pons and R. Santamarta,Functional Materials Letters,Effect of aging on the martensitic transformation characteristics of a Ni-rich NiTiHf high temperature shape memory alloy,2012.0,50.3,34.7,900.0,Ni50.3Ti34.7Hf15.0 %,15.0
A. Evirgen; F. Basner; I. Karaman; R. D. Noebe; J. Pons and R. Santamarta,Functional Materials Letters,Effect of aging on the martensitic transformation characteristics of a Ni-rich NiTiHf high temperature shape memory alloy,2012.0,50.3,34.7,900.0,Ni50.3Ti34.7Hf15.0 %,15.0
A. Evirgen; F. Basner; I. Karaman; R. D. Noebe; J. Pons and R. Santamarta,Functional Materials Letters,Effect of aging on the martensitic transformation characteristics of a Ni-rich NiTiHf high temperature shape memory alloy,2012.0,50.3,34.7,900.0,Ni50.3Ti34.7Hf15.0 %,15.0
A. Evirgen; F. Basner; I. Karaman; R. D. Noebe; J. Pons and R. Santamarta,Functional Materials Letters,Effect of aging on the martensitic transformation characteristics of a Ni-rich NiTiHf high temperature shape memory alloy,2012.0,50.3,34.7,900.0,Ni50.3Ti34.7Hf15.0 %,15.0
A. Evirgen; F. Basner; I. Karaman; R. D. Noebe; J. Pons and R. Santamarta,Functional Materials Letters,Effect of aging on the martensitic transformation characteristics of a Ni-rich NiTiHf high temperature shape memory alloy,2012.0,50.3,34.7,900.0,Ni50.3Ti34.7Hf15.0 %,15.0
A. Evirgen; F. Basner; I. Karaman; R. D. Noebe; J. Pons and R. Santamarta,Functional Materials Letters,Effect of aging on the martensitic transformation characteristics of a Ni-rich NiTiHf high temperature shape memory alloy,2012.0,50.3,34.7,900.0,Ni50.3Ti34.7Hf15.0 %,15.0
A. Evirgen; F. Basner; I. Karaman; R. D. Noebe; J. Pons and R. Santamarta,Functional Materials Letters,Effect of aging on the martensitic transformation characteristics of a Ni-rich NiTiHf high temperature shape memory alloy,2012.0,50.3,34.7,900.0,Ni50.3Ti34.7Hf15.0 %,15.0
A. Evirgen; F. Basner; I. Karaman; R. D. Noebe; J. Pons and R. Santamarta,Functional Materials Letters,Effect of aging on the martensitic transformation characteristics of a Ni-rich NiTiHf high temperature shape memory alloy,2012.0,50.3,34.7,900.0,Ni50.3Ti34.7Hf15.0 %,15.0
A. Evirgen; F. Basner; I. Karaman; R. D. Noebe; J. Pons and R. Santamarta,Functional Materials Letters,Effect of aging on the martensitic transformation characteristics of a Ni-rich NiTiHf high temperature shape memory alloy,2012.0,50.3,34.7,900.0,Ni50.3Ti34.7Hf15.0 %,15.0
A. Evirgen; F. Basner; I. Karaman; R. D. Noebe; J. Pons and R. Santamarta,Functional Materials Letters,Effect of aging on the martensitic transformation characteristics of a Ni-rich NiTiHf high temperature shape memory alloy,2012.0,50.3,34.7,900.0,Ni50.3Ti34.7Hf15.0 %,15.0
A. Evirgen; F. Basner; I. Karaman; R. D. Noebe; J. Pons and R. Santamarta,Functional Materials Letters,Effect of aging on the martensitic transformation characteristics of a Ni-rich NiTiHf high temperature shape memory alloy,2012.0,50.3,34.7,900.0,Ni50.3Ti34.7Hf15.0 %,15.0
A. Evirgen; F. Basner; I. Karaman; R. D. Noebe; J. Pons and R. Santamarta,Functional Materials Letters,Effect of aging on the martensitic transformation characteristics of a Ni-rich NiTiHf high temperature shape memory alloy,2012.0,50.3,34.7,900.0,Ni50.3Ti34.7Hf15.0 %,15.0
A. Evirgen; F. Basner; I. Karaman; R. D. Noebe; J. Pons and R. Santamarta,Functional Materials Letters,Effect of aging on the martensitic transformation characteristics of a Ni-rich NiTiHf high temperature shape memory alloy,2012.0,50.3,34.7,900.0,Ni50.3Ti34.7Hf15.0 %,15.0
A. Evirgen; F. Basner; I. Karaman; R. D. Noebe; J. Pons and R. Santamarta,Functional Materials Letters,Effect of aging on the martensitic transformation characteristics of a Ni-rich NiTiHf high temperature shape memory alloy,2012.0,50.3,34.7,900.0,Ni50.3Ti34.7Hf15.0 %,15.0
A. Evirgen; F. Basner; I. Karaman; R. D. Noebe; J. Pons and R. Santamarta,Functional Materials Letters,Effect of aging on the martensitic transformation characteristics of a Ni-rich NiTiHf high temperature shape memory alloy,2012.0,50.3,34.7,900.0,Ni50.3Ti34.7Hf15.0 %,15.0
A. Evirgen; F. Basner; I. Karaman; R. D. Noebe; J. Pons and R. Santamarta,Functional Materials Letters,Effect of aging on the martensitic transformation characteristics of a Ni-rich NiTiHf high temperature shape memory alloy,2012.0,50.3,34.7,900.0,Ni50.3Ti34.7Hf15.0 %,15.0
A. Evirgen; F. Basner; I. Karaman; R. D. Noebe; J. Pons and R. Santamarta,Functional Materials Letters,Effect of aging on the martensitic transformation characteristics of a Ni-rich NiTiHf high temperature shape memory alloy,2012.0,50.3,34.7,900.0,Ni50.3Ti34.7Hf15.0 %,15.0
A. Evirgen; F. Basner; I. Karaman; R. D. Noebe; J. Pons and R. Santamarta,Functional Materials Letters,Effect of aging on the martensitic transformation characteristics of a Ni-rich NiTiHf high temperature shape memory alloy,2012.0,50.3,34.7,900.0,Ni50.3Ti34.7Hf15.0 %,15.0
A. Evirgen; F. Basner; I. Karaman; R. D. Noebe; J. Pons and R. Santamarta,Functional Materials Letters,Effect of aging on the martensitic transformation characteristics of a Ni-rich NiTiHf high temperature shape memory alloy,2012.0,50.3,34.7,900.0,Ni50.3Ti34.7Hf15.0 %,15.0
A. Evirgen; F. Basner; I. Karaman; R. D. Noebe; J. Pons and R. Santamarta,Functional Materials Letters,Effect of aging on the martensitic transformation characteristics of a Ni-rich NiTiHf high temperature shape memory alloy,2012.0,50.3,34.7,900.0,Ni50.3Ti34.7Hf15.0 %,15.0
A. Evirgen; F. Basner; I. Karaman; R. D. Noebe; J. Pons and R. Santamarta,Functional Materials Letters,Effect of aging on the martensitic transformation characteristics of a Ni-rich NiTiHf high temperature shape memory alloy,2012.0,50.3,34.7,900.0,Ni50.3Ti34.7Hf15.0 %,15.0
A. Evirgen; F. Basner; I. Karaman; R. D. Noebe; J. Pons and R. Santamarta,Functional Materials Letters,Effect of aging on the martensitic transformation characteristics of a Ni-rich NiTiHf high temperature shape memory alloy,2012.0,50.3,34.7,900.0,Ni50.3Ti34.7Hf15.0 %,15.0
A. Evirgen; F. Basner; I. Karaman; R. D. Noebe; J. Pons and R. Santamarta,Functional Materials Letters,Effect of aging on the martensitic transformation characteristics of a Ni-rich NiTiHf high temperature shape memory alloy,2012.0,50.3,34.7,900.0,Ni50.3Ti34.7Hf15.0 %,15.0
A. Evirgen; F. Basner; I. Karaman; R. D. Noebe; J. Pons and R. Santamarta,Functional Materials Letters,Effect of aging on the martensitic transformation characteristics of a Ni-rich NiTiHf high temperature shape memory alloy,2012.0,50.3,34.7,900.0,Ni50.3Ti34.7Hf15.0 %,15.0
A. Evirgen; F. Basner; I. Karaman; R. D. Noebe; J. Pons and R. Santamarta,Functional Materials Letters,Effect of aging on the martensitic transformation characteristics of a Ni-rich NiTiHf high temperature shape memory alloy,2012.0,50.3,34.7,900.0,Ni50.3Ti34.7Hf15.0 %,15.0
A. Evirgen; F. Basner; I. Karaman; R. D. Noebe; J. Pons and R. Santamarta,Functional Materials Letters,Effect of aging on the martensitic transformation characteristics of a Ni-rich NiTiHf high temperature shape memory alloy,2012.0,50.3,34.7,900.0,Ni50.3Ti34.7Hf15.0 %,15.0
A. Evirgen; F. Basner; I. Karaman; R. D. Noebe; J. Pons and R. Santamarta,Functional Materials Letters,Effect of aging on the martensitic transformation characteristics of a Ni-rich NiTiHf high temperature shape memory alloy,2012.0,50.3,34.7,900.0,Ni50.3Ti34.7Hf15.0 %,15.0
A. Evirgen; F. Basner; I. Karaman; R. D. Noebe; J. Pons and R. Santamarta,Functional Materials Letters,Effect of aging on the martensitic transformation characteristics of a Ni-rich NiTiHf high temperature shape memory alloy,2012.0,50.3,34.7,900.0,Ni50.3Ti34.7Hf15.0 %,15.0
A. Evirgen; F. Basner; I. Karaman; R. D. Noebe; J. Pons and R. Santamarta,Functional Materials Letters,Effect of aging on the martensitic transformation characteristics of a Ni-rich NiTiHf high temperature shape memory alloy,2012.0,50.3,34.7,900.0,Ni50.3Ti34.7Hf15.0 %,15.0
A. Evirgen; F. Basner; I. Karaman; R. D. Noebe; J. Pons and R. Santamarta,Functional Materials Letters,Effect of aging on the martensitic transformation characteristics of a Ni-rich NiTiHf high temperature shape memory alloy,2012.0,50.3,34.7,900.0,Ni50.3Ti34.7Hf15.0 %,15.0
A. Evirgen; F. Basner; I. Karaman; R. D. Noebe; J. Pons and R. Santamarta,Functional Materials Letters,Effect of aging on the martensitic transformation characteristics of a Ni-rich NiTiHf high temperature shape memory alloy,2012.0,50.3,34.7,900.0,Ni50.3Ti34.7Hf15.0 %,15.0
A. Evirgen; F. Basner; I. Karaman; R. D. Noebe; J. Pons and R. Santamarta,Functional Materials Letters,Effect of aging on the martensitic transformation characteristics of a Ni-rich NiTiHf high temperature shape memory alloy,2012.0,50.3,34.7,900.0,Ni50.3Ti34.7Hf15.0 %,15.0
A. Evirgen; F. Basner; I. Karaman; R. D. Noebe; J. Pons and R. Santamarta,Functional Materials Letters,Effect of aging on the martensitic transformation characteristics of a Ni-rich NiTiHf high temperature shape memory alloy,2012.0,50.3,34.7,900.0,Ni50.3Ti34.7Hf15.0 %,15.0
A. Evirgen; F. Basner; I. Karaman; R. D. Noebe; J. Pons and R. Santamarta,Functional Materials Letters,Effect of aging on the martensitic transformation characteristics of a Ni-rich NiTiHf high temperature shape memory alloy,2012.0,50.3,34.7,900.0,Ni50.3Ti34.7Hf15.0 %,15.0
A. Evirgen; F. Basner; I. Karaman; R. D. Noebe; J. Pons and R. Santamarta,Functional Materials Letters,Effect of aging on the martensitic transformation characteristics of a Ni-rich NiTiHf high temperature shape memory alloy,2012.0,50.3,34.7,900.0,Ni50.3Ti34.7Hf15.0 %,15.0
A. Evirgen; F. Basner; I. Karaman; R. D. Noebe; J. Pons and R. Santamarta,Functional Materials Letters,Effect of aging on the martensitic transformation characteristics of a Ni-rich NiTiHf high temperature shape memory alloy,2012.0,50.3,34.7,900.0,Ni50.3Ti34.7Hf15.0 %,15.0
R. Santamarta; A. Evirgen; A. M. Perez-Sierra; J. Pons; E. Cesari; I. Karaman and R. D. Noebe,Shape Memory and Superelasticity,Effect of Thermal Treatments on Ni–Mn–Ga and Ni-Rich Ni–Ti–Hf/Zr High-Temperature Shape Memory Alloys,2015.0,50.3,29.7,320.0,Ni50.3Ti29.7Hf20.0 %,20.0
R. Santamarta; A. Evirgen; A. M. Perez-Sierra; J. Pons; E. Cesari; I. Karaman and R. D. Noebe,Shape Memory and Superelasticity,Effect of Thermal Treatments on Ni–Mn–Ga and Ni-Rich Ni–Ti–Hf/Zr High-Temperature Shape Memory Alloys,2015.0,50.3,29.7,250.0,Ni50.3Ti29.7Hf20.0 %,20.0
R. Santamarta; A. Evirgen; A. M. Perez-Sierra; J. Pons; E. Cesari; I. Karaman and R. D. Noebe,Shape Memory and Superelasticity,Effect of Thermal Treatments on Ni–Mn–Ga and Ni-Rich Ni–Ti–Hf/Zr High-Temperature Shape Memory Alloys,2015.0,50.3,29.7,550.0,Ni50.3Ti29.7Hf20.0 %,20.0
R. Santamarta; A. Evirgen; A. M. Perez-Sierra; J. Pons; E. Cesari; I. Karaman and R. D. Noebe,Shape Memory and Superelasticity,Effect of Thermal Treatments on Ni–Mn–Ga and Ni-Rich Ni–Ti–Hf/Zr High-Temperature Shape Memory Alloys,2015.0,50.3,29.7,550.0,Ni50.3Ti29.7Hf20.0 %,20.0
H. E. Karaca; S. M. Saghaian; G. Ded; H. Tobe; B. Basaran; H. J. Maier; R. D. Noebe and Y. I. Chumlyakov,Acta Materialia,Effects of nanoprecipitation on the shape memory and material properties of an Ni-rich NiTiHf high temperature shape memory alloy,2013.0,50.3,29.7,300.0,Ni50.3Ti29.7Hf20.0 %,20.0
H. E. Karaca; S. M. Saghaian; G. Ded; H. Tobe; B. Basaran; H. J. Maier; R. D. Noebe and Y. I. Chumlyakov,Acta Materialia,Effects of nanoprecipitation on the shape memory and material properties of an Ni-rich NiTiHf high temperature shape memory alloy,2013.0,50.3,29.7,400.0,Ni50.3Ti29.7Hf20.0 %,20.0
H. E. Karaca; S. M. Saghaian; G. Ded; H. Tobe; B. Basaran; H. J. Maier; R. D. Noebe and Y. I. Chumlyakov,Acta Materialia,Effects of nanoprecipitation on the shape memory and material properties of an Ni-rich NiTiHf high temperature shape memory alloy,2013.0,50.3,29.7,400.0,Ni50.3Ti29.7Hf20.0 %,20.0
H. E. Karaca; S. M. Saghaian; G. Ded; H. Tobe; B. Basaran; H. J. Maier; R. D. Noebe and Y. I. Chumlyakov,Acta Materialia,Effects of nanoprecipitation on the shape memory and material properties of an Ni-rich NiTiHf high temperature shape memory alloy,2013.0,50.3,29.7,400.0,Ni50.3Ti29.7Hf20.0 %,20.0
H. E. Karaca; S. M. Saghaian; G. Ded; H. Tobe; B. Basaran; H. J. Maier; R. D. Noebe and Y. I. Chumlyakov,Acta Materialia,Effects of nanoprecipitation on the shape memory and material properties of an Ni-rich NiTiHf high temperature shape memory alloy,2013.0,50.3,29.7,400.0,Ni50.3Ti29.7Hf20.0 %,20.0
H. E. Karaca; S. M. Saghaian; G. Ded; H. Tobe; B. Basaran; H. J. Maier; R. D. Noebe and Y. I. Chumlyakov,Acta Materialia,Effects of nanoprecipitation on the shape memory and material properties of an Ni-rich NiTiHf high temperature shape memory alloy,2013.0,50.3,29.7,400.0,Ni50.3Ti29.7Hf20.0 %,20.0
H. E. Karaca; S. M. Saghaian; G. Ded; H. Tobe; B. Basaran; H. J. Maier; R. D. Noebe and Y. I. Chumlyakov,Acta Materialia,Effects of nanoprecipitation on the shape memory and material properties of an Ni-rich NiTiHf high temperature shape memory alloy,2013.0,50.3,29.7,400.0,Ni50.3Ti29.7Hf20.0 %,20.0
H. E. Karaca; S. M. Saghaian; G. Ded; H. Tobe; B. Basaran; H. J. Maier; R. D. Noebe and Y. I. Chumlyakov,Acta Materialia,Effects of nanoprecipitation on the shape memory and material properties of an Ni-rich NiTiHf high temperature shape memory alloy,2013.0,50.3,29.7,500.0,Ni50.3Ti29.7Hf20.0 %,20.0
H. E. Karaca; S. M. Saghaian; G. Ded; H. Tobe; B. Basaran; H. J. Maier; R. D. Noebe and Y. I. Chumlyakov,Acta Materialia,Effects of nanoprecipitation on the shape memory and material properties of an Ni-rich NiTiHf high temperature shape memory alloy,2013.0,50.3,29.7,500.0,Ni50.3Ti29.7Hf20.0 %,20.0
H. E. Karaca; S. M. Saghaian; G. Ded; H. Tobe; B. Basaran; H. J. Maier; R. D. Noebe and Y. I. Chumlyakov,Acta Materialia,Effects of nanoprecipitation on the shape memory and material properties of an Ni-rich NiTiHf high temperature shape memory alloy,2013.0,50.3,29.7,500.0,Ni50.3Ti29.7Hf20.0 %,20.0
H. E. Karaca; S. M. Saghaian; G. Ded; H. Tobe; B. Basaran; H. J. Maier; R. D. Noebe and Y. I. Chumlyakov,Acta Materialia,Effects of nanoprecipitation on the shape memory and material properties of an Ni-rich NiTiHf high temperature shape memory alloy,2013.0,50.3,29.7,500.0,Ni50.3Ti29.7Hf20.0 %,20.0
H. E. Karaca; S. M. Saghaian; G. Ded; H. Tobe; B. Basaran; H. J. Maier; R. D. Noebe and Y. I. Chumlyakov,Acta Materialia,Effects of nanoprecipitation on the shape memory and material properties of an Ni-rich NiTiHf high temperature shape memory alloy,2013.0,50.3,29.7,500.0,Ni50.3Ti29.7Hf20.0 %,20.0
H. E. Karaca; S. M. Saghaian; G. Ded; H. Tobe; B. Basaran; H. J. Maier; R. D. Noebe and Y. I. Chumlyakov,Acta Materialia,Effects of nanoprecipitation on the shape memory and material properties of an Ni-rich NiTiHf high temperature shape memory alloy,2013.0,50.3,29.7,500.0,Ni50.3Ti29.7Hf20.0 %,20.0
H. E. Karaca; S. M. Saghaian; G. Ded; H. Tobe; B. Basaran; H. J. Maier; R. D. Noebe and Y. I. Chumlyakov,Acta Materialia,Effects of nanoprecipitation on the shape memory and material properties of an Ni-rich NiTiHf high temperature shape memory alloy,2013.0,50.3,29.7,500.0,Ni50.3Ti29.7Hf20.0 %,20.0
H. E. Karaca; S. M. Saghaian; G. Ded; H. Tobe; B. Basaran; H. J. Maier; R. D. Noebe and Y. I. Chumlyakov,Acta Materialia,Effects of nanoprecipitation on the shape memory and material properties of an Ni-rich NiTiHf high temperature shape memory alloy,2013.0,50.3,29.7,500.0,Ni50.3Ti29.7Hf20.0 %,20.0
H. E. Karaca; S. M. Saghaian; G. Ded; H. Tobe; B. Basaran; H. J. Maier; R. D. Noebe and Y. I. Chumlyakov,Acta Materialia,Effects of nanoprecipitation on the shape memory and material properties of an Ni-rich NiTiHf high temperature shape memory alloy,2013.0,50.3,29.7,550.0,Ni50.3Ti29.7Hf20.0 %,20.0
H. E. Karaca; S. M. Saghaian; G. Ded; H. Tobe; B. Basaran; H. J. Maier; R. D. Noebe and Y. I. Chumlyakov,Acta Materialia,Effects of nanoprecipitation on the shape memory and material properties of an Ni-rich NiTiHf high temperature shape memory alloy,2013.0,50.3,29.7,600.0,Ni50.3Ti29.7Hf20.0 %,20.0
H. E. Karaca; S. M. Saghaian; G. Ded; H. Tobe; B. Basaran; H. J. Maier; R. D. Noebe and Y. I. Chumlyakov,Acta Materialia,Effects of nanoprecipitation on the shape memory and material properties of an Ni-rich NiTiHf high temperature shape memory alloy,2013.0,50.3,29.7,700.0,Ni50.3Ti29.7Hf20.0 %,20.0
H. E. Karaca; S. M. Saghaian; G. Ded; H. Tobe; B. Basaran; H. J. Maier; R. D. Noebe and Y. I. Chumlyakov,Acta Materialia,Effects of nanoprecipitation on the shape memory and material properties of an Ni-rich NiTiHf high temperature shape memory alloy,2013.0,50.3,29.7,900.0,Ni50.3Ti29.7Hf20.0 %,20.0
H. E. Karaca; S. M. Saghaian; G. Ded; H. Tobe; B. Basaran; H. J. Maier; R. D. Noebe and Y. I. Chumlyakov,Acta Materialia,Effects of nanoprecipitation on the shape memory and material properties of an Ni-rich NiTiHf high temperature shape memory alloy,2013.0,50.3,29.7,400.0,Ni50.3Ti29.7Hf20.0 %,20.0
H. E. Karaca; S. M. Saghaian; G. Ded; H. Tobe; B. Basaran; H. J. Maier; R. D. Noebe and Y. I. Chumlyakov,Acta Materialia,Effects of nanoprecipitation on the shape memory and material properties of an Ni-rich NiTiHf high temperature shape memory alloy,2013.0,50.3,29.7,500.0,Ni50.3Ti29.7Hf20.0 %,20.0
H. E. Karaca; S. M. Saghaian; G. Ded; H. Tobe; B. Basaran; H. J. Maier; R. D. Noebe and Y. I. Chumlyakov,Acta Materialia,Effects of nanoprecipitation on the shape memory and material properties of an Ni-rich NiTiHf high temperature shape memory alloy,2013.0,50.3,29.7,550.0,Ni50.3Ti29.7Hf20.0 %,20.0
H. E. Karaca; S. M. Saghaian; G. Ded; H. Tobe; B. Basaran; H. J. Maier; R. D. Noebe and Y. I. Chumlyakov,Acta Materialia,Effects of nanoprecipitation on the shape memory and material properties of an Ni-rich NiTiHf high temperature shape memory alloy,2013.0,50.3,29.7,600.0,Ni50.3Ti29.7Hf20.0 %,20.0
H. E. Karaca; S. M. Saghaian; G. Ded; H. Tobe; B. Basaran; H. J. Maier; R. D. Noebe and Y. I. Chumlyakov,Acta Materialia,Effects of nanoprecipitation on the shape memory and material properties of an Ni-rich NiTiHf high temperature shape memory alloy,2013.0,50.3,29.7,650.0,Ni50.3Ti29.7Hf20.0 %,20.0
H. E. Karaca; S. M. Saghaian; G. Ded; H. Tobe; B. Basaran; H. J. Maier; R. D. Noebe and Y. I. Chumlyakov,Acta Materialia,Effects of nanoprecipitation on the shape memory and material properties of an Ni-rich NiTiHf high temperature shape memory alloy,2013.0,50.3,29.7,700.0,Ni50.3Ti29.7Hf20.0 %,20.0
H. E. Karaca; S. M. Saghaian; G. Ded; H. Tobe; B. Basaran; H. J. Maier; R. D. Noebe and Y. I. Chumlyakov,Acta Materialia,Effects of nanoprecipitation on the shape memory and material properties of an Ni-rich NiTiHf high temperature shape memory alloy,2013.0,50.3,29.7,800.0,Ni50.3Ti29.7Hf20.0 %,20.0
H. E. Karaca; S. M. Saghaian; G. Ded; H. Tobe; B. Basaran; H. J. Maier; R. D. Noebe and Y. I. Chumlyakov,Acta Materialia,Effects of nanoprecipitation on the shape memory and material properties of an Ni-rich NiTiHf high temperature shape memory alloy,2013.0,50.3,29.7,550.0,Ni50.3Ti29.7Hf20.0 %,20.0
H. E. Karaca; S. M. Saghaian; G. Ded; H. Tobe; B. Basaran; H. J. Maier; R. D. Noebe and Y. I. Chumlyakov,Acta Materialia,Effects of nanoprecipitation on the shape memory and material properties of an Ni-rich NiTiHf high temperature shape memory alloy,2013.0,50.3,29.7,550.0,Ni50.3Ti29.7Hf20.0 %,20.0
H. E. Karaca; S. M. Saghaian; G. Ded; H. Tobe; B. Basaran; H. J. Maier; R. D. Noebe and Y. I. Chumlyakov,Acta Materialia,Effects of nanoprecipitation on the shape memory and material properties of an Ni-rich NiTiHf high temperature shape memory alloy,2013.0,50.3,29.7,550.0,Ni50.3Ti29.7Hf20.0 %,20.0
H. E. Karaca; S. M. Saghaian; G. Ded; H. Tobe; B. Basaran; H. J. Maier; R. D. Noebe and Y. I. Chumlyakov,Acta Materialia,Effects of nanoprecipitation on the shape memory and material properties of an Ni-rich NiTiHf high temperature shape memory alloy,2013.0,50.3,29.7,650.0,Ni50.3Ti29.7Hf20.0 %,20.0
H. E. Karaca; S. M. Saghaian; G. Ded; H. Tobe; B. Basaran; H. J. Maier; R. D. Noebe and Y. I. Chumlyakov,Acta Materialia,Effects of nanoprecipitation on the shape memory and material properties of an Ni-rich NiTiHf high temperature shape memory alloy,2013.0,50.3,29.7,650.0,Ni50.3Ti29.7Hf20.0 %,20.0
H. E. Karaca; S. M. Saghaian; G. Ded; H. Tobe; B. Basaran; H. J. Maier; R. D. Noebe and Y. I. Chumlyakov,Acta Materialia,Effects of nanoprecipitation on the shape memory and material properties of an Ni-rich NiTiHf high temperature shape memory alloy,2013.0,50.3,29.7,650.0,Ni50.3Ti29.7Hf20.0 %,20.0
H. E. Karaca; S. M. Saghaian; G. Ded; H. Tobe; B. Basaran; H. J. Maier; R. D. Noebe and Y. I. Chumlyakov,Acta Materialia,Effects of nanoprecipitation on the shape memory and material properties of an Ni-rich NiTiHf high temperature shape memory alloy,2013.0,50.3,29.7,550.0,Ni50.3Ti29.7Hf20.0 %,20.0
H. E. Karaca; S. M. Saghaian; G. Ded; H. Tobe; B. Basaran; H. J. Maier; R. D. Noebe and Y. I. Chumlyakov,Acta Materialia,Effects of nanoprecipitation on the shape memory and material properties of an Ni-rich NiTiHf high temperature shape memory alloy,2013.0,50.3,29.7,550.0,Ni50.3Ti29.7Hf20.0 %,20.0
H. E. Karaca; S. M. Saghaian; G. Ded; H. Tobe; B. Basaran; H. J. Maier; R. D. Noebe and Y. I. Chumlyakov,Acta Materialia,Effects of nanoprecipitation on the shape memory and material properties of an Ni-rich NiTiHf high temperature shape memory alloy,2013.0,50.3,29.7,550.0,Ni50.3Ti29.7Hf20.0 %,20.0
H. E. Karaca; S. M. Saghaian; G. Ded; H. Tobe; B. Basaran; H. J. Maier; R. D. Noebe and Y. I. Chumlyakov,Acta Materialia,Effects of nanoprecipitation on the shape memory and material properties of an Ni-rich NiTiHf high temperature shape memory alloy,2013.0,50.3,29.7,550.0,Ni50.3Ti29.7Hf20.0 %,20.0
H. E. Karaca; S. M. Saghaian; G. Ded; H. Tobe; B. Basaran; H. J. Maier; R. D. Noebe and Y. I. Chumlyakov,Acta Materialia,Effects of nanoprecipitation on the shape memory and material properties of an Ni-rich NiTiHf high temperature shape memory alloy,2013.0,50.3,29.7,550.0,Ni50.3Ti29.7Hf20.0 %,20.0
H. E. Karaca; S. M. Saghaian; G. Ded; H. Tobe; B. Basaran; H. J. Maier; R. D. Noebe and Y. I. Chumlyakov,Acta Materialia,Effects of nanoprecipitation on the shape memory and material properties of an Ni-rich NiTiHf high temperature shape memory alloy,2013.0,50.3,29.7,650.0,Ni50.3Ti29.7Hf20.0 %,20.0
H. E. Karaca; S. M. Saghaian; G. Ded; H. Tobe; B. Basaran; H. J. Maier; R. D. Noebe and Y. I. Chumlyakov,Acta Materialia,Effects of nanoprecipitation on the shape memory and material properties of an Ni-rich NiTiHf high temperature shape memory alloy,2013.0,50.3,29.7,650.0,Ni50.3Ti29.7Hf20.0 %,20.0
H. E. Karaca; S. M. Saghaian; G. Ded; H. Tobe; B. Basaran; H. J. Maier; R. D. Noebe and Y. I. Chumlyakov,Acta Materialia,Effects of nanoprecipitation on the shape memory and material properties of an Ni-rich NiTiHf high temperature shape memory alloy,2013.0,50.3,29.7,650.0,Ni50.3Ti29.7Hf20.0 %,20.0
H. E. Karaca; S. M. Saghaian; G. Ded; H. Tobe; B. Basaran; H. J. Maier; R. D. Noebe and Y. I. Chumlyakov,Acta Materialia,Effects of nanoprecipitation on the shape memory and material properties of an Ni-rich NiTiHf high temperature shape memory alloy,2013.0,50.3,29.7,650.0,Ni50.3Ti29.7Hf20.0 %,20.0
H. E. Karaca; S. M. Saghaian; G. Ded; H. Tobe; B. Basaran; H. J. Maier; R. D. Noebe and Y. I. Chumlyakov,Acta Materialia,Effects of nanoprecipitation on the shape memory and material properties of an Ni-rich NiTiHf high temperature shape memory alloy,2013.0,50.3,29.7,650.0,Ni50.3Ti29.7Hf20.0 %,20.0
O. Karakoc; A. Demblon; R. W. Wheeler; D. C. Lagoudas and I. Karaman,AIAA Scitech 2019 Forum,Effects of testing parameters on the fatigue performance NiTiHf high temperature shape memory alloys,2019.0,50.3,29.7,550.0,Ni50.3Ti29.7Hf20.0 %,20.0
O. Karakoc; A. Demblon; R. W. Wheeler; D. C. Lagoudas and I. Karaman,AIAA Scitech 2019 Forum,Effects of testing parameters on the fatigue performance NiTiHf high temperature shape memory alloys,2019.0,50.3,29.7,550.0,Ni50.3Ti29.7Hf20.0 %,20.0
O. Karakoc; A. Demblon; R. W. Wheeler; D. C. Lagoudas and I. Karaman,AIAA Scitech 2019 Forum,Effects of testing parameters on the fatigue performance NiTiHf high temperature shape memory alloys,2019.0,50.3,29.7,550.0,Ni50.3Ti29.7Hf20.0 %,20.0
O. Karakoc; A. Demblon; R. W. Wheeler; D. C. Lagoudas and I. Karaman,AIAA Scitech 2019 Forum,Effects of testing parameters on the fatigue performance NiTiHf high temperature shape memory alloys,2019.0,50.3,29.7,550.0,Ni50.3Ti29.7Hf20.0 %,20.0
O. Karakoc; A. Demblon; R. W. Wheeler; D. C. Lagoudas and I. Karaman,AIAA Scitech 2019 Forum,Effects of testing parameters on the fatigue performance NiTiHf high temperature shape memory alloys,2019.0,50.3,29.7,550.0,Ni50.3Ti29.7Hf20.0 %,20.0
O. Karakoc; A. Demblon; R. W. Wheeler; D. C. Lagoudas and I. Karaman,AIAA Scitech 2019 Forum,Effects of testing parameters on the fatigue performance NiTiHf high temperature shape memory alloys,2019.0,50.3,29.7,550.0,Ni50.3Ti29.7Hf20.0 %,20.0
O. Karakoc; A. Demblon; R. W. Wheeler; D. C. Lagoudas and I. Karaman,AIAA Scitech 2019 Forum,Effects of testing parameters on the fatigue performance NiTiHf high temperature shape memory alloys,2019.0,50.3,29.7,550.0,Ni50.3Ti29.7Hf20.0 %,20.0
O. Karakoc; A. Demblon; R. W. Wheeler; D. C. Lagoudas and I. Karaman,AIAA Scitech 2019 Forum,Effects of testing parameters on the fatigue performance NiTiHf high temperature shape memory alloys,2019.0,50.3,29.7,550.0,Ni50.3Ti29.7Hf20.0 %,20.0
O. Karakoc; A. Demblon; R. W. Wheeler; D. C. Lagoudas and I. Karaman,AIAA Scitech 2019 Forum,Effects of testing parameters on the fatigue performance NiTiHf high temperature shape memory alloys,2019.0,50.3,29.7,550.0,Ni50.3Ti29.7Hf20.0 %,20.0
O. Karakoc; A. Demblon; R. W. Wheeler; D. C. Lagoudas and I. Karaman,AIAA Scitech 2019 Forum,Effects of testing parameters on the fatigue performance NiTiHf high temperature shape memory alloys,2019.0,50.3,29.7,550.0,Ni50.3Ti29.7Hf20.0 %,20.0
O. Karakoc; A. Demblon; R. W. Wheeler; D. C. Lagoudas and I. Karaman,AIAA Scitech 2019 Forum,Effects of testing parameters on the fatigue performance NiTiHf high temperature shape memory alloys,2019.0,50.3,29.7,550.0,Ni50.3Ti29.7Hf20.0 %,20.0
O. Karakoc; A. Demblon; R. W. Wheeler; D. C. Lagoudas and I. Karaman,AIAA Scitech 2019 Forum,Effects of testing parameters on the fatigue performance NiTiHf high temperature shape memory alloys,2019.0,50.3,29.7,550.0,Ni50.3Ti29.7Hf20.0 %,20.0
O. Karakoc; A. Demblon; R. W. Wheeler; D. C. Lagoudas and I. Karaman,AIAA Scitech 2019 Forum,Effects of testing parameters on the fatigue performance NiTiHf high temperature shape memory alloys,2019.0,50.3,29.7,550.0,Ni50.3Ti29.7Hf20.0 %,20.0
O. Karakoc; A. Demblon; R. W. Wheeler; D. C. Lagoudas and I. Karaman,AIAA Scitech 2019 Forum,Effects of testing parameters on the fatigue performance NiTiHf high temperature shape memory alloys,2019.0,50.3,29.7,550.0,Ni50.3Ti29.7Hf20.0 %,20.0
O. Karakoc; A. Demblon; R. W. Wheeler; D. C. Lagoudas and I. Karaman,AIAA Scitech 2019 Forum,Effects of testing parameters on the fatigue performance NiTiHf high temperature shape memory alloys,2019.0,50.3,29.7,550.0,Ni50.3Ti29.7Hf20.0 %,20.0
O. Karakoc; A. Demblon; R. W. Wheeler; D. C. Lagoudas and I. Karaman,AIAA Scitech 2019 Forum,Effects of testing parameters on the fatigue performance NiTiHf high temperature shape memory alloys,2019.0,50.3,29.7,550.0,Ni50.3Ti29.7Hf20.0 %,20.0
O. Karakoc; A. Demblon; R. W. Wheeler; D. C. Lagoudas and I. Karaman,AIAA Scitech 2019 Forum,Effects of testing parameters on the fatigue performance NiTiHf high temperature shape memory alloys,2019.0,50.3,29.7,550.0,Ni50.3Ti29.7Hf20.0 %,20.0
O. Karakoc; A. Demblon; R. W. Wheeler; D. C. Lagoudas and I. Karaman,AIAA Scitech 2019 Forum,Effects of testing parameters on the fatigue performance NiTiHf high temperature shape memory alloys,2019.0,50.3,29.7,550.0,Ni50.3Ti29.7Hf20.0 %,20.0
O. Karakoc; A. Demblon; R. W. Wheeler; D. C. Lagoudas and I. Karaman,AIAA Scitech 2019 Forum,Effects of testing parameters on the fatigue performance NiTiHf high temperature shape memory alloys,2019.0,50.3,29.7,550.0,Ni50.3Ti29.7Hf20.0 %,20.0
O. Karakoc; A. Demblon; R. W. Wheeler; D. C. Lagoudas and I. Karaman,AIAA Scitech 2019 Forum,Effects of testing parameters on the fatigue performance NiTiHf high temperature shape memory alloys,2019.0,50.3,29.7,550.0,Ni50.3Ti29.7Hf20.0 %,20.0
O. Karakoc; C. Hayrettin; M. Bass; S. J. Wang; D. Canadinc; J. H. Mabe; D. C. Lagoudas and I. Karaman,Acta Materialia,Effects of upper cycle temperature on the actuation fatigue response of NiTiHf high temperature shape memory alloys,2017.0,50.3,29.7,550.0,Ni50.3Ti29.7Hf20.0 %,20.0
O. Karakoc; C. Hayrettin; M. Bass; S. J. Wang; D. Canadinc; J. H. Mabe; D. C. Lagoudas and I. Karaman,Acta Materialia,Effects of upper cycle temperature on the actuation fatigue response of NiTiHf high temperature shape memory alloys,2017.0,50.3,29.7,550.0,Ni50.3Ti29.7Hf20.0 %,20.0
O. Karakoc; C. Hayrettin; M. Bass; S. J. Wang; D. Canadinc; J. H. Mabe; D. C. Lagoudas and I. Karaman,Acta Materialia,Effects of upper cycle temperature on the actuation fatigue response of NiTiHf high temperature shape memory alloys,2017.0,50.3,29.7,550.0,Ni50.3Ti29.7Hf20.0 %,20.0
O. Karakoc; C. Hayrettin; M. Bass; S. J. Wang; D. Canadinc; J. H. Mabe; D. C. Lagoudas and I. Karaman,Acta Materialia,Effects of upper cycle temperature on the actuation fatigue response of NiTiHf high temperature shape memory alloys,2017.0,50.3,29.7,550.0,Ni50.3Ti29.7Hf20.0 %,20.0
O. Karakoc; C. Hayrettin; M. Bass; S. J. Wang; D. Canadinc; J. H. Mabe; D. C. Lagoudas and I. Karaman,Acta Materialia,Effects of upper cycle temperature on the actuation fatigue response of NiTiHf high temperature shape memory alloys,2017.0,50.3,29.7,550.0,Ni50.3Ti29.7Hf20.0 %,20.0
O. Karakoc; C. Hayrettin; M. Bass; S. J. Wang; D. Canadinc; J. H. Mabe; D. C. Lagoudas and I. Karaman,Acta Materialia,Effects of upper cycle temperature on the actuation fatigue response of NiTiHf high temperature shape memory alloys,2017.0,50.3,29.7,550.0,Ni50.3Ti29.7Hf20.0 %,20.0
O. Karakoc; C. Hayrettin; M. Bass; S. J. Wang; D. Canadinc; J. H. Mabe; D. C. Lagoudas and I. Karaman,Acta Materialia,Effects of upper cycle temperature on the actuation fatigue response of NiTiHf high temperature shape memory alloys,2017.0,50.3,29.7,550.0,Ni50.3Ti29.7Hf20.0 %,20.0
O. Karakoc; C. Hayrettin; M. Bass; S. J. Wang; D. Canadinc; J. H. Mabe; D. C. Lagoudas and I. Karaman,Acta Materialia,Effects of upper cycle temperature on the actuation fatigue response of NiTiHf high temperature shape memory alloys,2017.0,50.3,29.7,550.0,Ni50.3Ti29.7Hf20.0 %,20.0
O. Karakoc; C. Hayrettin; M. Bass; S. J. Wang; D. Canadinc; J. H. Mabe; D. C. Lagoudas and I. Karaman,Acta Materialia,Effects of upper cycle temperature on the actuation fatigue response of NiTiHf high temperature shape memory alloys,2017.0,50.3,29.7,550.0,Ni50.3Ti29.7Hf20.0 %,20.0
F. R. Phillips; R. W. Wheeler; A. B. Geltmacher and D. C. Lagoudas,International Journal of Fatigue,Evolution of internal damage during actuation fatigue in shape memory alloys,2019.0,50.3,29.7,550.0,Ni50.3Ti29.7Hf20.0 %,20.0
F. R. Phillips; R. W. Wheeler; A. B. Geltmacher and D. C. Lagoudas,International Journal of Fatigue,Evolution of internal damage during actuation fatigue in shape memory alloys,2019.0,50.3,29.7,550.0,Ni50.3Ti29.7Hf20.0 %,20.0
F. R. Phillips; R. W. Wheeler; A. B. Geltmacher and D. C. Lagoudas,International Journal of Fatigue,Evolution of internal damage during actuation fatigue in shape memory alloys,2019.0,50.3,29.7,550.0,Ni50.3Ti29.7Hf20.0 %,20.0
F. R. Phillips; R. W. Wheeler; A. B. Geltmacher and D. C. Lagoudas,International Journal of Fatigue,Evolution of internal damage during actuation fatigue in shape memory alloys,2019.0,50.3,29.7,550.0,Ni50.3Ti29.7Hf20.0 %,20.0
F. R. Phillips; R. W. Wheeler; A. B. Geltmacher and D. C. Lagoudas,International Journal of Fatigue,Evolution of internal damage during actuation fatigue in shape memory alloys,2019.0,50.3,29.7,550.0,Ni50.3Ti29.7Hf20.0 %,20.0
F. R. Phillips; R. W. Wheeler; A. B. Geltmacher and D. C. Lagoudas,International Journal of Fatigue,Evolution of internal damage during actuation fatigue in shape memory alloys,2019.0,50.3,29.7,550.0,Ni50.3Ti29.7Hf20.0 %,20.0
F. R. Phillips; R. W. Wheeler; A. B. Geltmacher and D. C. Lagoudas,International Journal of Fatigue,Evolution of internal damage during actuation fatigue in shape memory alloys,2019.0,50.3,29.7,550.0,Ni50.3Ti29.7Hf20.0 %,20.0
S.-W. Kim; J. W. Jo; C. H. Park; J.-K. Hong; J.-T. Yeom and H.-G. Kim,Materials Science and Engineering: A,Fracture toughness of TiNiHf alloys: A hybrid study using in-situ transmission electron microscopy experiments and finite element analyses,2016.0,50.3,34.7,850.0,Ni50.3Ti34.7Hf15.0 %,15.0
S.-W. Kim; J. W. Jo; C. H. Park; J.-K. Hong; J.-T. Yeom and H.-G. Kim,Materials Science and Engineering: A,Fracture toughness of TiNiHf alloys: A hybrid study using in-situ transmission electron microscopy experiments and finite element analyses,2016.0,50.3,34.7,850.0,Ni50.3Ti34.7Hf15.0 %,15.0
M. Prasher and D. Sen,Journal of Alloys and Compounds,Influence of aging on phase transformation and microstructure of Ni50.3Ti29.7Hf20 high temperature shape memory alloy,2014.0,50.3,29.7,950.0,Ni50.3Ti29.7Hf20.0 %,20.0
M. Prasher and D. Sen,Journal of Alloys and Compounds,Influence of aging on phase transformation and microstructure of Ni50.3Ti29.7Hf20 high temperature shape memory alloy,2014.0,50.3,29.7,950.0,Ni50.3Ti29.7Hf20.0 %,20.0
M. Prasher and D. Sen,Journal of Alloys and Compounds,Influence of aging on phase transformation and microstructure of Ni50.3Ti29.7Hf20 high temperature shape memory alloy,2014.0,50.3,29.7,950.0,Ni50.3Ti29.7Hf20.0 %,20.0
M. Prasher and D. Sen,Journal of Alloys and Compounds,Influence of aging on phase transformation and microstructure of Ni50.3Ti29.7Hf20 high temperature shape memory alloy,2014.0,50.3,29.7,950.0,Ni50.3Ti29.7Hf20.0 %,20.0
M. Prasher and D. Sen,Journal of Alloys and Compounds,Influence of aging on phase transformation and microstructure of Ni50.3Ti29.7Hf20 high temperature shape memory alloy,2014.0,50.3,29.7,950.0,Ni50.3Ti29.7Hf20.0 %,20.0
M. Prasher and D. Sen,Journal of Alloys and Compounds,Influence of aging on phase transformation and microstructure of Ni50.3Ti29.7Hf20 high temperature shape memory alloy,2014.0,50.3,29.7,950.0,Ni50.3Ti29.7Hf20.0 %,20.0
S. M. Kornegay,Metallurgical and Materials Engineering,Influence of zirconium additions on nitinol shape memory phase stability; transformation temperatures; and thermo-mechanical properties,2016.0,50.3,48.7,1050.0,Ni50.3Ti48.7Hf1.0 %,1.0
S. M. Kornegay,Metallurgical and Materials Engineering,Influence of zirconium additions on nitinol shape memory phase stability; transformation temperatures; and thermo-mechanical properties,2016.0,50.3,48.7,1050.0,Ni50.3Ti48.7Hf1.0 %,1.0
S. M. Kornegay,Metallurgical and Materials Engineering,Influence of zirconium additions on nitinol shape memory phase stability; transformation temperatures; and thermo-mechanical properties,2016.0,50.3,48.7,1050.0,Ni50.3Ti48.7Hf1.0 %,1.0
S. M. Kornegay,Metallurgical and Materials Engineering,Influence of zirconium additions on nitinol shape memory phase stability; transformation temperatures; and thermo-mechanical properties,2016.0,50.3,48.7,1050.0,Ni50.3Ti48.7Hf1.0 %,1.0
S. M. Kornegay,Metallurgical and Materials Engineering,Influence of zirconium additions on nitinol shape memory phase stability; transformation temperatures; and thermo-mechanical properties,2016.0,50.3,48.7,1050.0,Ni50.3Ti48.7Hf1.0 %,1.0
S. M. Kornegay,Metallurgical and Materials Engineering,Influence of zirconium additions on nitinol shape memory phase stability; transformation temperatures; and thermo-mechanical properties,2016.0,50.3,48.7,1050.0,Ni50.3Ti48.7Hf1.0 %,1.0
S. M. Kornegay,Metallurgical and Materials Engineering,Influence of zirconium additions on nitinol shape memory phase stability; transformation temperatures; and thermo-mechanical properties,2016.0,50.3,48.7,1050.0,Ni50.3Ti48.7Hf1.0 %,1.0
S. M. Kornegay,Metallurgical and Materials Engineering,Influence of zirconium additions on nitinol shape memory phase stability; transformation temperatures; and thermo-mechanical properties,2016.0,50.3,48.7,1050.0,Ni50.3Ti48.7Hf1.0 %,1.0
S. M. Kornegay,Metallurgical and Materials Engineering,Influence of zirconium additions on nitinol shape memory phase stability; transformation temperatures; and thermo-mechanical properties,2016.0,50.3,48.7,1050.0,Ni50.3Ti48.7Hf1.0 %,1.0
S. M. Kornegay,Metallurgical and Materials Engineering,Influence of zirconium additions on nitinol shape memory phase stability; transformation temperatures; and thermo-mechanical properties,2016.0,50.3,48.7,1050.0,Ni50.3Ti48.7Hf1.0 %,1.0
S. M. Kornegay,Metallurgical and Materials Engineering,Influence of zirconium additions on nitinol shape memory phase stability; transformation temperatures; and thermo-mechanical properties,2016.0,50.3,48.7,1050.0,Ni50.3Ti48.7Hf1.0 %,1.0
S. M. Kornegay,Metallurgical and Materials Engineering,Influence of zirconium additions on nitinol shape memory phase stability; transformation temperatures; and thermo-mechanical properties,2016.0,50.3,48.7,1050.0,Ni50.3Ti48.7Hf1.0 %,1.0
S. M. Kornegay,Metallurgical and Materials Engineering,Influence of zirconium additions on nitinol shape memory phase stability; transformation temperatures; and thermo-mechanical properties,2016.0,50.3,48.7,1050.0,Ni50.3Ti48.7Hf1.0 %,1.0
S. M. Kornegay,Metallurgical and Materials Engineering,Influence of zirconium additions on nitinol shape memory phase stability; transformation temperatures; and thermo-mechanical properties,2016.0,50.3,48.7,1050.0,Ni50.3Ti48.7Hf1.0 %,1.0
S. M. Kornegay,Metallurgical and Materials Engineering,Influence of zirconium additions on nitinol shape memory phase stability; transformation temperatures; and thermo-mechanical properties,2016.0,50.3,48.7,1050.0,Ni50.3Ti48.7Hf1.0 %,1.0
S. M. Kornegay,Metallurgical and Materials Engineering,Influence of zirconium additions on nitinol shape memory phase stability; transformation temperatures; and thermo-mechanical properties,2016.0,50.3,48.7,1050.0,Ni50.3Ti48.7Hf1.0 %,1.0
S. M. Kornegay,Metallurgical and Materials Engineering,Influence of zirconium additions on nitinol shape memory phase stability; transformation temperatures; and thermo-mechanical properties,2016.0,50.3,48.7,1050.0,Ni50.3Ti48.7Hf1.0 %,1.0
S. M. Kornegay,Metallurgical and Materials Engineering,Influence of zirconium additions on nitinol shape memory phase stability; transformation temperatures; and thermo-mechanical properties,2016.0,50.3,48.7,1050.0,Ni50.3Ti48.7Hf1.0 %,1.0
S. M. Kornegay,Metallurgical and Materials Engineering,Influence of zirconium additions on nitinol shape memory phase stability; transformation temperatures; and thermo-mechanical properties,2016.0,50.3,48.7,1050.0,Ni50.3Ti48.7Hf1.0 %,1.0
S. M. Kornegay,Metallurgical and Materials Engineering,Influence of zirconium additions on nitinol shape memory phase stability; transformation temperatures; and thermo-mechanical properties,2016.0,50.3,48.7,1050.0,Ni50.3Ti48.7Hf1.0 %,1.0
S. M. Kornegay,Metallurgical and Materials Engineering,Influence of zirconium additions on nitinol shape memory phase stability; transformation temperatures; and thermo-mechanical properties,2016.0,50.3,48.7,1050.0,Ni50.3Ti48.7Hf1.0 %,1.0
S. M. Kornegay,Metallurgical and Materials Engineering,Influence of zirconium additions on nitinol shape memory phase stability; transformation temperatures; and thermo-mechanical properties,2016.0,50.3,48.7,1050.0,Ni50.3Ti48.7Hf1.0 %,1.0
S. M. Kornegay,Metallurgical and Materials Engineering,Influence of zirconium additions on nitinol shape memory phase stability; transformation temperatures; and thermo-mechanical properties,2016.0,50.3,48.7,1050.0,Ni50.3Ti48.7Hf1.0 %,1.0
S. M. Kornegay,Metallurgical and Materials Engineering,Influence of zirconium additions on nitinol shape memory phase stability; transformation temperatures; and thermo-mechanical properties,2016.0,50.3,48.7,1050.0,Ni50.3Ti48.7Hf1.0 %,1.0
S. M. Kornegay,Metallurgical and Materials Engineering,Influence of zirconium additions on nitinol shape memory phase stability; transformation temperatures; and thermo-mechanical properties,2016.0,50.3,48.7,1050.0,Ni50.3Ti48.7Hf1.0 %,1.0
S. M. Kornegay,Metallurgical and Materials Engineering,Influence of zirconium additions on nitinol shape memory phase stability; transformation temperatures; and thermo-mechanical properties,2016.0,50.3,48.7,1050.0,Ni50.3Ti48.7Hf1.0 %,1.0
S. M. Kornegay,Metallurgical and Materials Engineering,Influence of zirconium additions on nitinol shape memory phase stability; transformation temperatures; and thermo-mechanical properties,2016.0,50.3,48.7,1050.0,Ni50.3Ti48.7Hf1.0 %,1.0
S. M. Kornegay,Metallurgical and Materials Engineering,Influence of zirconium additions on nitinol shape memory phase stability; transformation temperatures; and thermo-mechanical properties,2016.0,50.3,48.7,1050.0,Ni50.3Ti48.7Hf1.0 %,1.0
S. M. Kornegay,Metallurgical and Materials Engineering,Influence of zirconium additions on nitinol shape memory phase stability; transformation temperatures; and thermo-mechanical properties,2016.0,50.3,48.7,1050.0,Ni50.3Ti48.7Hf1.0 %,1.0
S. M. Kornegay,Metallurgical and Materials Engineering,Influence of zirconium additions on nitinol shape memory phase stability; transformation temperatures; and thermo-mechanical properties,2016.0,50.3,48.7,1050.0,Ni50.3Ti48.7Hf1.0 %,1.0
S. M. Kornegay,Metallurgical and Materials Engineering,Influence of zirconium additions on nitinol shape memory phase stability; transformation temperatures; and thermo-mechanical properties,2016.0,50.3,48.7,1050.0,Ni50.3Ti48.7Hf1.0 %,1.0
S. M. Kornegay,Metallurgical and Materials Engineering,Influence of zirconium additions on nitinol shape memory phase stability; transformation temperatures; and thermo-mechanical properties,2016.0,50.3,48.7,1050.0,Ni50.3Ti48.7Hf1.0 %,1.0
S. M. Kornegay,Metallurgical and Materials Engineering,Influence of zirconium additions on nitinol shape memory phase stability; transformation temperatures; and thermo-mechanical properties,2016.0,50.3,48.7,1050.0,Ni50.3Ti48.7Hf1.0 %,1.0
S. M. Kornegay,Metallurgical and Materials Engineering,Influence of zirconium additions on nitinol shape memory phase stability; transformation temperatures; and thermo-mechanical properties,2016.0,50.3,48.7,1050.0,Ni50.3Ti48.7Hf1.0 %,1.0
S. M. Kornegay,Metallurgical and Materials Engineering,Influence of zirconium additions on nitinol shape memory phase stability; transformation temperatures; and thermo-mechanical properties,2016.0,50.3,48.7,1050.0,Ni50.3Ti48.7Hf1.0 %,1.0
S. M. Kornegay,Metallurgical and Materials Engineering,Influence of zirconium additions on nitinol shape memory phase stability; transformation temperatures; and thermo-mechanical properties,2016.0,50.3,48.7,1050.0,Ni50.3Ti48.7Hf1.0 %,1.0
S. M. Kornegay,Metallurgical and Materials Engineering,Influence of zirconium additions on nitinol shape memory phase stability; transformation temperatures; and thermo-mechanical properties,2016.0,50.3,48.7,1050.0,Ni50.3Ti48.7Hf1.0 %,1.0
B. C. Hornbuckle,Metallurgical Engineering,Investigations in phase stability and mechanical attributes in nickel-rich Nitinol with and without hafnium additions,2014.0,50.3,29.7,1050.0,Ni50.3Ti29.7Hf20.0 %,20.0
A. Evirgen; I. Karaman; R. Santamarta; J. Pons and R. D. Noebe,Acta Materialia,Microstructural characterization and shape memory characteristics of the Ni50.3Ti34.7Hf15 shape memory alloy,2015.0,50.3,34.7,900.0,Ni50.3Ti34.7Hf15.0 %,15.0
A. Evirgen; I. Karaman; R. Santamarta; J. Pons and R. D. Noebe,Acta Materialia,Microstructural characterization and shape memory characteristics of the Ni50.3Ti34.7Hf15 shape memory alloy,2015.0,50.3,34.7,900.0,Ni50.3Ti34.7Hf15.0 %,15.0
A. Evirgen; I. Karaman; R. Santamarta; J. Pons and R. D. Noebe,Acta Materialia,Microstructural characterization and shape memory characteristics of the Ni50.3Ti34.7Hf15 shape memory alloy,2015.0,50.3,34.7,900.0,Ni50.3Ti34.7Hf15.0 %,15.0
A. Evirgen; I. Karaman; R. Santamarta; J. Pons and R. D. Noebe,Acta Materialia,Microstructural characterization and shape memory characteristics of the Ni50.3Ti34.7Hf15 shape memory alloy,2015.0,50.3,34.7,900.0,Ni50.3Ti34.7Hf15.0 %,15.0
A. Evirgen; I. Karaman; R. Santamarta; J. Pons and R. D. Noebe,Acta Materialia,Microstructural characterization and shape memory characteristics of the Ni50.3Ti34.7Hf15 shape memory alloy,2015.0,50.3,34.7,900.0,Ni50.3Ti34.7Hf15.0 %,15.0
A. Evirgen; I. Karaman; R. Santamarta; J. Pons and R. D. Noebe,Acta Materialia,Microstructural characterization and shape memory characteristics of the Ni50.3Ti34.7Hf15 shape memory alloy,2015.0,50.3,34.7,900.0,Ni50.3Ti34.7Hf15.0 %,15.0
A. Evirgen; I. Karaman; R. Santamarta; J. Pons and R. D. Noebe,Acta Materialia,Microstructural characterization and shape memory characteristics of the Ni50.3Ti34.7Hf15 shape memory alloy,2015.0,50.3,34.7,900.0,Ni50.3Ti34.7Hf15.0 %,15.0
A. Evirgen; I. Karaman; R. Santamarta; J. Pons and R. D. Noebe,Acta Materialia,Microstructural characterization and shape memory characteristics of the Ni50.3Ti34.7Hf15 shape memory alloy,2015.0,50.3,34.7,900.0,Ni50.3Ti34.7Hf15.0 %,15.0
A. Evirgen; I. Karaman; R. Santamarta; J. Pons and R. D. Noebe,Acta Materialia,Microstructural characterization and shape memory characteristics of the Ni50.3Ti34.7Hf15 shape memory alloy,2015.0,50.3,34.7,900.0,Ni50.3Ti34.7Hf15.0 %,15.0
A. Evirgen; I. Karaman; R. Santamarta; J. Pons and R. D. Noebe,Acta Materialia,Microstructural characterization and shape memory characteristics of the Ni50.3Ti34.7Hf15 shape memory alloy,2015.0,50.3,34.7,900.0,Ni50.3Ti34.7Hf15.0 %,15.0
A. Evirgen; I. Karaman; R. Santamarta; J. Pons and R. D. Noebe,Acta Materialia,Microstructural characterization and shape memory characteristics of the Ni50.3Ti34.7Hf15 shape memory alloy,2015.0,50.3,34.7,900.0,Ni50.3Ti34.7Hf15.0 %,15.0
A. Evirgen; I. Karaman; R. Santamarta; J. Pons and R. D. Noebe,Acta Materialia,Microstructural characterization and shape memory characteristics of the Ni50.3Ti34.7Hf15 shape memory alloy,2015.0,50.3,34.7,900.0,Ni50.3Ti34.7Hf15.0 %,15.0
A. Evirgen; I. Karaman; R. Santamarta; J. Pons and R. D. Noebe,Acta Materialia,Microstructural characterization and shape memory characteristics of the Ni50.3Ti34.7Hf15 shape memory alloy,2015.0,50.3,34.7,900.0,Ni50.3Ti34.7Hf15.0 %,15.0
A. Evirgen; I. Karaman; R. Santamarta; J. Pons and R. D. Noebe,Acta Materialia,Microstructural characterization and shape memory characteristics of the Ni50.3Ti34.7Hf15 shape memory alloy,2015.0,50.3,34.7,900.0,Ni50.3Ti34.7Hf15.0 %,15.0
A. Evirgen; I. Karaman; R. Santamarta; J. Pons and R. D. Noebe,Acta Materialia,Microstructural characterization and shape memory characteristics of the Ni50.3Ti34.7Hf15 shape memory alloy,2015.0,50.3,34.7,900.0,Ni50.3Ti34.7Hf15.0 %,15.0
A. Evirgen; I. Karaman; R. Santamarta; J. Pons and R. D. Noebe,Acta Materialia,Microstructural characterization and shape memory characteristics of the Ni50.3Ti34.7Hf15 shape memory alloy,2015.0,50.3,34.7,900.0,Ni50.3Ti34.7Hf15.0 %,15.0
A. Evirgen; I. Karaman; R. Santamarta; J. Pons and R. D. Noebe,Acta Materialia,Microstructural characterization and shape memory characteristics of the Ni50.3Ti34.7Hf15 shape memory alloy,2015.0,50.3,34.7,900.0,Ni50.3Ti34.7Hf15.0 %,15.0
A. Evirgen; I. Karaman; R. Santamarta; J. Pons and R. D. Noebe,Acta Materialia,Microstructural characterization and shape memory characteristics of the Ni50.3Ti34.7Hf15 shape memory alloy,2015.0,50.3,34.7,900.0,Ni50.3Ti34.7Hf15.0 %,15.0
A. Evirgen; I. Karaman; R. Santamarta; J. Pons and R. D. Noebe,Acta Materialia,Microstructural characterization and shape memory characteristics of the Ni50.3Ti34.7Hf15 shape memory alloy,2015.0,50.3,34.7,900.0,Ni50.3Ti34.7Hf15.0 %,15.0
A. Evirgen; I. Karaman; R. Santamarta; J. Pons and R. D. Noebe,Acta Materialia,Microstructural characterization and shape memory characteristics of the Ni50.3Ti34.7Hf15 shape memory alloy,2015.0,50.3,34.7,900.0,Ni50.3Ti34.7Hf15.0 %,15.0
A. Evirgen; I. Karaman; R. Santamarta; J. Pons and R. D. Noebe,Acta Materialia,Microstructural characterization and shape memory characteristics of the Ni50.3Ti34.7Hf15 shape memory alloy,2015.0,50.3,34.7,900.0,Ni50.3Ti34.7Hf15.0 %,15.0
A. Evirgen; I. Karaman; R. Santamarta; J. Pons and R. D. Noebe,Acta Materialia,Microstructural characterization and shape memory characteristics of the Ni50.3Ti34.7Hf15 shape memory alloy,2015.0,50.3,34.7,900.0,Ni50.3Ti34.7Hf15.0 %,15.0
A. Evirgen; I. Karaman; R. Santamarta; J. Pons and R. D. Noebe,Acta Materialia,Microstructural characterization and shape memory characteristics of the Ni50.3Ti34.7Hf15 shape memory alloy,2015.0,50.3,34.7,900.0,Ni50.3Ti34.7Hf15.0 %,15.0
A. Evirgen; I. Karaman; R. Santamarta; J. Pons and R. D. Noebe,Acta Materialia,Microstructural characterization and shape memory characteristics of the Ni50.3Ti34.7Hf15 shape memory alloy,2015.0,50.3,34.7,900.0,Ni50.3Ti34.7Hf15.0 %,15.0
A. Evirgen; I. Karaman; R. Santamarta; J. Pons and R. D. Noebe,Acta Materialia,Microstructural characterization and shape memory characteristics of the Ni50.3Ti34.7Hf15 shape memory alloy,2015.0,50.3,34.7,900.0,Ni50.3Ti34.7Hf15.0 %,15.0
A. Evirgen; I. Karaman; R. Santamarta; J. Pons and R. D. Noebe,Acta Materialia,Microstructural characterization and shape memory characteristics of the Ni50.3Ti34.7Hf15 shape memory alloy,2015.0,50.3,34.7,900.0,Ni50.3Ti34.7Hf15.0 %,15.0
A. Evirgen; I. Karaman; R. Santamarta; J. Pons and R. D. Noebe,Acta Materialia,Microstructural characterization and shape memory characteristics of the Ni50.3Ti34.7Hf15 shape memory alloy,2015.0,50.3,34.7,900.0,Ni50.3Ti34.7Hf15.0 %,15.0
A. Evirgen; I. Karaman; R. Santamarta; J. Pons and R. D. Noebe,Acta Materialia,Microstructural characterization and shape memory characteristics of the Ni50.3Ti34.7Hf15 shape memory alloy,2015.0,50.3,34.7,900.0,Ni50.3Ti34.7Hf15.0 %,15.0
A. Evirgen; I. Karaman; R. Santamarta; J. Pons and R. D. Noebe,Acta Materialia,Microstructural characterization and shape memory characteristics of the Ni50.3Ti34.7Hf15 shape memory alloy,2015.0,50.3,34.7,900.0,Ni50.3Ti34.7Hf15.0 %,15.0
A. Evirgen; I. Karaman; R. Santamarta; J. Pons and R. D. Noebe,Acta Materialia,Microstructural characterization and shape memory characteristics of the Ni50.3Ti34.7Hf15 shape memory alloy,2015.0,50.3,34.7,900.0,Ni50.3Ti34.7Hf15.0 %,15.0
A. Evirgen,Materials Science and Engineering,Microstructural Characterization and Shape Memory Response of Ni-Rich NiTiHf and NiTiZr High Temperature Shape Memory Alloys,2014.0,50.3,34.7,900.0,Ni50.3Ti34.7Hf15.0 %,15.0
A. Evirgen,Materials Science and Engineering,Microstructural Characterization and Shape Memory Response of Ni-Rich NiTiHf and NiTiZr High Temperature Shape Memory Alloys,2014.0,50.3,34.7,900.0,Ni50.3Ti34.7Hf15.0 %,15.0
A. Evirgen,Materials Science and Engineering,Microstructural Characterization and Shape Memory Response of Ni-Rich NiTiHf and NiTiZr High Temperature Shape Memory Alloys,2014.0,50.3,34.7,900.0,Ni50.3Ti34.7Hf15.0 %,15.0
A. Evirgen,Materials Science and Engineering,Microstructural Characterization and Shape Memory Response of Ni-Rich NiTiHf and NiTiZr High Temperature Shape Memory Alloys,2014.0,50.3,34.7,900.0,Ni50.3Ti34.7Hf15.0 %,15.0
A. Evirgen,Materials Science and Engineering,Microstructural Characterization and Shape Memory Response of Ni-Rich NiTiHf and NiTiZr High Temperature Shape Memory Alloys,2014.0,50.3,34.7,900.0,Ni50.3Ti34.7Hf15.0 %,15.0
A. Evirgen,Materials Science and Engineering,Microstructural Characterization and Shape Memory Response of Ni-Rich NiTiHf and NiTiZr High Temperature Shape Memory Alloys,2014.0,50.3,34.7,900.0,Ni50.3Ti34.7Hf15.0 %,15.0
A. Evirgen,Materials Science and Engineering,Microstructural Characterization and Shape Memory Response of Ni-Rich NiTiHf and NiTiZr High Temperature Shape Memory Alloys,2014.0,50.3,34.7,900.0,Ni50.3Ti34.7Hf15.0 %,15.0
A. Evirgen,Materials Science and Engineering,Microstructural Characterization and Shape Memory Response of Ni-Rich NiTiHf and NiTiZr High Temperature Shape Memory Alloys,2014.0,50.3,34.7,900.0,Ni50.3Ti34.7Hf15.0 %,15.0
A. Evirgen,Materials Science and Engineering,Microstructural Characterization and Shape Memory Response of Ni-Rich NiTiHf and NiTiZr High Temperature Shape Memory Alloys,2014.0,50.3,34.7,900.0,Ni50.3Ti34.7Hf15.0 %,15.0
A. Evirgen,Materials Science and Engineering,Microstructural Characterization and Shape Memory Response of Ni-Rich NiTiHf and NiTiZr High Temperature Shape Memory Alloys,2014.0,50.3,34.7,900.0,Ni50.3Ti34.7Hf15.0 %,15.0
A. Evirgen,Materials Science and Engineering,Microstructural Characterization and Shape Memory Response of Ni-Rich NiTiHf and NiTiZr High Temperature Shape Memory Alloys,2014.0,50.3,34.7,900.0,Ni50.3Ti34.7Hf15.0 %,15.0
A. Evirgen,Materials Science and Engineering,Microstructural Characterization and Shape Memory Response of Ni-Rich NiTiHf and NiTiZr High Temperature Shape Memory Alloys,2014.0,50.3,34.7,900.0,Ni50.3Ti34.7Hf15.0 %,15.0
A. Evirgen,Materials Science and Engineering,Microstructural Characterization and Shape Memory Response of Ni-Rich NiTiHf and NiTiZr High Temperature Shape Memory Alloys,2014.0,50.3,34.7,900.0,Ni50.3Ti34.7Hf15.0 %,15.0
A. Evirgen,Materials Science and Engineering,Microstructural Characterization and Shape Memory Response of Ni-Rich NiTiHf and NiTiZr High Temperature Shape Memory Alloys,2014.0,50.3,34.7,900.0,Ni50.3Ti34.7Hf15.0 %,15.0
A. Evirgen,Materials Science and Engineering,Microstructural Characterization and Shape Memory Response of Ni-Rich NiTiHf and NiTiZr High Temperature Shape Memory Alloys,2014.0,50.3,34.7,900.0,Ni50.3Ti34.7Hf15.0 %,15.0
A. Evirgen,Materials Science and Engineering,Microstructural Characterization and Shape Memory Response of Ni-Rich NiTiHf and NiTiZr High Temperature Shape Memory Alloys,2014.0,50.3,34.7,900.0,Ni50.3Ti34.7Hf15.0 %,15.0
A. Evirgen,Materials Science and Engineering,Microstructural Characterization and Shape Memory Response of Ni-Rich NiTiHf and NiTiZr High Temperature Shape Memory Alloys,2014.0,50.3,34.7,900.0,Ni50.3Ti34.7Hf15.0 %,15.0
A. Evirgen,Materials Science and Engineering,Microstructural Characterization and Shape Memory Response of Ni-Rich NiTiHf and NiTiZr High Temperature Shape Memory Alloys,2014.0,50.3,34.7,900.0,Ni50.3Ti34.7Hf15.0 %,15.0
A. Evirgen,Materials Science and Engineering,Microstructural Characterization and Shape Memory Response of Ni-Rich NiTiHf and NiTiZr High Temperature Shape Memory Alloys,2014.0,50.3,34.7,900.0,Ni50.3Ti34.7Hf15.0 %,15.0
A. Evirgen,Materials Science and Engineering,Microstructural Characterization and Shape Memory Response of Ni-Rich NiTiHf and NiTiZr High Temperature Shape Memory Alloys,2014.0,50.3,34.7,900.0,Ni50.3Ti34.7Hf15.0 %,15.0
A. Evirgen,Materials Science and Engineering,Microstructural Characterization and Shape Memory Response of Ni-Rich NiTiHf and NiTiZr High Temperature Shape Memory Alloys,2014.0,50.3,34.7,900.0,Ni50.3Ti34.7Hf15.0 %,15.0
A. Evirgen,Materials Science and Engineering,Microstructural Characterization and Shape Memory Response of Ni-Rich NiTiHf and NiTiZr High Temperature Shape Memory Alloys,2014.0,50.3,34.7,900.0,Ni50.3Ti34.7Hf15.0 %,15.0
A. Evirgen,Materials Science and Engineering,Microstructural Characterization and Shape Memory Response of Ni-Rich NiTiHf and NiTiZr High Temperature Shape Memory Alloys,2014.0,50.3,34.7,900.0,Ni50.3Ti34.7Hf15.0 %,15.0
A. Evirgen,Materials Science and Engineering,Microstructural Characterization and Shape Memory Response of Ni-Rich NiTiHf and NiTiZr High Temperature Shape Memory Alloys,2014.0,50.3,34.7,900.0,Ni50.3Ti34.7Hf15.0 %,15.0
A. Evirgen,Materials Science and Engineering,Microstructural Characterization and Shape Memory Response of Ni-Rich NiTiHf and NiTiZr High Temperature Shape Memory Alloys,2014.0,50.3,34.7,900.0,Ni50.3Ti34.7Hf15.0 %,15.0
A. Evirgen,Materials Science and Engineering,Microstructural Characterization and Shape Memory Response of Ni-Rich NiTiHf and NiTiZr High Temperature Shape Memory Alloys,2014.0,50.3,34.7,900.0,Ni50.3Ti34.7Hf15.0 %,15.0
A. Evirgen,Materials Science and Engineering,Microstructural Characterization and Shape Memory Response of Ni-Rich NiTiHf and NiTiZr High Temperature Shape Memory Alloys,2014.0,50.3,34.7,900.0,Ni50.3Ti34.7Hf15.0 %,15.0
A. Evirgen,Materials Science and Engineering,Microstructural Characterization and Shape Memory Response of Ni-Rich NiTiHf and NiTiZr High Temperature Shape Memory Alloys,2014.0,50.3,34.7,900.0,Ni50.3Ti34.7Hf15.0 %,15.0
A. Evirgen,Materials Science and Engineering,Microstructural Characterization and Shape Memory Response of Ni-Rich NiTiHf and NiTiZr High Temperature Shape Memory Alloys,2014.0,50.3,34.7,900.0,Ni50.3Ti34.7Hf15.0 %,15.0
A. Evirgen,Materials Science and Engineering,Microstructural Characterization and Shape Memory Response of Ni-Rich NiTiHf and NiTiZr High Temperature Shape Memory Alloys,2014.0,50.3,34.7,900.0,Ni50.3Ti34.7Hf15.0 %,15.0
A. Evirgen,Materials Science and Engineering,Microstructural Characterization and Shape Memory Response of Ni-Rich NiTiHf and NiTiZr High Temperature Shape Memory Alloys,2014.0,50.3,34.7,900.0,Ni50.3Ti34.7Hf15.0 %,15.0
A. Evirgen,Materials Science and Engineering,Microstructural Characterization and Shape Memory Response of Ni-Rich NiTiHf and NiTiZr High Temperature Shape Memory Alloys,2014.0,50.3,29.7,900.0,Ni50.3Ti29.7Hf20.0 %,20.0
A. Evirgen,Materials Science and Engineering,Microstructural Characterization and Shape Memory Response of Ni-Rich NiTiHf and NiTiZr High Temperature Shape Memory Alloys,2014.0,50.3,29.7,900.0,Ni50.3Ti29.7Hf20.0 %,20.0
A. Evirgen,Materials Science and Engineering,Microstructural Characterization and Shape Memory Response of Ni-Rich NiTiHf and NiTiZr High Temperature Shape Memory Alloys,2014.0,50.3,29.7,900.0,Ni50.3Ti29.7Hf20.0 %,20.0
A. Evirgen,Materials Science and Engineering,Microstructural Characterization and Shape Memory Response of Ni-Rich NiTiHf and NiTiZr High Temperature Shape Memory Alloys,2014.0,50.3,29.7,900.0,Ni50.3Ti29.7Hf20.0 %,20.0
A. Evirgen,Materials Science and Engineering,Microstructural Characterization and Shape Memory Response of Ni-Rich NiTiHf and NiTiZr High Temperature Shape Memory Alloys,2014.0,50.3,29.7,900.0,Ni50.3Ti29.7Hf20.0 %,20.0
A. Evirgen,Materials Science and Engineering,Microstructural Characterization and Shape Memory Response of Ni-Rich NiTiHf and NiTiZr High Temperature Shape Memory Alloys,2014.0,50.3,29.7,900.0,Ni50.3Ti29.7Hf20.0 %,20.0
A. Evirgen,Materials Science and Engineering,Microstructural Characterization and Shape Memory Response of Ni-Rich NiTiHf and NiTiZr High Temperature Shape Memory Alloys,2014.0,50.3,29.7,900.0,Ni50.3Ti29.7Hf20.0 %,20.0
A. Evirgen,Materials Science and Engineering,Microstructural Characterization and Shape Memory Response of Ni-Rich NiTiHf and NiTiZr High Temperature Shape Memory Alloys,2014.0,50.3,29.7,900.0,Ni50.3Ti29.7Hf20.0 %,20.0
A. Evirgen,Materials Science and Engineering,Microstructural Characterization and Shape Memory Response of Ni-Rich NiTiHf and NiTiZr High Temperature Shape Memory Alloys,2014.0,50.3,29.7,900.0,Ni50.3Ti29.7Hf20.0 %,20.0
A. Evirgen,Materials Science and Engineering,Microstructural Characterization and Shape Memory Response of Ni-Rich NiTiHf and NiTiZr High Temperature Shape Memory Alloys,2014.0,50.3,29.7,900.0,Ni50.3Ti29.7Hf20.0 %,20.0
A. Evirgen,Materials Science and Engineering,Microstructural Characterization and Shape Memory Response of Ni-Rich NiTiHf and NiTiZr High Temperature Shape Memory Alloys,2014.0,50.3,29.7,900.0,Ni50.3Ti29.7Hf20.0 %,20.0
A. Evirgen,Materials Science and Engineering,Microstructural Characterization and Shape Memory Response of Ni-Rich NiTiHf and NiTiZr High Temperature Shape Memory Alloys,2014.0,50.3,29.7,900.0,Ni50.3Ti29.7Hf20.0 %,20.0
A. Evirgen,Materials Science and Engineering,Microstructural Characterization and Shape Memory Response of Ni-Rich NiTiHf and NiTiZr High Temperature Shape Memory Alloys,2014.0,50.3,29.7,900.0,Ni50.3Ti29.7Hf20.0 %,20.0
A. Evirgen,Materials Science and Engineering,Microstructural Characterization and Shape Memory Response of Ni-Rich NiTiHf and NiTiZr High Temperature Shape Memory Alloys,2014.0,50.3,29.7,900.0,Ni50.3Ti29.7Hf20.0 %,20.0
A. Evirgen,Materials Science and Engineering,Microstructural Characterization and Shape Memory Response of Ni-Rich NiTiHf and NiTiZr High Temperature Shape Memory Alloys,2014.0,50.3,29.7,900.0,Ni50.3Ti29.7Hf20.0 %,20.0
A. Evirgen,Materials Science and Engineering,Microstructural Characterization and Shape Memory Response of Ni-Rich NiTiHf and NiTiZr High Temperature Shape Memory Alloys,2014.0,50.3,29.7,900.0,Ni50.3Ti29.7Hf20.0 %,20.0
A. Evirgen,Materials Science and Engineering,Microstructural Characterization and Shape Memory Response of Ni-Rich NiTiHf and NiTiZr High Temperature Shape Memory Alloys,2014.0,50.3,29.7,900.0,Ni50.3Ti29.7Hf20.0 %,20.0
A. Evirgen,Materials Science and Engineering,Microstructural Characterization and Shape Memory Response of Ni-Rich NiTiHf and NiTiZr High Temperature Shape Memory Alloys,2014.0,50.3,29.7,900.0,Ni50.3Ti29.7Hf20.0 %,20.0
A. Evirgen,Materials Science and Engineering,Microstructural Characterization and Shape Memory Response of Ni-Rich NiTiHf and NiTiZr High Temperature Shape Memory Alloys,2014.0,50.3,29.7,900.0,Ni50.3Ti29.7Hf20.0 %,20.0
A. Evirgen,Materials Science and Engineering,Microstructural Characterization and Shape Memory Response of Ni-Rich NiTiHf and NiTiZr High Temperature Shape Memory Alloys,2014.0,50.3,29.7,900.0,Ni50.3Ti29.7Hf20.0 %,20.0
A. Evirgen,Materials Science and Engineering,Microstructural Characterization and Shape Memory Response of Ni-Rich NiTiHf and NiTiZr High Temperature Shape Memory Alloys,2014.0,50.3,29.7,900.0,Ni50.3Ti29.7Hf20.0 %,20.0
A. Evirgen,Materials Science and Engineering,Microstructural Characterization and Shape Memory Response of Ni-Rich NiTiHf and NiTiZr High Temperature Shape Memory Alloys,2014.0,50.3,29.7,900.0,Ni50.3Ti29.7Hf20.0 %,20.0
A. Evirgen,Materials Science and Engineering,Microstructural Characterization and Shape Memory Response of Ni-Rich NiTiHf and NiTiZr High Temperature Shape Memory Alloys,2014.0,50.3,29.7,900.0,Ni50.3Ti29.7Hf20.0 %,20.0
A. Evirgen,Materials Science and Engineering,Microstructural Characterization and Shape Memory Response of Ni-Rich NiTiHf and NiTiZr High Temperature Shape Memory Alloys,2014.0,50.3,29.7,900.0,Ni50.3Ti29.7Hf20.0 %,20.0
O. Karakoc; C. Hayrettin; D. Canadinc and I. Karaman,Acta Materialia,Role of applied stress level on the actuation fatigue behavior of NiTiHf high temperature shape memory alloys,2018.0,50.3,29.7,550.0,Ni50.3Ti29.7Hf20.0 %,20.0
O. Karakoc; C. Hayrettin; D. Canadinc and I. Karaman,Acta Materialia,Role of applied stress level on the actuation fatigue behavior of NiTiHf high temperature shape memory alloys,2018.0,50.3,29.7,550.0,Ni50.3Ti29.7Hf20.0 %,20.0
O. Karakoc; C. Hayrettin; D. Canadinc and I. Karaman,Acta Materialia,Role of applied stress level on the actuation fatigue behavior of NiTiHf high temperature shape memory alloys,2018.0,50.3,29.7,550.0,Ni50.3Ti29.7Hf20.0 %,20.0
O. Karakoc; C. Hayrettin; D. Canadinc and I. Karaman,Acta Materialia,Role of applied stress level on the actuation fatigue behavior of NiTiHf high temperature shape memory alloys,2018.0,50.3,29.7,550.0,Ni50.3Ti29.7Hf20.0 %,20.0
O. Karakoc; C. Hayrettin; D. Canadinc and I. Karaman,Acta Materialia,Role of applied stress level on the actuation fatigue behavior of NiTiHf high temperature shape memory alloys,2018.0,50.3,29.7,550.0,Ni50.3Ti29.7Hf20.0 %,20.0
O. Karakoc; C. Hayrettin; D. Canadinc and I. Karaman,Acta Materialia,Role of applied stress level on the actuation fatigue behavior of NiTiHf high temperature shape memory alloys,2018.0,50.3,29.7,550.0,Ni50.3Ti29.7Hf20.0 %,20.0
O. Karakoc; C. Hayrettin; D. Canadinc and I. Karaman,Acta Materialia,Role of applied stress level on the actuation fatigue behavior of NiTiHf high temperature shape memory alloys,2018.0,50.3,29.7,550.0,Ni50.3Ti29.7Hf20.0 %,20.0
O. Karakoc; C. Hayrettin; D. Canadinc and I. Karaman,Acta Materialia,Role of applied stress level on the actuation fatigue behavior of NiTiHf high temperature shape memory alloys,2018.0,50.3,29.7,550.0,Ni50.3Ti29.7Hf20.0 %,20.0
O. Karakoc; C. Hayrettin; D. Canadinc and I. Karaman,Acta Materialia,Role of applied stress level on the actuation fatigue behavior of NiTiHf high temperature shape memory alloys,2018.0,50.3,29.7,550.0,Ni50.3Ti29.7Hf20.0 %,20.0
O. Karakoc; C. Hayrettin; D. Canadinc and I. Karaman,Acta Materialia,Role of applied stress level on the actuation fatigue behavior of NiTiHf high temperature shape memory alloys,2018.0,50.3,29.7,550.0,Ni50.3Ti29.7Hf20.0 %,20.0
O. Karakoc; C. Hayrettin; D. Canadinc and I. Karaman,Acta Materialia,Role of applied stress level on the actuation fatigue behavior of NiTiHf high temperature shape memory alloys,2018.0,50.3,29.7,550.0,Ni50.3Ti29.7Hf20.0 %,20.0
O. Karakoc; C. Hayrettin; D. Canadinc and I. Karaman,Acta Materialia,Role of applied stress level on the actuation fatigue behavior of NiTiHf high temperature shape memory alloys,2018.0,50.3,29.7,550.0,Ni50.3Ti29.7Hf20.0 %,20.0
O. Karakoc; C. Hayrettin; D. Canadinc and I. Karaman,Acta Materialia,Role of applied stress level on the actuation fatigue behavior of NiTiHf high temperature shape memory alloys,2018.0,50.3,29.7,550.0,Ni50.3Ti29.7Hf20.0 %,20.0
O. Karakoc; C. Hayrettin; A. Evirgen; R. Santamarta; D. Canadinc; R. W. Wheeler; S. J. Wang; D. C. Lagoudas and I. Karaman,Acta Materialia,Role of microstructure on the actuation fatigue performance of Ni-Rich NiTiHf high temperature shape memory alloys,2019.0,50.3,29.7,550.0,Ni50.3Ti29.7Hf20.0 %,20.0
O. Karakoc; C. Hayrettin; A. Evirgen; R. Santamarta; D. Canadinc; R. W. Wheeler; S. J. Wang; D. C. Lagoudas and I. Karaman,Acta Materialia,Role of microstructure on the actuation fatigue performance of Ni-Rich NiTiHf high temperature shape memory alloys,2019.0,50.3,29.7,550.0,Ni50.3Ti29.7Hf20.0 %,20.0
O. Karakoc; C. Hayrettin; A. Evirgen; R. Santamarta; D. Canadinc; R. W. Wheeler; S. J. Wang; D. C. Lagoudas and I. Karaman,Acta Materialia,Role of microstructure on the actuation fatigue performance of Ni-Rich NiTiHf high temperature shape memory alloys,2019.0,50.3,29.7,550.0,Ni50.3Ti29.7Hf20.0 %,20.0
O. Karakoc; C. Hayrettin; A. Evirgen; R. Santamarta; D. Canadinc; R. W. Wheeler; S. J. Wang; D. C. Lagoudas and I. Karaman,Acta Materialia,Role of microstructure on the actuation fatigue performance of Ni-Rich NiTiHf high temperature shape memory alloys,2019.0,50.3,29.7,600.0,Ni50.3Ti29.7Hf20.0 %,20.0
O. Karakoc; C. Hayrettin; A. Evirgen; R. Santamarta; D. Canadinc; R. W. Wheeler; S. J. Wang; D. C. Lagoudas and I. Karaman,Acta Materialia,Role of microstructure on the actuation fatigue performance of Ni-Rich NiTiHf high temperature shape memory alloys,2019.0,50.3,29.7,600.0,Ni50.3Ti29.7Hf20.0 %,20.0
O. Karakoc; C. Hayrettin; A. Evirgen; R. Santamarta; D. Canadinc; R. W. Wheeler; S. J. Wang; D. C. Lagoudas and I. Karaman,Acta Materialia,Role of microstructure on the actuation fatigue performance of Ni-Rich NiTiHf high temperature shape memory alloys,2019.0,50.3,29.7,600.0,Ni50.3Ti29.7Hf20.0 %,20.0
O. Karakoc; C. Hayrettin; A. Evirgen; R. Santamarta; D. Canadinc; R. W. Wheeler; S. J. Wang; D. C. Lagoudas and I. Karaman,Acta Materialia,Role of microstructure on the actuation fatigue performance of Ni-Rich NiTiHf high temperature shape memory alloys,2019.0,50.3,29.7,700.0,Ni50.3Ti29.7Hf20.0 %,20.0
O. Karakoc; C. Hayrettin; A. Evirgen; R. Santamarta; D. Canadinc; R. W. Wheeler; S. J. Wang; D. C. Lagoudas and I. Karaman,Acta Materialia,Role of microstructure on the actuation fatigue performance of Ni-Rich NiTiHf high temperature shape memory alloys,2019.0,50.3,29.7,700.0,Ni50.3Ti29.7Hf20.0 %,20.0
O. Karakoc; C. Hayrettin; A. Evirgen; R. Santamarta; D. Canadinc; R. W. Wheeler; S. J. Wang; D. C. Lagoudas and I. Karaman,Acta Materialia,Role of microstructure on the actuation fatigue performance of Ni-Rich NiTiHf high temperature shape memory alloys,2019.0,50.3,29.7,700.0,Ni50.3Ti29.7Hf20.0 %,20.0
O. Karakoc; C. Hayrettin; A. Evirgen; R. Santamarta; D. Canadinc; R. W. Wheeler; S. J. Wang; D. C. Lagoudas and I. Karaman,Acta Materialia,Role of microstructure on the actuation fatigue performance of Ni-Rich NiTiHf high temperature shape memory alloys,2019.0,50.3,29.7,550.0,Ni50.3Ti29.7Hf20.0 %,20.0
O. Karakoc; C. Hayrettin; A. Evirgen; R. Santamarta; D. Canadinc; R. W. Wheeler; S. J. Wang; D. C. Lagoudas and I. Karaman,Acta Materialia,Role of microstructure on the actuation fatigue performance of Ni-Rich NiTiHf high temperature shape memory alloys,2019.0,50.3,29.7,550.0,Ni50.3Ti29.7Hf20.0 %,20.0
O. Karakoc; C. Hayrettin; A. Evirgen; R. Santamarta; D. Canadinc; R. W. Wheeler; S. J. Wang; D. C. Lagoudas and I. Karaman,Acta Materialia,Role of microstructure on the actuation fatigue performance of Ni-Rich NiTiHf high temperature shape memory alloys,2019.0,50.3,29.7,550.0,Ni50.3Ti29.7Hf20.0 %,20.0
O. Karakoc; C. Hayrettin; A. Evirgen; R. Santamarta; D. Canadinc; R. W. Wheeler; S. J. Wang; D. C. Lagoudas and I. Karaman,Acta Materialia,Role of microstructure on the actuation fatigue performance of Ni-Rich NiTiHf high temperature shape memory alloys,2019.0,50.3,29.7,550.0,Ni50.3Ti29.7Hf20.0 %,20.0
O. Karakoc; C. Hayrettin; A. Evirgen; R. Santamarta; D. Canadinc; R. W. Wheeler; S. J. Wang; D. C. Lagoudas and I. Karaman,Acta Materialia,Role of microstructure on the actuation fatigue performance of Ni-Rich NiTiHf high temperature shape memory alloys,2019.0,50.3,29.7,550.0,Ni50.3Ti29.7Hf20.0 %,20.0
O. Karakoc; C. Hayrettin; A. Evirgen; R. Santamarta; D. Canadinc; R. W. Wheeler; S. J. Wang; D. C. Lagoudas and I. Karaman,Acta Materialia,Role of microstructure on the actuation fatigue performance of Ni-Rich NiTiHf high temperature shape memory alloys,2019.0,50.3,29.7,550.0,Ni50.3Ti29.7Hf20.0 %,20.0
O. Karakoc; C. Hayrettin; A. Evirgen; R. Santamarta; D. Canadinc; R. W. Wheeler; S. J. Wang; D. C. Lagoudas and I. Karaman,Acta Materialia,Role of microstructure on the actuation fatigue performance of Ni-Rich NiTiHf high temperature shape memory alloys,2019.0,50.3,29.7,600.0,Ni50.3Ti29.7Hf20.0 %,20.0
O. Karakoc; C. Hayrettin; A. Evirgen; R. Santamarta; D. Canadinc; R. W. Wheeler; S. J. Wang; D. C. Lagoudas and I. Karaman,Acta Materialia,Role of microstructure on the actuation fatigue performance of Ni-Rich NiTiHf high temperature shape memory alloys,2019.0,50.3,29.7,600.0,Ni50.3Ti29.7Hf20.0 %,20.0
O. Karakoc; C. Hayrettin; A. Evirgen; R. Santamarta; D. Canadinc; R. W. Wheeler; S. J. Wang; D. C. Lagoudas and I. Karaman,Acta Materialia,Role of microstructure on the actuation fatigue performance of Ni-Rich NiTiHf high temperature shape memory alloys,2019.0,50.3,29.7,600.0,Ni50.3Ti29.7Hf20.0 %,20.0
O. Karakoc; C. Hayrettin; A. Evirgen; R. Santamarta; D. Canadinc; R. W. Wheeler; S. J. Wang; D. C. Lagoudas and I. Karaman,Acta Materialia,Role of microstructure on the actuation fatigue performance of Ni-Rich NiTiHf high temperature shape memory alloys,2019.0,50.3,29.7,600.0,Ni50.3Ti29.7Hf20.0 %,20.0
O. Karakoc; C. Hayrettin; A. Evirgen; R. Santamarta; D. Canadinc; R. W. Wheeler; S. J. Wang; D. C. Lagoudas and I. Karaman,Acta Materialia,Role of microstructure on the actuation fatigue performance of Ni-Rich NiTiHf high temperature shape memory alloys,2019.0,50.3,29.7,600.0,Ni50.3Ti29.7Hf20.0 %,20.0
O. Karakoc; C. Hayrettin; A. Evirgen; R. Santamarta; D. Canadinc; R. W. Wheeler; S. J. Wang; D. C. Lagoudas and I. Karaman,Acta Materialia,Role of microstructure on the actuation fatigue performance of Ni-Rich NiTiHf high temperature shape memory alloys,2019.0,50.3,29.7,600.0,Ni50.3Ti29.7Hf20.0 %,20.0
O. Karakoc; C. Hayrettin; A. Evirgen; R. Santamarta; D. Canadinc; R. W. Wheeler; S. J. Wang; D. C. Lagoudas and I. Karaman,Acta Materialia,Role of microstructure on the actuation fatigue performance of Ni-Rich NiTiHf high temperature shape memory alloys,2019.0,50.3,29.7,700.0,Ni50.3Ti29.7Hf20.0 %,20.0
O. Karakoc; C. Hayrettin; A. Evirgen; R. Santamarta; D. Canadinc; R. W. Wheeler; S. J. Wang; D. C. Lagoudas and I. Karaman,Acta Materialia,Role of microstructure on the actuation fatigue performance of Ni-Rich NiTiHf high temperature shape memory alloys,2019.0,50.3,29.7,700.0,Ni50.3Ti29.7Hf20.0 %,20.0
O. Karakoc; C. Hayrettin; A. Evirgen; R. Santamarta; D. Canadinc; R. W. Wheeler; S. J. Wang; D. C. Lagoudas and I. Karaman,Acta Materialia,Role of microstructure on the actuation fatigue performance of Ni-Rich NiTiHf high temperature shape memory alloys,2019.0,50.3,29.7,700.0,Ni50.3Ti29.7Hf20.0 %,20.0
O. Karakoc; C. Hayrettin; A. Evirgen; R. Santamarta; D. Canadinc; R. W. Wheeler; S. J. Wang; D. C. Lagoudas and I. Karaman,Acta Materialia,Role of microstructure on the actuation fatigue performance of Ni-Rich NiTiHf high temperature shape memory alloys,2019.0,50.3,29.7,700.0,Ni50.3Ti29.7Hf20.0 %,20.0
O. Karakoc; C. Hayrettin; A. Evirgen; R. Santamarta; D. Canadinc; R. W. Wheeler; S. J. Wang; D. C. Lagoudas and I. Karaman,Acta Materialia,Role of microstructure on the actuation fatigue performance of Ni-Rich NiTiHf high temperature shape memory alloys,2019.0,50.3,29.7,700.0,Ni50.3Ti29.7Hf20.0 %,20.0
O. Karakoc; C. Hayrettin; A. Evirgen; R. Santamarta; D. Canadinc; R. W. Wheeler; S. J. Wang; D. C. Lagoudas and I. Karaman,Acta Materialia,Role of microstructure on the actuation fatigue performance of Ni-Rich NiTiHf high temperature shape memory alloys,2019.0,50.3,29.7,700.0,Ni50.3Ti29.7Hf20.0 %,20.0
S. M. Saghaian,Mechanical Engineering,Shape memory behavior of single crystal and polycrystalline Ni-rich NiTiHf high temperature shape memory alloys,2015.0,50.3,29.7,300.0,Ni50.3Ti29.7Hf20.0 %,20.0
S. M. Saghaian,Mechanical Engineering,Shape memory behavior of single crystal and polycrystalline Ni-rich NiTiHf high temperature shape memory alloys,2015.0,50.3,29.7,400.0,Ni50.3Ti29.7Hf20.0 %,20.0
S. M. Saghaian,Mechanical Engineering,Shape memory behavior of single crystal and polycrystalline Ni-rich NiTiHf high temperature shape memory alloys,2015.0,50.3,29.7,500.0,Ni50.3Ti29.7Hf20.0 %,20.0
S. M. Saghaian,Mechanical Engineering,Shape memory behavior of single crystal and polycrystalline Ni-rich NiTiHf high temperature shape memory alloys,2015.0,50.3,29.7,550.0,Ni50.3Ti29.7Hf20.0 %,20.0
S. M. Saghaian,Mechanical Engineering,Shape memory behavior of single crystal and polycrystalline Ni-rich NiTiHf high temperature shape memory alloys,2015.0,50.3,29.7,600.0,Ni50.3Ti29.7Hf20.0 %,20.0
S. M. Saghaian,Mechanical Engineering,Shape memory behavior of single crystal and polycrystalline Ni-rich NiTiHf high temperature shape memory alloys,2015.0,50.3,29.7,700.0,Ni50.3Ti29.7Hf20.0 %,20.0
S. M. Saghaian,Mechanical Engineering,Shape memory behavior of single crystal and polycrystalline Ni-rich NiTiHf high temperature shape memory alloys,2015.0,50.3,29.7,800.0,Ni50.3Ti29.7Hf20.0 %,20.0
S. M. Saghaian,Mechanical Engineering,Shape memory behavior of single crystal and polycrystalline Ni-rich NiTiHf high temperature shape memory alloys,2015.0,50.3,29.7,500.0,Ni50.3Ti29.7Hf20.0 %,20.0
S. M. Saghaian,Mechanical Engineering,Shape memory behavior of single crystal and polycrystalline Ni-rich NiTiHf high temperature shape memory alloys,2015.0,50.3,29.7,500.0,Ni50.3Ti29.7Hf20.0 %,20.0
S. M. Saghaian,Mechanical Engineering,Shape memory behavior of single crystal and polycrystalline Ni-rich NiTiHf high temperature shape memory alloys,2015.0,50.3,29.7,500.0,Ni50.3Ti29.7Hf20.0 %,20.0
S. M. Saghaian,Mechanical Engineering,Shape memory behavior of single crystal and polycrystalline Ni-rich NiTiHf high temperature shape memory alloys,2015.0,50.3,29.7,550.0,Ni50.3Ti29.7Hf20.0 %,20.0
S. M. Saghaian,Mechanical Engineering,Shape memory behavior of single crystal and polycrystalline Ni-rich NiTiHf high temperature shape memory alloys,2015.0,50.3,29.7,550.0,Ni50.3Ti29.7Hf20.0 %,20.0
S. M. Saghaian,Mechanical Engineering,Shape memory behavior of single crystal and polycrystalline Ni-rich NiTiHf high temperature shape memory alloys,2015.0,50.3,29.7,550.0,Ni50.3Ti29.7Hf20.0 %,20.0
S. M. Saghaian,Mechanical Engineering,Shape memory behavior of single crystal and polycrystalline Ni-rich NiTiHf high temperature shape memory alloys,2015.0,50.3,29.7,500.0,Ni50.3Ti29.7Hf20.0 %,20.0
S. M. Saghaian,Mechanical Engineering,Shape memory behavior of single crystal and polycrystalline Ni-rich NiTiHf high temperature shape memory alloys,2015.0,50.3,29.7,500.0,Ni50.3Ti29.7Hf20.0 %,20.0
S. M. Saghaian,Mechanical Engineering,Shape memory behavior of single crystal and polycrystalline Ni-rich NiTiHf high temperature shape memory alloys,2015.0,50.3,29.7,500.0,Ni50.3Ti29.7Hf20.0 %,20.0
S. M. Saghaian,Mechanical Engineering,Shape memory behavior of single crystal and polycrystalline Ni-rich NiTiHf high temperature shape memory alloys,2015.0,50.3,29.7,500.0,Ni50.3Ti29.7Hf20.0 %,20.0
S. M. Saghaian,Mechanical Engineering,Shape memory behavior of single crystal and polycrystalline Ni-rich NiTiHf high temperature shape memory alloys,2015.0,50.3,29.7,500.0,Ni50.3Ti29.7Hf20.0 %,20.0
S. M. Saghaian,Mechanical Engineering,Shape memory behavior of single crystal and polycrystalline Ni-rich NiTiHf high temperature shape memory alloys,2015.0,50.3,29.7,500.0,Ni50.3Ti29.7Hf20.0 %,20.0
S. M. Saghaian,Mechanical Engineering,Shape memory behavior of single crystal and polycrystalline Ni-rich NiTiHf high temperature shape memory alloys,2015.0,50.3,29.7,500.0,Ni50.3Ti29.7Hf20.0 %,20.0
S. M. Saghaian,Mechanical Engineering,Shape memory behavior of single crystal and polycrystalline Ni-rich NiTiHf high temperature shape memory alloys,2015.0,50.3,29.7,550.0,Ni50.3Ti29.7Hf20.0 %,20.0
S. M. Saghaian,Mechanical Engineering,Shape memory behavior of single crystal and polycrystalline Ni-rich NiTiHf high temperature shape memory alloys,2015.0,50.3,29.7,550.0,Ni50.3Ti29.7Hf20.0 %,20.0
S. M. Saghaian,Mechanical Engineering,Shape memory behavior of single crystal and polycrystalline Ni-rich NiTiHf high temperature shape memory alloys,2015.0,50.3,29.7,550.0,Ni50.3Ti29.7Hf20.0 %,20.0
S. M. Saghaian,Mechanical Engineering,Shape memory behavior of single crystal and polycrystalline Ni-rich NiTiHf high temperature shape memory alloys,2015.0,50.3,29.7,550.0,Ni50.3Ti29.7Hf20.0 %,20.0
S. M. Saghaian,Mechanical Engineering,Shape memory behavior of single crystal and polycrystalline Ni-rich NiTiHf high temperature shape memory alloys,2015.0,50.3,29.7,550.0,Ni50.3Ti29.7Hf20.0 %,20.0
S. M. Saghaian,Mechanical Engineering,Shape memory behavior of single crystal and polycrystalline Ni-rich NiTiHf high temperature shape memory alloys,2015.0,50.3,29.7,550.0,Ni50.3Ti29.7Hf20.0 %,20.0
M. Prasher; D. Sen; B. C. Maji and M. Krishnan,AIP Conference Proceedings,Small angle x-ray scattering study of nano-scale precipitation in Ni 50.3 Ti 29.7 Hf 20 high temperature shape memory alloy,2014.0,50.3,29.7,950.0,Ni50.3Ti29.7Hf20.0 %,20.0
M. Prasher; D. Sen; B. C. Maji and M. Krishnan,AIP Conference Proceedings,Small angle x-ray scattering study of nano-scale precipitation in Ni 50.3 Ti 29.7 Hf 20 high temperature shape memory alloy,2014.0,50.3,29.7,950.0,Ni50.3Ti29.7Hf20.0 %,20.0
M. Prasher; D. Sen; B. C. Maji and M. Krishnan,AIP Conference Proceedings,Small angle x-ray scattering study of nano-scale precipitation in Ni 50.3 Ti 29.7 Hf 20 high temperature shape memory alloy,2014.0,50.3,29.7,950.0,Ni50.3Ti29.7Hf20.0 %,20.0
F. Yang; D. R. Coughlin; P. J. Phillips; L. Yang; A. Devaraj; L. Kovarik; R. D. Noebe and M. J. Mills,Acta Materialia,Structure analysis of a precipitate phase in an Ni-rich high-temperature NiTiHf shape memory alloy,2013.0,50.3,29.7,600.0,Ni50.3Ti29.7Hf20.0 %,20.0
R. Santamarta; R. Arróyave; J. Pons; A. Evirgen; I. Karaman; H. Karaca and R. Noebe,Acta Materialia,TEM study of structural and microstructural characteristics of a precipitate phase in Ni-rich Ni–Ti–Hf and Ni–Ti–Zr shape memory alloys,2013.0,50.3,34.7,900.0,Ni50.3Ti34.7Hf15.0 %,15.0
S. M. Saghaian; H. E. Karaca; M. Souri; A. S. Turabi and R. D. Noebe,Materials & Design,Tensile shape memory behavior of Ni50.3Ti29.7Hf20 high temperature shape memory alloys,2016.0,50.3,29.7,500.0,Ni50.3Ti29.7Hf20.0 %,20.0
S. M. Saghaian; H. E. Karaca; M. Souri; A. S. Turabi and R. D. Noebe,Materials & Design,Tensile shape memory behavior of Ni50.3Ti29.7Hf20 high temperature shape memory alloys,2016.0,50.3,29.7,500.0,Ni50.3Ti29.7Hf20.0 %,20.0
S. M. Saghaian; H. E. Karaca; M. Souri; A. S. Turabi and R. D. Noebe,Materials & Design,Tensile shape memory behavior of Ni50.3Ti29.7Hf20 high temperature shape memory alloys,2016.0,50.3,29.7,500.0,Ni50.3Ti29.7Hf20.0 %,20.0
S. M. Saghaian; H. E. Karaca; M. Souri; A. S. Turabi and R. D. Noebe,Materials & Design,Tensile shape memory behavior of Ni50.3Ti29.7Hf20 high temperature shape memory alloys,2016.0,50.3,29.7,500.0,Ni50.3Ti29.7Hf20.0 %,20.0
S. M. Saghaian; H. E. Karaca; M. Souri; A. S. Turabi and R. D. Noebe,Materials & Design,Tensile shape memory behavior of Ni50.3Ti29.7Hf20 high temperature shape memory alloys,2016.0,50.3,29.7,500.0,Ni50.3Ti29.7Hf20.0 %,20.0
S. M. Saghaian; H. E. Karaca; M. Souri; A. S. Turabi and R. D. Noebe,Materials & Design,Tensile shape memory behavior of Ni50.3Ti29.7Hf20 high temperature shape memory alloys,2016.0,50.3,29.7,500.0,Ni50.3Ti29.7Hf20.0 %,20.0
S. M. Saghaian; H. E. Karaca; M. Souri; A. S. Turabi and R. D. Noebe,Materials & Design,Tensile shape memory behavior of Ni50.3Ti29.7Hf20 high temperature shape memory alloys,2016.0,50.3,29.7,500.0,Ni50.3Ti29.7Hf20.0 %,20.0
S. M. Saghaian; H. E. Karaca; M. Souri; A. S. Turabi and R. D. Noebe,Materials & Design,Tensile shape memory behavior of Ni50.3Ti29.7Hf20 high temperature shape memory alloys,2016.0,50.3,29.7,550.0,Ni50.3Ti29.7Hf20.0 %,20.0
S. M. Saghaian; H. E. Karaca; M. Souri; A. S. Turabi and R. D. Noebe,Materials & Design,Tensile shape memory behavior of Ni50.3Ti29.7Hf20 high temperature shape memory alloys,2016.0,50.3,29.7,550.0,Ni50.3Ti29.7Hf20.0 %,20.0
S. M. Saghaian; H. E. Karaca; M. Souri; A. S. Turabi and R. D. Noebe,Materials & Design,Tensile shape memory behavior of Ni50.3Ti29.7Hf20 high temperature shape memory alloys,2016.0,50.3,29.7,550.0,Ni50.3Ti29.7Hf20.0 %,20.0
S. M. Saghaian; H. E. Karaca; M. Souri; A. S. Turabi and R. D. Noebe,Materials & Design,Tensile shape memory behavior of Ni50.3Ti29.7Hf20 high temperature shape memory alloys,2016.0,50.3,29.7,550.0,Ni50.3Ti29.7Hf20.0 %,20.0
S. M. Saghaian; H. E. Karaca; M. Souri; A. S. Turabi and R. D. Noebe,Materials & Design,Tensile shape memory behavior of Ni50.3Ti29.7Hf20 high temperature shape memory alloys,2016.0,50.3,29.7,550.0,Ni50.3Ti29.7Hf20.0 %,20.0
C. M. Denowh,Mechanical Engineering,Thermomechanical training and characterization of Ni–Ti–Hf and Ni–Ti–Hf–Cu high temperature shape memory alloys,2011.0,50.3,29.7,450.0,Ni50.3Ti29.7Hf20.0 %,20.0
C. M. Denowh,Mechanical Engineering,Thermomechanical training and characterization of Ni–Ti–Hf and Ni–Ti–Hf–Cu high temperature shape memory alloys,2011.0,50.3,29.7,450.0,Ni50.3Ti29.7Hf20.0 %,20.0
C. M. Denowh,Mechanical Engineering,Thermomechanical training and characterization of Ni–Ti–Hf and Ni–Ti–Hf–Cu high temperature shape memory alloys,2011.0,50.3,29.7,450.0,Ni50.3Ti29.7Hf20.0 %,20.0
C. M. Denowh,Mechanical Engineering,Thermomechanical training and characterization of Ni–Ti–Hf and Ni–Ti–Hf–Cu high temperature shape memory alloys,2011.0,50.3,29.7,450.0,Ni50.3Ti29.7Hf20.0 %,20.0
C. M. Denowh,Mechanical Engineering,Thermomechanical training and characterization of Ni–Ti–Hf and Ni–Ti–Hf–Cu high temperature shape memory alloys,2011.0,50.3,29.7,450.0,Ni50.3Ti29.7Hf20.0 %,20.0
C. M. Denowh,Mechanical Engineering,Thermomechanical training and characterization of Ni–Ti–Hf and Ni–Ti–Hf–Cu high temperature shape memory alloys,2011.0,50.3,29.7,450.0,Ni50.3Ti29.7Hf20.0 %,20.0
C. M. Denowh,Mechanical Engineering,Thermomechanical training and characterization of Ni–Ti–Hf and Ni–Ti–Hf–Cu high temperature shape memory alloys,2011.0,50.3,29.7,450.0,Ni50.3Ti29.7Hf20.0 %,20.0
C. M. Denowh,Mechanical Engineering,Thermomechanical training and characterization of Ni–Ti–Hf and Ni–Ti–Hf–Cu high temperature shape memory alloys,2011.0,50.3,29.7,450.0,Ni50.3Ti29.7Hf20.0 %,20.0
C. M. Denowh,Mechanical Engineering,Thermomechanical training and characterization of Ni–Ti–Hf and Ni–Ti–Hf–Cu high temperature shape memory alloys,2011.0,50.3,29.7,450.0,Ni50.3Ti29.7Hf20.0 %,20.0
C. M. Denowh,Mechanical Engineering,Thermomechanical training and characterization of Ni–Ti–Hf and Ni–Ti–Hf–Cu high temperature shape memory alloys,2011.0,50.3,29.7,450.0,Ni50.3Ti29.7Hf20.0 %,20.0
C. M. Denowh,Mechanical Engineering,Thermomechanical training and characterization of Ni–Ti–Hf and Ni–Ti–Hf–Cu high temperature shape memory alloys,2011.0,50.3,29.7,450.0,Ni50.3Ti29.7Hf20.0 %,20.0
C. M. Denowh,Mechanical Engineering,Thermomechanical training and characterization of Ni–Ti–Hf and Ni–Ti–Hf–Cu high temperature shape memory alloys,2011.0,50.3,29.7,450.0,Ni50.3Ti29.7Hf20.0 %,20.0
C. M. Denowh,Mechanical Engineering,Thermomechanical training and characterization of Ni–Ti–Hf and Ni–Ti–Hf–Cu high temperature shape memory alloys,2011.0,50.3,29.7,450.0,Ni50.3Ti29.7Hf20.0 %,20.0
C. M. Denowh,Mechanical Engineering,Thermomechanical training and characterization of Ni–Ti–Hf and Ni–Ti–Hf–Cu high temperature shape memory alloys,2011.0,50.3,29.7,450.0,Ni50.3Ti29.7Hf20.0 %,20.0
C. M. Denowh,Mechanical Engineering,Thermomechanical training and characterization of Ni–Ti–Hf and Ni–Ti–Hf–Cu high temperature shape memory alloys,2011.0,50.3,29.7,450.0,Ni50.3Ti29.7Hf20.0 %,20.0
C. M. Denowh,Mechanical Engineering,Thermomechanical training and characterization of Ni–Ti–Hf and Ni–Ti–Hf–Cu high temperature shape memory alloys,2011.0,50.3,29.7,450.0,Ni50.3Ti29.7Hf20.0 %,20.0
C. M. Denowh,Mechanical Engineering,Thermomechanical training and characterization of Ni–Ti–Hf and Ni–Ti–Hf–Cu high temperature shape memory alloys,2011.0,50.3,29.7,450.0,Ni50.3Ti29.7Hf20.0 %,20.0
C. M. Denowh,Mechanical Engineering,Thermomechanical training and characterization of Ni–Ti–Hf and Ni–Ti–Hf–Cu high temperature shape memory alloys,2011.0,50.3,29.7,450.0,Ni50.3Ti29.7Hf20.0 %,20.0
C. M. Denowh,Mechanical Engineering,Thermomechanical training and characterization of Ni–Ti–Hf and Ni–Ti–Hf–Cu high temperature shape memory alloys,2011.0,50.3,29.7,450.0,Ni50.3Ti29.7Hf20.0 %,20.0
C. M. Denowh,Mechanical Engineering,Thermomechanical training and characterization of Ni–Ti–Hf and Ni–Ti–Hf–Cu high temperature shape memory alloys,2011.0,50.3,29.7,450.0,Ni50.3Ti29.7Hf20.0 %,20.0
C. M. Denowh and D. A. Miller,Smart Materials and Structures,Thermomechanical training and characterization of Ni–Ti–Hf and Ni–Ti–Hf–Cu high temperature shape memory alloys,2012.0,50.3,29.7,450.0,Ni50.3Ti29.7Hf20.0 %,20.0
C. M. Denowh and D. A. Miller,Smart Materials and Structures,Thermomechanical training and characterization of Ni–Ti–Hf and Ni–Ti–Hf–Cu high temperature shape memory alloys,2012.0,50.3,29.7,450.0,Ni50.3Ti29.7Hf20.0 %,20.0
C. M. Denowh and D. A. Miller,Smart Materials and Structures,Thermomechanical training and characterization of Ni–Ti–Hf and Ni–Ti–Hf–Cu high temperature shape memory alloys,2012.0,50.3,29.7,450.0,Ni50.3Ti29.7Hf20.0 %,20.0
C. M. Denowh and D. A. Miller,Smart Materials and Structures,Thermomechanical training and characterization of Ni–Ti–Hf and Ni–Ti–Hf–Cu high temperature shape memory alloys,2012.0,50.3,29.7,450.0,Ni50.3Ti29.7Hf20.0 %,20.0
C. M. Denowh and D. A. Miller,Smart Materials and Structures,Thermomechanical training and characterization of Ni–Ti–Hf and Ni–Ti–Hf–Cu high temperature shape memory alloys,2012.0,50.3,29.7,450.0,Ni50.3Ti29.7Hf20.0 %,20.0
C. M. Denowh and D. A. Miller,Smart Materials and Structures,Thermomechanical training and characterization of Ni–Ti–Hf and Ni–Ti–Hf–Cu high temperature shape memory alloys,2012.0,50.3,29.7,450.0,Ni50.3Ti29.7Hf20.0 %,20.0
C. M. Denowh and D. A. Miller,Smart Materials and Structures,Thermomechanical training and characterization of Ni–Ti–Hf and Ni–Ti–Hf–Cu high temperature shape memory alloys,2012.0,50.3,29.7,450.0,Ni50.3Ti29.7Hf20.0 %,20.0
C. M. Denowh and D. A. Miller,Smart Materials and Structures,Thermomechanical training and characterization of Ni–Ti–Hf and Ni–Ti–Hf–Cu high temperature shape memory alloys,2012.0,50.3,29.7,450.0,Ni50.3Ti29.7Hf20.0 %,20.0
C. M. Denowh and D. A. Miller,Smart Materials and Structures,Thermomechanical training and characterization of Ni–Ti–Hf and Ni–Ti–Hf–Cu high temperature shape memory alloys,2012.0,50.3,29.7,450.0,Ni50.3Ti29.7Hf20.0 %,20.0
C. M. Denowh and D. A. Miller,Smart Materials and Structures,Thermomechanical training and characterization of Ni–Ti–Hf and Ni–Ti–Hf–Cu high temperature shape memory alloys,2012.0,50.3,29.7,450.0,Ni50.3Ti29.7Hf20.0 %,20.0
C. M. Denowh and D. A. Miller,Smart Materials and Structures,Thermomechanical training and characterization of Ni–Ti–Hf and Ni–Ti–Hf–Cu high temperature shape memory alloys,2012.0,50.3,29.7,450.0,Ni50.3Ti29.7Hf20.0 %,20.0
C. M. Denowh and D. A. Miller,Smart Materials and Structures,Thermomechanical training and characterization of Ni–Ti–Hf and Ni–Ti–Hf–Cu high temperature shape memory alloys,2012.0,50.3,29.7,450.0,Ni50.3Ti29.7Hf20.0 %,20.0
C. M. Denowh and D. A. Miller,Smart Materials and Structures,Thermomechanical training and characterization of Ni–Ti–Hf and Ni–Ti–Hf–Cu high temperature shape memory alloys,2012.0,50.3,29.7,450.0,Ni50.3Ti29.7Hf20.0 %,20.0
C. M. Denowh and D. A. Miller,Smart Materials and Structures,Thermomechanical training and characterization of Ni–Ti–Hf and Ni–Ti–Hf–Cu high temperature shape memory alloys,2012.0,50.3,29.7,450.0,Ni50.3Ti29.7Hf20.0 %,20.0
C. M. Denowh and D. A. Miller,Smart Materials and Structures,Thermomechanical training and characterization of Ni–Ti–Hf and Ni–Ti–Hf–Cu high temperature shape memory alloys,2012.0,50.3,29.7,450.0,Ni50.3Ti29.7Hf20.0 %,20.0
C. M. Denowh and D. A. Miller,Smart Materials and Structures,Thermomechanical training and characterization of Ni–Ti–Hf and Ni–Ti–Hf–Cu high temperature shape memory alloys,2012.0,50.3,29.7,450.0,Ni50.3Ti29.7Hf20.0 %,20.0
A. P. Stebner; G. S. Bigelow; J. Yang; D. P. Shukla; S. M. Saghaian; R. Rogers; A. Garg; H. E. Karaca; Y. Chumlyakov; K. Bhattacharya and R. D. Noebe,Acta Materialia,Transformation strains and temperatures of a nickel–titanium–hafnium high temperature shape memory alloy,2014.0,50.3,29.7,550.0,Ni50.3Ti29.7Hf20.0 %,20.0
A. P. Stebner; G. S. Bigelow; J. Yang; D. P. Shukla; S. M. Saghaian; R. Rogers; A. Garg; H. E. Karaca; Y. Chumlyakov; K. Bhattacharya and R. D. Noebe,Acta Materialia,Transformation strains and temperatures of a nickel–titanium–hafnium high temperature shape memory alloy,2014.0,50.3,29.7,550.0,Ni50.3Ti29.7Hf20.0 %,20.0
A. P. Stebner; G. S. Bigelow; J. Yang; D. P. Shukla; S. M. Saghaian; R. Rogers; A. Garg; H. E. Karaca; Y. Chumlyakov; K. Bhattacharya and R. D. Noebe,Acta Materialia,Transformation strains and temperatures of a nickel–titanium–hafnium high temperature shape memory alloy,2014.0,50.3,29.7,550.0,Ni50.3Ti29.7Hf20.0 %,20.0
A. P. Stebner; G. S. Bigelow; J. Yang; D. P. Shukla; S. M. Saghaian; R. Rogers; A. Garg; H. E. Karaca; Y. Chumlyakov; K. Bhattacharya and R. D. Noebe,Acta Materialia,Transformation strains and temperatures of a nickel–titanium–hafnium high temperature shape memory alloy,2014.0,50.3,29.7,550.0,Ni50.3Ti29.7Hf20.0 %,20.0
A. P. Stebner; G. S. Bigelow; J. Yang; D. P. Shukla; S. M. Saghaian; R. Rogers; A. Garg; H. E. Karaca; Y. Chumlyakov; K. Bhattacharya and R. D. Noebe,Acta Materialia,Transformation strains and temperatures of a nickel–titanium–hafnium high temperature shape memory alloy,2014.0,50.3,29.7,550.0,Ni50.3Ti29.7Hf20.0 %,20.0
A. P. Stebner; G. S. Bigelow; J. Yang; D. P. Shukla; S. M. Saghaian; R. Rogers; A. Garg; H. E. Karaca; Y. Chumlyakov; K. Bhattacharya and R. D. Noebe,Acta Materialia,Transformation strains and temperatures of a nickel–titanium–hafnium high temperature shape memory alloy,2014.0,50.3,29.7,550.0,Ni50.3Ti29.7Hf20.0 %,20.0
A. P. Stebner; G. S. Bigelow; J. Yang; D. P. Shukla; S. M. Saghaian; R. Rogers; A. Garg; H. E. Karaca; Y. Chumlyakov; K. Bhattacharya and R. D. Noebe,Acta Materialia,Transformation strains and temperatures of a nickel–titanium–hafnium high temperature shape memory alloy,2014.0,50.3,29.7,550.0,Ni50.3Ti29.7Hf20.0 %,20.0
A. P. Stebner; G. S. Bigelow; J. Yang; D. P. Shukla; S. M. Saghaian; R. Rogers; A. Garg; H. E. Karaca; Y. Chumlyakov; K. Bhattacharya and R. D. Noebe,Acta Materialia,Transformation strains and temperatures of a nickel–titanium–hafnium high temperature shape memory alloy,2014.0,50.3,29.7,550.0,Ni50.3Ti29.7Hf20.0 %,20.0
A. P. Stebner; G. S. Bigelow; J. Yang; D. P. Shukla; S. M. Saghaian; R. Rogers; A. Garg; H. E. Karaca; Y. Chumlyakov; K. Bhattacharya and R. D. Noebe,Acta Materialia,Transformation strains and temperatures of a nickel–titanium–hafnium high temperature shape memory alloy,2014.0,50.3,29.7,550.0,Ni50.3Ti29.7Hf20.0 %,20.0
A. P. Stebner; G. S. Bigelow; J. Yang; D. P. Shukla; S. M. Saghaian; R. Rogers; A. Garg; H. E. Karaca; Y. Chumlyakov; K. Bhattacharya and R. D. Noebe,Acta Materialia,Transformation strains and temperatures of a nickel–titanium–hafnium high temperature shape memory alloy,2014.0,50.3,29.7,550.0,Ni50.3Ti29.7Hf20.0 %,20.0
A. P. Stebner; G. S. Bigelow; J. Yang; D. P. Shukla; S. M. Saghaian; R. Rogers; A. Garg; H. E. Karaca; Y. Chumlyakov; K. Bhattacharya and R. D. Noebe,Acta Materialia,Transformation strains and temperatures of a nickel–titanium–hafnium high temperature shape memory alloy,2014.0,50.3,29.7,550.0,Ni50.3Ti29.7Hf20.0 %,20.0
A. P. Stebner; G. S. Bigelow; J. Yang; D. P. Shukla; S. M. Saghaian; R. Rogers; A. Garg; H. E. Karaca; Y. Chumlyakov; K. Bhattacharya and R. D. Noebe,Acta Materialia,Transformation strains and temperatures of a nickel–titanium–hafnium high temperature shape memory alloy,2014.0,50.3,29.7,550.0,Ni50.3Ti29.7Hf20.0 %,20.0
C. Hayrettin; O. Karakoc; I. Karaman; J. H. Mabe; R. Santamarta and J. Pons,Acta Materialia,Two way shape memory effect in NiTiHf high temperature shape memory alloy tubes,2019.0,50.3,29.7,550.0,Ni50.3Ti29.7Hf20.0 %,20.0
C. Hayrettin; O. Karakoc; I. Karaman; J. H. Mabe; R. Santamarta and J. Pons,Acta Materialia,Two way shape memory effect in NiTiHf high temperature shape memory alloy tubes,2019.0,50.3,29.7,550.0,Ni50.3Ti29.7Hf20.0 %,20.0
C. Hayrettin; O. Karakoc; I. Karaman; J. H. Mabe; R. Santamarta and J. Pons,Acta Materialia,Two way shape memory effect in NiTiHf high temperature shape memory alloy tubes,2019.0,50.3,29.7,550.0,Ni50.3Ti29.7Hf20.0 %,20.0
C. Hayrettin; O. Karakoc; I. Karaman; J. H. Mabe; R. Santamarta and J. Pons,Acta Materialia,Two way shape memory effect in NiTiHf high temperature shape memory alloy tubes,2019.0,50.3,29.7,550.0,Ni50.3Ti29.7Hf20.0 %,20.0
C. Hayrettin; O. Karakoc; I. Karaman; J. H. Mabe; R. Santamarta and J. Pons,Acta Materialia,Two way shape memory effect in NiTiHf high temperature shape memory alloy tubes,2019.0,50.3,29.7,550.0,Ni50.3Ti29.7Hf20.0 %,20.0
C. Hayrettin; O. Karakoc; I. Karaman; J. H. Mabe; R. Santamarta and J. Pons,Acta Materialia,Two way shape memory effect in NiTiHf high temperature shape memory alloy tubes,2019.0,50.3,29.7,550.0,Ni50.3Ti29.7Hf20.0 %,20.0
C. Hayrettin; O. Karakoc; I. Karaman; J. H. Mabe; R. Santamarta and J. Pons,Acta Materialia,Two way shape memory effect in NiTiHf high temperature shape memory alloy tubes,2019.0,50.3,29.7,550.0,Ni50.3Ti29.7Hf20.0 %,20.0
C. Hayrettin; O. Karakoc; I. Karaman; J. H. Mabe; R. Santamarta and J. Pons,Acta Materialia,Two way shape memory effect in NiTiHf high temperature shape memory alloy tubes,2019.0,50.3,29.7,550.0,Ni50.3Ti29.7Hf20.0 %,20.0
C. Hayrettin; O. Karakoc; I. Karaman; J. H. Mabe; R. Santamarta and J. Pons,Acta Materialia,Two way shape memory effect in NiTiHf high temperature shape memory alloy tubes,2019.0,50.3,29.7,550.0,Ni50.3Ti29.7Hf20.0 %,20.0
C. Hayrettin; O. Karakoc; I. Karaman; J. H. Mabe; R. Santamarta and J. Pons,Acta Materialia,Two way shape memory effect in NiTiHf high temperature shape memory alloy tubes,2019.0,50.3,29.7,550.0,Ni50.3Ti29.7Hf20.0 %,20.0
C. Hayrettin; O. Karakoc; I. Karaman; J. H. Mabe; R. Santamarta and J. Pons,Acta Materialia,Two way shape memory effect in NiTiHf high temperature shape memory alloy tubes,2019.0,50.3,29.7,550.0,Ni50.3Ti29.7Hf20.0 %,20.0
C. Hayrettin; O. Karakoc; I. Karaman; J. H. Mabe; R. Santamarta and J. Pons,Acta Materialia,Two way shape memory effect in NiTiHf high temperature shape memory alloy tubes,2019.0,50.3,29.7,550.0,Ni50.3Ti29.7Hf20.0 %,20.0
C. Hayrettin; O. Karakoc; I. Karaman; J. H. Mabe; R. Santamarta and J. Pons,Acta Materialia,Two way shape memory effect in NiTiHf high temperature shape memory alloy tubes,2019.0,50.3,29.7,550.0,Ni50.3Ti29.7Hf20.0 %,20.0
C. Hayrettin; O. Karakoc; I. Karaman; J. H. Mabe; R. Santamarta and J. Pons,Acta Materialia,Two way shape memory effect in NiTiHf high temperature shape memory alloy tubes,2019.0,50.3,29.7,550.0,Ni50.3Ti29.7Hf20.0 %,20.0
C. Hayrettin; O. Karakoc; I. Karaman; J. H. Mabe; R. Santamarta and J. Pons,Acta Materialia,Two way shape memory effect in NiTiHf high temperature shape memory alloy tubes,2019.0,50.3,29.7,550.0,Ni50.3Ti29.7Hf20.0 %,20.0
C. Hayrettin; O. Karakoc; I. Karaman; J. H. Mabe; R. Santamarta and J. Pons,Acta Materialia,Two way shape memory effect in NiTiHf high temperature shape memory alloy tubes,2019.0,50.3,29.7,550.0,Ni50.3Ti29.7Hf20.0 %,20.0
C. Hayrettin; O. Karakoc; I. Karaman; J. H. Mabe; R. Santamarta and J. Pons,Acta Materialia,Two way shape memory effect in NiTiHf high temperature shape memory alloy tubes,2019.0,50.3,29.7,550.0,Ni50.3Ti29.7Hf20.0 %,20.0
C. Hayrettin; O. Karakoc; I. Karaman; J. H. Mabe; R. Santamarta and J. Pons,Acta Materialia,Two way shape memory effect in NiTiHf high temperature shape memory alloy tubes,2019.0,50.3,29.7,550.0,Ni50.3Ti29.7Hf20.0 %,20.0
C. Hayrettin; O. Karakoc; I. Karaman; J. H. Mabe; R. Santamarta and J. Pons,Acta Materialia,Two way shape memory effect in NiTiHf high temperature shape memory alloy tubes,2019.0,50.3,29.7,550.0,Ni50.3Ti29.7Hf20.0 %,20.0
C. Hayrettin; O. Karakoc; I. Karaman; J. H. Mabe; R. Santamarta and J. Pons,Acta Materialia,Two way shape memory effect in NiTiHf high temperature shape memory alloy tubes,2019.0,50.3,29.7,550.0,Ni50.3Ti29.7Hf20.0 %,20.0
C. Hayrettin; O. Karakoc; I. Karaman; J. H. Mabe; R. Santamarta and J. Pons,Acta Materialia,Two way shape memory effect in NiTiHf high temperature shape memory alloy tubes,2019.0,50.3,29.7,550.0,Ni50.3Ti29.7Hf20.0 %,20.0
C. Hayrettin; O. Karakoc; I. Karaman; J. H. Mabe; R. Santamarta and J. Pons,Acta Materialia,Two way shape memory effect in NiTiHf high temperature shape memory alloy tubes,2019.0,50.3,29.7,550.0,Ni50.3Ti29.7Hf20.0 %,20.0
C. Hayrettin; O. Karakoc; I. Karaman; J. H. Mabe; R. Santamarta and J. Pons,Acta Materialia,Two way shape memory effect in NiTiHf high temperature shape memory alloy tubes,2019.0,50.3,29.7,550.0,Ni50.3Ti29.7Hf20.0 %,20.0
C. Hayrettin; O. Karakoc; I. Karaman; J. H. Mabe; R. Santamarta and J. Pons,Acta Materialia,Two way shape memory effect in NiTiHf high temperature shape memory alloy tubes,2019.0,50.3,29.7,550.0,Ni50.3Ti29.7Hf20.0 %,20.0
C. Hayrettin; O. Karakoc; I. Karaman; J. H. Mabe; R. Santamarta and J. Pons,Acta Materialia,Two way shape memory effect in NiTiHf high temperature shape memory alloy tubes,2019.0,50.3,29.7,550.0,Ni50.3Ti29.7Hf20.0 %,20.0
C. Hayrettin; O. Karakoc; I. Karaman; J. H. Mabe; R. Santamarta and J. Pons,Acta Materialia,Two way shape memory effect in NiTiHf high temperature shape memory alloy tubes,2019.0,50.3,29.7,550.0,Ni50.3Ti29.7Hf20.0 %,20.0
C. Hayrettin; O. Karakoc; I. Karaman; J. H. Mabe; R. Santamarta and J. Pons,Acta Materialia,Two way shape memory effect in NiTiHf high temperature shape memory alloy tubes,2019.0,50.3,29.7,550.0,Ni50.3Ti29.7Hf20.0 %,20.0
C. Hayrettin; O. Karakoc; I. Karaman; J. H. Mabe; R. Santamarta and J. Pons,Acta Materialia,Two way shape memory effect in NiTiHf high temperature shape memory alloy tubes,2019.0,50.3,29.7,550.0,Ni50.3Ti29.7Hf20.0 %,20.0
C. Hayrettin; O. Karakoc; I. Karaman; J. H. Mabe; R. Santamarta and J. Pons,Acta Materialia,Two way shape memory effect in NiTiHf high temperature shape memory alloy tubes,2019.0,50.3,29.7,550.0,Ni50.3Ti29.7Hf20.0 %,20.0
C. Hayrettin; O. Karakoc; I. Karaman; J. H. Mabe; R. Santamarta and J. Pons,Acta Materialia,Two way shape memory effect in NiTiHf high temperature shape memory alloy tubes,2019.0,50.3,29.7,550.0,Ni50.3Ti29.7Hf20.0 %,20.0
C. Hayrettin; O. Karakoc; I. Karaman; J. H. Mabe; R. Santamarta and J. Pons,Acta Materialia,Two way shape memory effect in NiTiHf high temperature shape memory alloy tubes,2019.0,50.3,29.7,550.0,Ni50.3Ti29.7Hf20.0 %,20.0
C. Hayrettin; O. Karakoc; I. Karaman; J. H. Mabe; R. Santamarta and J. Pons,Acta Materialia,Two way shape memory effect in NiTiHf high temperature shape memory alloy tubes,2019.0,50.3,29.7,550.0,Ni50.3Ti29.7Hf20.0 %,20.0
C. Hayrettin; O. Karakoc; I. Karaman; J. H. Mabe; R. Santamarta and J. Pons,Acta Materialia,Two way shape memory effect in NiTiHf high temperature shape memory alloy tubes,2019.0,50.3,29.7,550.0,Ni50.3Ti29.7Hf20.0 %,20.0
C. Hayrettin; O. Karakoc; I. Karaman; J. H. Mabe; R. Santamarta and J. Pons,Acta Materialia,Two way shape memory effect in NiTiHf high temperature shape memory alloy tubes,2019.0,50.3,29.7,550.0,Ni50.3Ti29.7Hf20.0 %,20.0
C. Hayrettin; O. Karakoc; I. Karaman; J. H. Mabe; R. Santamarta and J. Pons,Acta Materialia,Two way shape memory effect in NiTiHf high temperature shape memory alloy tubes,2019.0,50.3,29.7,550.0,Ni50.3Ti29.7Hf20.0 %,20.0
C. Hayrettin; O. Karakoc; I. Karaman; J. H. Mabe; R. Santamarta and J. Pons,Acta Materialia,Two way shape memory effect in NiTiHf high temperature shape memory alloy tubes,2019.0,50.3,29.7,550.0,Ni50.3Ti29.7Hf20.0 %,20.0
C. Hayrettin; O. Karakoc; I. Karaman; J. H. Mabe; R. Santamarta and J. Pons,Acta Materialia,Two way shape memory effect in NiTiHf high temperature shape memory alloy tubes,2019.0,50.3,29.7,550.0,Ni50.3Ti29.7Hf20.0 %,20.0
C. Hayrettin; O. Karakoc; I. Karaman; J. H. Mabe; R. Santamarta and J. Pons,Acta Materialia,Two way shape memory effect in NiTiHf high temperature shape memory alloy tubes,2019.0,50.3,29.7,550.0,Ni50.3Ti29.7Hf20.0 %,20.0
C. Hayrettin; O. Karakoc; I. Karaman; J. H. Mabe; R. Santamarta and J. Pons,Acta Materialia,Two way shape memory effect in NiTiHf high temperature shape memory alloy tubes,2019.0,50.3,29.7,550.0,Ni50.3Ti29.7Hf20.0 %,20.0
C. Hayrettin; O. Karakoc; I. Karaman; J. H. Mabe; R. Santamarta and J. Pons,Acta Materialia,Two way shape memory effect in NiTiHf high temperature shape memory alloy tubes,2019.0,50.3,29.7,550.0,Ni50.3Ti29.7Hf20.0 %,20.0
C. Hayrettin; O. Karakoc; I. Karaman; J. H. Mabe; R. Santamarta and J. Pons,Acta Materialia,Two way shape memory effect in NiTiHf high temperature shape memory alloy tubes,2019.0,50.3,29.7,550.0,Ni50.3Ti29.7Hf20.0 %,20.0
C. Hayrettin; O. Karakoc; I. Karaman; J. H. Mabe; R. Santamarta and J. Pons,Acta Materialia,Two way shape memory effect in NiTiHf high temperature shape memory alloy tubes,2019.0,50.3,29.7,550.0,Ni50.3Ti29.7Hf20.0 %,20.0
C. Hayrettin; O. Karakoc; I. Karaman; J. H. Mabe; R. Santamarta and J. Pons,Acta Materialia,Two way shape memory effect in NiTiHf high temperature shape memory alloy tubes,2019.0,50.3,29.7,550.0,Ni50.3Ti29.7Hf20.0 %,20.0
C. Hayrettin; O. Karakoc; I. Karaman; J. H. Mabe; R. Santamarta and J. Pons,Acta Materialia,Two way shape memory effect in NiTiHf high temperature shape memory alloy tubes,2019.0,50.3,29.7,550.0,Ni50.3Ti29.7Hf20.0 %,20.0
C. Hayrettin; O. Karakoc; I. Karaman; J. H. Mabe; R. Santamarta and J. Pons,Acta Materialia,Two way shape memory effect in NiTiHf high temperature shape memory alloy tubes,2019.0,50.3,29.7,550.0,Ni50.3Ti29.7Hf20.0 %,20.0
C. Hayrettin; O. Karakoc; I. Karaman; J. H. Mabe; R. Santamarta and J. Pons,Acta Materialia,Two way shape memory effect in NiTiHf high temperature shape memory alloy tubes,2019.0,50.3,29.7,550.0,Ni50.3Ti29.7Hf20.0 %,20.0
C. Hayrettin; O. Karakoc; I. Karaman; J. H. Mabe; R. Santamarta and J. Pons,Acta Materialia,Two way shape memory effect in NiTiHf high temperature shape memory alloy tubes,2019.0,50.3,29.7,550.0,Ni50.3Ti29.7Hf20.0 %,20.0
C. Hayrettin; O. Karakoc; I. Karaman; J. H. Mabe; R. Santamarta and J. Pons,Acta Materialia,Two way shape memory effect in NiTiHf high temperature shape memory alloy tubes,2019.0,50.3,29.7,550.0,Ni50.3Ti29.7Hf20.0 %,20.0
C. Hayrettin; O. Karakoc; I. Karaman; J. H. Mabe; R. Santamarta and J. Pons,Acta Materialia,Two way shape memory effect in NiTiHf high temperature shape memory alloy tubes,2019.0,50.3,29.7,550.0,Ni50.3Ti29.7Hf20.0 %,20.0
C. Hayrettin; O. Karakoc; I. Karaman; J. H. Mabe; R. Santamarta and J. Pons,Acta Materialia,Two way shape memory effect in NiTiHf high temperature shape memory alloy tubes,2019.0,50.3,29.7,550.0,Ni50.3Ti29.7Hf20.0 %,20.0
C. Hayrettin; O. Karakoc; I. Karaman; J. H. Mabe; R. Santamarta and J. Pons,Acta Materialia,Two way shape memory effect in NiTiHf high temperature shape memory alloy tubes,2019.0,50.3,29.7,550.0,Ni50.3Ti29.7Hf20.0 %,20.0
C. Hayrettin; O. Karakoc; I. Karaman; J. H. Mabe; R. Santamarta and J. Pons,Acta Materialia,Two way shape memory effect in NiTiHf high temperature shape memory alloy tubes,2019.0,50.3,29.7,550.0,Ni50.3Ti29.7Hf20.0 %,20.0
C. Hayrettin; O. Karakoc; I. Karaman; J. H. Mabe; R. Santamarta and J. Pons,Acta Materialia,Two way shape memory effect in NiTiHf high temperature shape memory alloy tubes,2019.0,50.3,29.7,550.0,Ni50.3Ti29.7Hf20.0 %,20.0
C. Hayrettin; O. Karakoc; I. Karaman; J. H. Mabe; R. Santamarta and J. Pons,Acta Materialia,Two way shape memory effect in NiTiHf high temperature shape memory alloy tubes,2019.0,50.3,29.7,550.0,Ni50.3Ti29.7Hf20.0 %,20.0
C. Hayrettin; O. Karakoc; I. Karaman; J. H. Mabe; R. Santamarta and J. Pons,Acta Materialia,Two way shape memory effect in NiTiHf high temperature shape memory alloy tubes,2019.0,50.3,29.7,550.0,Ni50.3Ti29.7Hf20.0 %,20.0
C. Hayrettin; O. Karakoc; I. Karaman; J. H. Mabe; R. Santamarta and J. Pons,Acta Materialia,Two way shape memory effect in NiTiHf high temperature shape memory alloy tubes,2019.0,50.3,29.7,550.0,Ni50.3Ti29.7Hf20.0 %,20.0
C. Hayrettin; O. Karakoc; I. Karaman; J. H. Mabe; R. Santamarta and J. Pons,Acta Materialia,Two way shape memory effect in NiTiHf high temperature shape memory alloy tubes,2019.0,50.3,29.7,550.0,Ni50.3Ti29.7Hf20.0 %,20.0
C. Hayrettin; O. Karakoc; I. Karaman; J. H. Mabe; R. Santamarta and J. Pons,Acta Materialia,Two way shape memory effect in NiTiHf high temperature shape memory alloy tubes,2019.0,50.3,29.7,550.0,Ni50.3Ti29.7Hf20.0 %,20.0
C. Hayrettin; O. Karakoc; I. Karaman; J. H. Mabe; R. Santamarta and J. Pons,Acta Materialia,Two way shape memory effect in NiTiHf high temperature shape memory alloy tubes,2019.0,50.3,29.7,550.0,Ni50.3Ti29.7Hf20.0 %,20.0
C. Hayrettin; O. Karakoc; I. Karaman; J. H. Mabe; R. Santamarta and J. Pons,Acta Materialia,Two way shape memory effect in NiTiHf high temperature shape memory alloy tubes,2019.0,50.3,29.7,550.0,Ni50.3Ti29.7Hf20.0 %,20.0
C. Hayrettin; O. Karakoc; I. Karaman; J. H. Mabe; R. Santamarta and J. Pons,Acta Materialia,Two way shape memory effect in NiTiHf high temperature shape memory alloy tubes,2019.0,50.3,29.7,550.0,Ni50.3Ti29.7Hf20.0 %,20.0
C. Hayrettin; O. Karakoc; I. Karaman; J. H. Mabe; R. Santamarta and J. Pons,Acta Materialia,Two way shape memory effect in NiTiHf high temperature shape memory alloy tubes,2019.0,50.3,29.7,550.0,Ni50.3Ti29.7Hf20.0 %,20.0
C. Hayrettin; O. Karakoc; I. Karaman; J. H. Mabe; R. Santamarta and J. Pons,Acta Materialia,Two way shape memory effect in NiTiHf high temperature shape memory alloy tubes,2019.0,50.3,29.7,550.0,Ni50.3Ti29.7Hf20.0 %,20.0
C. Hayrettin; O. Karakoc; I. Karaman; J. H. Mabe; R. Santamarta and J. Pons,Acta Materialia,Two way shape memory effect in NiTiHf high temperature shape memory alloy tubes,2019.0,50.3,29.7,550.0,Ni50.3Ti29.7Hf20.0 %,20.0
C. Hayrettin; O. Karakoc; I. Karaman; J. H. Mabe; R. Santamarta and J. Pons,Acta Materialia,Two way shape memory effect in NiTiHf high temperature shape memory alloy tubes,2019.0,50.3,29.7,550.0,Ni50.3Ti29.7Hf20.0 %,20.0
C. Hayrettin; O. Karakoc; I. Karaman; J. H. Mabe; R. Santamarta and J. Pons,Acta Materialia,Two way shape memory effect in NiTiHf high temperature shape memory alloy tubes,2019.0,50.3,29.7,550.0,Ni50.3Ti29.7Hf20.0 %,20.0
C. Hayrettin; O. Karakoc; I. Karaman; J. H. Mabe; R. Santamarta and J. Pons,Acta Materialia,Two way shape memory effect in NiTiHf high temperature shape memory alloy tubes,2019.0,50.3,29.7,550.0,Ni50.3Ti29.7Hf20.0 %,20.0
C. Hayrettin; O. Karakoc; I. Karaman; J. H. Mabe; R. Santamarta and J. Pons,Acta Materialia,Two way shape memory effect in NiTiHf high temperature shape memory alloy tubes,2019.0,50.3,29.7,550.0,Ni50.3Ti29.7Hf20.0 %,20.0
C. Hayrettin; O. Karakoc; I. Karaman; J. H. Mabe; R. Santamarta and J. Pons,Acta Materialia,Two way shape memory effect in NiTiHf high temperature shape memory alloy tubes,2019.0,50.3,29.7,550.0,Ni50.3Ti29.7Hf20.0 %,20.0
C. Hayrettin; O. Karakoc; I. Karaman; J. H. Mabe; R. Santamarta and J. Pons,Acta Materialia,Two way shape memory effect in NiTiHf high temperature shape memory alloy tubes,2019.0,50.3,29.7,550.0,Ni50.3Ti29.7Hf20.0 %,20.0
C. Hayrettin; O. Karakoc; I. Karaman; J. H. Mabe; R. Santamarta and J. Pons,Acta Materialia,Two way shape memory effect in NiTiHf high temperature shape memory alloy tubes,2019.0,50.3,29.7,550.0,Ni50.3Ti29.7Hf20.0 %,20.0
C. Hayrettin; O. Karakoc; I. Karaman; J. H. Mabe; R. Santamarta and J. Pons,Acta Materialia,Two way shape memory effect in NiTiHf high temperature shape memory alloy tubes,2019.0,50.3,29.7,550.0,Ni50.3Ti29.7Hf20.0 %,20.0
C. Hayrettin; O. Karakoc; I. Karaman; J. H. Mabe; R. Santamarta and J. Pons,Acta Materialia,Two way shape memory effect in NiTiHf high temperature shape memory alloy tubes,2019.0,50.3,29.7,550.0,Ni50.3Ti29.7Hf20.0 %,20.0
C. Hayrettin; O. Karakoc; I. Karaman; J. H. Mabe; R. Santamarta and J. Pons,Acta Materialia,Two way shape memory effect in NiTiHf high temperature shape memory alloy tubes,2019.0,50.3,29.7,550.0,Ni50.3Ti29.7Hf20.0 %,20.0
C. Hayrettin; O. Karakoc; I. Karaman; J. H. Mabe; R. Santamarta and J. Pons,Acta Materialia,Two way shape memory effect in NiTiHf high temperature shape memory alloy tubes,2019.0,50.3,29.7,550.0,Ni50.3Ti29.7Hf20.0 %,20.0
C. Hayrettin; O. Karakoc; I. Karaman; J. H. Mabe; R. Santamarta and J. Pons,Acta Materialia,Two way shape memory effect in NiTiHf high temperature shape memory alloy tubes,2019.0,50.3,29.7,550.0,Ni50.3Ti29.7Hf20.0 %,20.0
C. Hayrettin; O. Karakoc; I. Karaman; J. H. Mabe; R. Santamarta and J. Pons,Acta Materialia,Two way shape memory effect in NiTiHf high temperature shape memory alloy tubes,2019.0,50.3,29.7,550.0,Ni50.3Ti29.7Hf20.0 %,20.0
C. Hayrettin; O. Karakoc; I. Karaman; J. H. Mabe; R. Santamarta and J. Pons,Acta Materialia,Two way shape memory effect in NiTiHf high temperature shape memory alloy tubes,2019.0,50.3,29.7,550.0,Ni50.3Ti29.7Hf20.0 %,20.0
C. Hayrettin; O. Karakoc; I. Karaman; J. H. Mabe; R. Santamarta and J. Pons,Acta Materialia,Two way shape memory effect in NiTiHf high temperature shape memory alloy tubes,2019.0,50.3,29.7,550.0,Ni50.3Ti29.7Hf20.0 %,20.0
C. Hayrettin; O. Karakoc; I. Karaman; J. H. Mabe; R. Santamarta and J. Pons,Acta Materialia,Two way shape memory effect in NiTiHf high temperature shape memory alloy tubes,2019.0,50.3,29.7,550.0,Ni50.3Ti29.7Hf20.0 %,20.0
C. Hayrettin; O. Karakoc; I. Karaman; J. H. Mabe; R. Santamarta and J. Pons,Acta Materialia,Two way shape memory effect in NiTiHf high temperature shape memory alloy tubes,2019.0,50.3,29.7,550.0,Ni50.3Ti29.7Hf20.0 %,20.0
C. Hayrettin; O. Karakoc; I. Karaman; J. H. Mabe; R. Santamarta and J. Pons,Acta Materialia,Two way shape memory effect in NiTiHf high temperature shape memory alloy tubes,2019.0,50.3,29.7,550.0,Ni50.3Ti29.7Hf20.0 %,20.0
C. Hayrettin; O. Karakoc; I. Karaman; J. H. Mabe; R. Santamarta and J. Pons,Acta Materialia,Two way shape memory effect in NiTiHf high temperature shape memory alloy tubes,2019.0,50.3,29.7,550.0,Ni50.3Ti29.7Hf20.0 %,20.0
C. Hayrettin; O. Karakoc; I. Karaman; J. H. Mabe; R. Santamarta and J. Pons,Acta Materialia,Two way shape memory effect in NiTiHf high temperature shape memory alloy tubes,2019.0,50.3,29.7,550.0,Ni50.3Ti29.7Hf20.0 %,20.0
C. Hayrettin; O. Karakoc; I. Karaman; J. H. Mabe; R. Santamarta and J. Pons,Acta Materialia,Two way shape memory effect in NiTiHf high temperature shape memory alloy tubes,2019.0,50.3,29.7,550.0,Ni50.3Ti29.7Hf20.0 %,20.0
C. Hayrettin; O. Karakoc; I. Karaman; J. H. Mabe; R. Santamarta and J. Pons,Acta Materialia,Two way shape memory effect in NiTiHf high temperature shape memory alloy tubes,2019.0,50.3,29.7,550.0,Ni50.3Ti29.7Hf20.0 %,20.0
C. Hayrettin; O. Karakoc; I. Karaman; J. H. Mabe; R. Santamarta and J. Pons,Acta Materialia,Two way shape memory effect in NiTiHf high temperature shape memory alloy tubes,2019.0,50.3,29.7,550.0,Ni50.3Ti29.7Hf20.0 %,20.0
C. Hayrettin; O. Karakoc; I. Karaman; J. H. Mabe; R. Santamarta and J. Pons,Acta Materialia,Two way shape memory effect in NiTiHf high temperature shape memory alloy tubes,2019.0,50.3,29.7,550.0,Ni50.3Ti29.7Hf20.0 %,20.0
C. Hayrettin; O. Karakoc; I. Karaman; J. H. Mabe; R. Santamarta and J. Pons,Acta Materialia,Two way shape memory effect in NiTiHf high temperature shape memory alloy tubes,2019.0,50.3,29.7,550.0,Ni50.3Ti29.7Hf20.0 %,20.0
C. Hayrettin; O. Karakoc; I. Karaman; J. H. Mabe; R. Santamarta and J. Pons,Acta Materialia,Two way shape memory effect in NiTiHf high temperature shape memory alloy tubes,2019.0,50.3,29.7,550.0,Ni50.3Ti29.7Hf20.0 %,20.0
X. Meng; Y. D. Fu; W. Cai; J. Zhang; Q. F. Li and L. C. Zhao,Solid State Phenomena,Martensitic Transformation Behavior and Shape Memory Effect of an Aged Ni-rich Ti-Ni-Hf High Temperature Shape Memory Alloy,2008.0,50.4,29.6,950.0,Ni50.4Ti29.6Hf20.0 %,20.0
X. Meng; Y. D. Fu; W. Cai; J. Zhang; Q. F. Li and L. C. Zhao,Solid State Phenomena,Martensitic Transformation Behavior and Shape Memory Effect of an Aged Ni-rich Ti-Ni-Hf High Temperature Shape Memory Alloy,2008.0,50.4,29.6,950.0,Ni50.4Ti29.6Hf20.0 %,20.0
X. Meng; Y. D. Fu; W. Cai; J. Zhang; Q. F. Li and L. C. Zhao,Solid State Phenomena,Martensitic Transformation Behavior and Shape Memory Effect of an Aged Ni-rich Ti-Ni-Hf High Temperature Shape Memory Alloy,2008.0,50.4,29.6,950.0,Ni50.4Ti29.6Hf20.0 %,20.0
X. Meng; Y. D. Fu; W. Cai; J. Zhang; Q. F. Li and L. C. Zhao,Solid State Phenomena,Martensitic Transformation Behavior and Shape Memory Effect of an Aged Ni-rich Ti-Ni-Hf High Temperature Shape Memory Alloy,2008.0,50.4,29.6,950.0,Ni50.4Ti29.6Hf20.0 %,20.0
X. Meng; Y. D. Fu; W. Cai; J. Zhang; Q. F. Li and L. C. Zhao,Solid State Phenomena,Martensitic Transformation Behavior and Shape Memory Effect of an Aged Ni-rich Ti-Ni-Hf High Temperature Shape Memory Alloy,2008.0,50.4,29.6,950.0,Ni50.4Ti29.6Hf20.0 %,20.0
X. Meng; Y. D. Fu; W. Cai; J. Zhang; Q. F. Li and L. C. Zhao,Solid State Phenomena,Martensitic Transformation Behavior and Shape Memory Effect of an Aged Ni-rich Ti-Ni-Hf High Temperature Shape Memory Alloy,2008.0,50.4,29.6,950.0,Ni50.4Ti29.6Hf20.0 %,20.0
X. Meng; Y. D. Fu; W. Cai; J. Zhang; Q. F. Li and L. C. Zhao,Solid State Phenomena,Martensitic Transformation Behavior and Shape Memory Effect of an Aged Ni-rich Ti-Ni-Hf High Temperature Shape Memory Alloy,2008.0,50.4,29.6,950.0,Ni50.4Ti29.6Hf20.0 %,20.0
X. Meng; Y. D. Fu; W. Cai; J. Zhang; Q. F. Li and L. C. Zhao,Solid State Phenomena,Martensitic Transformation Behavior and Shape Memory Effect of an Aged Ni-rich Ti-Ni-Hf High Temperature Shape Memory Alloy,2008.0,50.4,29.6,950.0,Ni50.4Ti29.6Hf20.0 %,20.0
X. Meng; Y. D. Fu; W. Cai; J. Zhang; Q. F. Li and L. C. Zhao,Solid State Phenomena,Martensitic Transformation Behavior and Shape Memory Effect of an Aged Ni-rich Ti-Ni-Hf High Temperature Shape Memory Alloy,2008.0,50.4,29.6,950.0,Ni50.4Ti29.6Hf20.0 %,20.0
X. Meng; Y. D. Fu; W. Cai; J. Zhang; Q. F. Li and L. C. Zhao,Solid State Phenomena,Martensitic Transformation Behavior and Shape Memory Effect of an Aged Ni-rich Ti-Ni-Hf High Temperature Shape Memory Alloy,2008.0,50.4,29.6,950.0,Ni50.4Ti29.6Hf20.0 %,20.0
X. Meng; Y. D. Fu; W. Cai; J. Zhang; Q. F. Li and L. C. Zhao,Solid State Phenomena,Martensitic Transformation Behavior and Shape Memory Effect of an Aged Ni-rich Ti-Ni-Hf High Temperature Shape Memory Alloy,2008.0,50.4,29.6,950.0,Ni50.4Ti29.6Hf20.0 %,20.0
X. Meng; Y. D. Fu; W. Cai; J. Zhang; Q. F. Li and L. C. Zhao,Solid State Phenomena,Martensitic Transformation Behavior and Shape Memory Effect of an Aged Ni-rich Ti-Ni-Hf High Temperature Shape Memory Alloy,2008.0,50.4,29.6,950.0,Ni50.4Ti29.6Hf20.0 %,20.0
X. Meng; Y. D. Fu; W. Cai; J. Zhang; Q. F. Li and L. C. Zhao,Solid State Phenomena,Martensitic Transformation Behavior and Shape Memory Effect of an Aged Ni-rich Ti-Ni-Hf High Temperature Shape Memory Alloy,2008.0,50.4,29.6,950.0,Ni50.4Ti29.6Hf20.0 %,20.0
X. Meng; Y. D. Fu; W. Cai; J. Zhang; Q. F. Li and L. C. Zhao,Solid State Phenomena,Martensitic Transformation Behavior and Shape Memory Effect of an Aged Ni-rich Ti-Ni-Hf High Temperature Shape Memory Alloy,2008.0,50.4,29.6,950.0,Ni50.4Ti29.6Hf20.0 %,20.0
X. Meng; Y. D. Fu; W. Cai; J. Zhang; Q. F. Li and L. C. Zhao,Solid State Phenomena,Martensitic Transformation Behavior and Shape Memory Effect of an Aged Ni-rich Ti-Ni-Hf High Temperature Shape Memory Alloy,2008.0,50.4,29.6,950.0,Ni50.4Ti29.6Hf20.0 %,20.0
X. Meng; Y. D. Fu; W. Cai; J. Zhang; Q. F. Li and L. C. Zhao,Solid State Phenomena,Martensitic Transformation Behavior and Shape Memory Effect of an Aged Ni-rich Ti-Ni-Hf High Temperature Shape Memory Alloy,2008.0,50.4,29.6,950.0,Ni50.4Ti29.6Hf20.0 %,20.0
X. Meng; Y. D. Fu; W. Cai; J. Zhang; Q. F. Li and L. C. Zhao,Solid State Phenomena,Martensitic Transformation Behavior and Shape Memory Effect of an Aged Ni-rich Ti-Ni-Hf High Temperature Shape Memory Alloy,2008.0,50.4,29.6,950.0,Ni50.4Ti29.6Hf20.0 %,20.0
X. Meng; Y. D. Fu; W. Cai; J. Zhang; Q. F. Li and L. C. Zhao,Solid State Phenomena,Martensitic Transformation Behavior and Shape Memory Effect of an Aged Ni-rich Ti-Ni-Hf High Temperature Shape Memory Alloy,2008.0,50.4,29.6,950.0,Ni50.4Ti29.6Hf20.0 %,20.0
D. N. Abujudom; M. Y. Kao; P. E. Thoma and D. R. Angst,US5114504,High transformation temperature shape memory alloy,1992.0,50.5,39.5,600.0,Ni50.5Ti39.5Hf10.0 %,10.0
D. N. Abujudom; M. Y. Kao; P. E. Thoma and D. R. Angst,US5114504,High transformation temperature shape memory alloy,1992.0,50.5,24.5,600.0,Ni50.5Ti24.5Hf25.0 %,25.0
X. L. Meng; W. Cai; F. Chen and L. C. Zhao,Scripta Materialia,Effect of aging on martensitic transformation and microstructure in Ni-rich TiNiHf shape memory alloy,2006.0,50.6,29.4,550.0,Ni50.6Ti29.4Hf20.0 %,20.0
X. L. Meng; W. Cai; F. Chen and L. C. Zhao,Scripta Materialia,Effect of aging on martensitic transformation and microstructure in Ni-rich TiNiHf shape memory alloy,2006.0,50.6,29.4,550.0,Ni50.6Ti29.4Hf20.0 %,20.0
X. L. Meng; W. Cai; F. Chen and L. C. Zhao,Scripta Materialia,Effect of aging on martensitic transformation and microstructure in Ni-rich TiNiHf shape memory alloy,2006.0,50.6,29.4,550.0,Ni50.6Ti29.4Hf20.0 %,20.0
X. L. Meng; W. Cai; F. Chen and L. C. Zhao,Scripta Materialia,Effect of aging on martensitic transformation and microstructure in Ni-rich TiNiHf shape memory alloy,2006.0,50.6,29.4,550.0,Ni50.6Ti29.4Hf20.0 %,20.0
X. L. Meng; W. Cai; F. Chen and L. C. Zhao,Scripta Materialia,Effect of aging on martensitic transformation and microstructure in Ni-rich TiNiHf shape memory alloy,2006.0,50.6,29.4,550.0,Ni50.6Ti29.4Hf20.0 %,20.0
X. L. Meng; W. Cai; F. Chen and L. C. Zhao,Scripta Materialia,Effect of aging on martensitic transformation and microstructure in Ni-rich TiNiHf shape memory alloy,2006.0,50.6,29.4,550.0,Ni50.6Ti29.4Hf20.0 %,20.0
X. L. Meng; W. Cai; F. Chen and L. C. Zhao,Scripta Materialia,Effect of aging on martensitic transformation and microstructure in Ni-rich TiNiHf shape memory alloy,2006.0,50.6,29.4,550.0,Ni50.6Ti29.4Hf20.0 %,20.0
X. L. Meng; W. Cai; F. Chen and L. C. Zhao,Scripta Materialia,Effect of aging on martensitic transformation and microstructure in Ni-rich TiNiHf shape memory alloy,2006.0,50.6,29.4,550.0,Ni50.6Ti29.4Hf20.0 %,20.0
X. L. Meng; W. Cai; F. Chen and L. C. Zhao,Scripta Materialia,Effect of aging on martensitic transformation and microstructure in Ni-rich TiNiHf shape memory alloy,2006.0,50.6,29.4,550.0,Ni50.6Ti29.4Hf20.0 %,20.0
X. L. Meng; W. Cai; F. Chen and L. C. Zhao,Scripta Materialia,Effect of aging on martensitic transformation and microstructure in Ni-rich TiNiHf shape memory alloy,2006.0,50.6,29.4,550.0,Ni50.6Ti29.4Hf20.0 %,20.0
X. L. Meng; W. Cai; F. Chen and L. C. Zhao,Scripta Materialia,Effect of aging on martensitic transformation and microstructure in Ni-rich TiNiHf shape memory alloy,2006.0,50.6,29.4,550.0,Ni50.6Ti29.4Hf20.0 %,20.0
X. L. Meng; W. Cai; F. Chen and L. C. Zhao,Scripta Materialia,Effect of aging on martensitic transformation and microstructure in Ni-rich TiNiHf shape memory alloy,2006.0,50.6,29.4,550.0,Ni50.6Ti29.4Hf20.0 %,20.0
X. L. Meng; W. Cai; F. Chen and L. C. Zhao,Scripta Materialia,Effect of aging on martensitic transformation and microstructure in Ni-rich TiNiHf shape memory alloy,2006.0,50.6,29.4,550.0,Ni50.6Ti29.4Hf20.0 %,20.0
X. L. Meng; W. Cai; F. Chen and L. C. Zhao,Scripta Materialia,Effect of aging on martensitic transformation and microstructure in Ni-rich TiNiHf shape memory alloy,2006.0,50.6,29.4,550.0,Ni50.6Ti29.4Hf20.0 %,20.0
X. L. Meng; W. Cai; F. Chen and L. C. Zhao,Scripta Materialia,Effect of aging on martensitic transformation and microstructure in Ni-rich TiNiHf shape memory alloy,2006.0,50.6,29.4,550.0,Ni50.6Ti29.4Hf20.0 %,20.0
X. L. Meng; W. Cai; F. Chen and L. C. Zhao,Scripta Materialia,Effect of aging on martensitic transformation and microstructure in Ni-rich TiNiHf shape memory alloy,2006.0,50.6,29.4,550.0,Ni50.6Ti29.4Hf20.0 %,20.0
L. Patriarca and H. Sehitoglu,Scripta Materialia,High-temperature superelasticity of Ni50.6Ti24.4Hf25.0 shape memory alloy,2015.0,50.6,24.4,900.0,Ni50.6Ti24.4Hf25.0 %,25.0
L. Patriarca and H. Sehitoglu,Scripta Materialia,High-temperature superelasticity of Ni50.6Ti24.4Hf25.0 shape memory alloy,2015.0,50.6,24.4,900.0,Ni50.6Ti24.4Hf25.0 %,25.0
L. Patriarca and H. Sehitoglu,Scripta Materialia,High-temperature superelasticity of Ni50.6Ti24.4Hf25.0 shape memory alloy,2015.0,50.6,24.4,900.0,Ni50.6Ti24.4Hf25.0 %,25.0
L. Patriarca and H. Sehitoglu,Scripta Materialia,High-temperature superelasticity of Ni50.6Ti24.4Hf25.0 shape memory alloy,2015.0,50.6,24.4,900.0,Ni50.6Ti24.4Hf25.0 %,25.0
L. Patriarca and H. Sehitoglu,Scripta Materialia,High-temperature superelasticity of Ni50.6Ti24.4Hf25.0 shape memory alloy,2015.0,50.6,24.4,900.0,Ni50.6Ti24.4Hf25.0 %,25.0
L. Patriarca and H. Sehitoglu,Scripta Materialia,High-temperature superelasticity of Ni50.6Ti24.4Hf25.0 shape memory alloy,2015.0,50.6,24.4,900.0,Ni50.6Ti24.4Hf25.0 %,25.0
L. Patriarca and H. Sehitoglu,Scripta Materialia,High-temperature superelasticity of Ni50.6Ti24.4Hf25.0 shape memory alloy,2015.0,50.6,24.4,900.0,Ni50.6Ti24.4Hf25.0 %,25.0
L. Patriarca and H. Sehitoglu,Scripta Materialia,High-temperature superelasticity of Ni50.6Ti24.4Hf25.0 shape memory alloy,2015.0,50.6,24.4,900.0,Ni50.6Ti24.4Hf25.0 %,25.0
L. Patriarca and H. Sehitoglu,Scripta Materialia,High-temperature superelasticity of Ni50.6Ti24.4Hf25.0 shape memory alloy,2015.0,50.6,24.4,900.0,Ni50.6Ti24.4Hf25.0 %,25.0
L. Patriarca and H. Sehitoglu,Scripta Materialia,High-temperature superelasticity of Ni50.6Ti24.4Hf25.0 shape memory alloy,2015.0,50.6,24.4,900.0,Ni50.6Ti24.4Hf25.0 %,25.0
L. Patriarca and H. Sehitoglu,Scripta Materialia,High-temperature superelasticity of Ni50.6Ti24.4Hf25.0 shape memory alloy,2015.0,50.6,24.4,900.0,Ni50.6Ti24.4Hf25.0 %,25.0
L. Patriarca and H. Sehitoglu,Scripta Materialia,High-temperature superelasticity of Ni50.6Ti24.4Hf25.0 shape memory alloy,2015.0,50.6,24.4,900.0,Ni50.6Ti24.4Hf25.0 %,25.0
L. Patriarca and H. Sehitoglu,Scripta Materialia,High-temperature superelasticity of Ni50.6Ti24.4Hf25.0 shape memory alloy,2015.0,50.6,24.4,900.0,Ni50.6Ti24.4Hf25.0 %,25.0
L. Patriarca and H. Sehitoglu,Scripta Materialia,High-temperature superelasticity of Ni50.6Ti24.4Hf25.0 shape memory alloy,2015.0,50.6,24.4,900.0,Ni50.6Ti24.4Hf25.0 %,25.0
L. Patriarca and H. Sehitoglu,Scripta Materialia,High-temperature superelasticity of Ni50.6Ti24.4Hf25.0 shape memory alloy,2015.0,50.6,24.4,900.0,Ni50.6Ti24.4Hf25.0 %,25.0
L. Patriarca and H. Sehitoglu,Scripta Materialia,High-temperature superelasticity of Ni50.6Ti24.4Hf25.0 shape memory alloy,2015.0,50.6,24.4,900.0,Ni50.6Ti24.4Hf25.0 %,25.0
L. Patriarca and H. Sehitoglu,Scripta Materialia,High-temperature superelasticity of Ni50.6Ti24.4Hf25.0 shape memory alloy,2015.0,50.6,24.4,900.0,Ni50.6Ti24.4Hf25.0 %,25.0
L. Patriarca and H. Sehitoglu,Scripta Materialia,High-temperature superelasticity of Ni50.6Ti24.4Hf25.0 shape memory alloy,2015.0,50.6,24.4,900.0,Ni50.6Ti24.4Hf25.0 %,25.0
L. Patriarca and H. Sehitoglu,Scripta Materialia,High-temperature superelasticity of Ni50.6Ti24.4Hf25.0 shape memory alloy,2015.0,50.6,24.4,900.0,Ni50.6Ti24.4Hf25.0 %,25.0
L. Patriarca and H. Sehitoglu,Scripta Materialia,High-temperature superelasticity of Ni50.6Ti24.4Hf25.0 shape memory alloy,2015.0,50.6,24.4,900.0,Ni50.6Ti24.4Hf25.0 %,25.0
L. Patriarca and H. Sehitoglu,Scripta Materialia,High-temperature superelasticity of Ni50.6Ti24.4Hf25.0 shape memory alloy,2015.0,50.6,24.4,900.0,Ni50.6Ti24.4Hf25.0 %,25.0
L. Patriarca and H. Sehitoglu,Scripta Materialia,High-temperature superelasticity of Ni50.6Ti24.4Hf25.0 shape memory alloy,2015.0,50.6,24.4,900.0,Ni50.6Ti24.4Hf25.0 %,25.0
L. Patriarca and H. Sehitoglu,Scripta Materialia,High-temperature superelasticity of Ni50.6Ti24.4Hf25.0 shape memory alloy,2015.0,50.6,24.4,900.0,Ni50.6Ti24.4Hf25.0 %,25.0
X. L. Meng; W. Cai; Y. F. Zheng and L. C. Zhao,Materials Science and Engineering: A,Phase transformation and precipitation in aged Ti–Ni–Hf high-temperature shape memory alloys,2006.0,50.6,29.4,550.0,Ni50.6Ti29.4Hf20.0 %,20.0
X. L. Meng; W. Cai; Y. D. Fu; Q. F. Li; J. X. Zhang and L. C. Zhao,Intermetallics,Shape-memory behaviors in an aged Ni-rich TiNiHf high temperature shape-memory alloy,2008.0,50.6,29.4,550.0,Ni50.6Ti29.4Hf20.0 %,20.0
X. L. Meng; W. Cai; Y. D. Fu; Q. F. Li; J. X. Zhang and L. C. Zhao,Intermetallics,Shape-memory behaviors in an aged Ni-rich TiNiHf high temperature shape-memory alloy,2008.0,50.6,29.4,550.0,Ni50.6Ti29.4Hf20.0 %,20.0
X. L. Meng; W. Cai; Y. D. Fu; Q. F. Li; J. X. Zhang and L. C. Zhao,Intermetallics,Shape-memory behaviors in an aged Ni-rich TiNiHf high temperature shape-memory alloy,2008.0,50.6,29.4,550.0,Ni50.6Ti29.4Hf20.0 %,20.0
X. L. Meng; W. Cai; Y. D. Fu; Q. F. Li; J. X. Zhang and L. C. Zhao,Intermetallics,Shape-memory behaviors in an aged Ni-rich TiNiHf high temperature shape-memory alloy,2008.0,50.6,29.4,550.0,Ni50.6Ti29.4Hf20.0 %,20.0
X. L. Meng; W. Cai; Y. D. Fu; Q. F. Li; J. X. Zhang and L. C. Zhao,Intermetallics,Shape-memory behaviors in an aged Ni-rich TiNiHf high temperature shape-memory alloy,2008.0,50.6,29.4,550.0,Ni50.6Ti29.4Hf20.0 %,20.0
X. L. Meng; W. Cai; Y. D. Fu; Q. F. Li; J. X. Zhang and L. C. Zhao,Intermetallics,Shape-memory behaviors in an aged Ni-rich TiNiHf high temperature shape-memory alloy,2008.0,50.6,29.4,550.0,Ni50.6Ti29.4Hf20.0 %,20.0
X. L. Meng; W. Cai; Y. D. Fu; Q. F. Li; J. X. Zhang and L. C. Zhao,Intermetallics,Shape-memory behaviors in an aged Ni-rich TiNiHf high temperature shape-memory alloy,2008.0,50.6,29.4,550.0,Ni50.6Ti29.4Hf20.0 %,20.0
X. L. Meng; W. Cai; Y. D. Fu; Q. F. Li; J. X. Zhang and L. C. Zhao,Intermetallics,Shape-memory behaviors in an aged Ni-rich TiNiHf high temperature shape-memory alloy,2008.0,50.6,29.4,550.0,Ni50.6Ti29.4Hf20.0 %,20.0
X. L. Meng; W. Cai; Y. D. Fu; Q. F. Li; J. X. Zhang and L. C. Zhao,Intermetallics,Shape-memory behaviors in an aged Ni-rich TiNiHf high temperature shape-memory alloy,2008.0,50.6,29.4,550.0,Ni50.6Ti29.4Hf20.0 %,20.0
X. L. Meng; W. Cai; Y. D. Fu; Q. F. Li; J. X. Zhang and L. C. Zhao,Intermetallics,Shape-memory behaviors in an aged Ni-rich TiNiHf high temperature shape-memory alloy,2008.0,50.6,29.4,550.0,Ni50.6Ti29.4Hf20.0 %,20.0
X. L. Meng; W. Cai; Y. D. Fu; Q. F. Li; J. X. Zhang and L. C. Zhao,Intermetallics,Shape-memory behaviors in an aged Ni-rich TiNiHf high temperature shape-memory alloy,2008.0,50.6,29.4,550.0,Ni50.6Ti29.4Hf20.0 %,20.0
X. L. Meng; W. Cai; Y. D. Fu; Q. F. Li; J. X. Zhang and L. C. Zhao,Intermetallics,Shape-memory behaviors in an aged Ni-rich TiNiHf high temperature shape-memory alloy,2008.0,50.6,29.4,550.0,Ni50.6Ti29.4Hf20.0 %,20.0
X. L. Meng; W. Cai; Y. D. Fu; Q. F. Li; J. X. Zhang and L. C. Zhao,Intermetallics,Shape-memory behaviors in an aged Ni-rich TiNiHf high temperature shape-memory alloy,2008.0,50.6,29.4,550.0,Ni50.6Ti29.4Hf20.0 %,20.0
X. L. Meng; W. Cai; Y. D. Fu; Q. F. Li; J. X. Zhang and L. C. Zhao,Intermetallics,Shape-memory behaviors in an aged Ni-rich TiNiHf high temperature shape-memory alloy,2008.0,50.6,29.4,550.0,Ni50.6Ti29.4Hf20.0 %,20.0
X. L. Meng; W. Cai; Y. D. Fu; Q. F. Li; J. X. Zhang and L. C. Zhao,Intermetallics,Shape-memory behaviors in an aged Ni-rich TiNiHf high temperature shape-memory alloy,2008.0,50.6,29.4,550.0,Ni50.6Ti29.4Hf20.0 %,20.0
X. L. Meng; W. Cai; Y. D. Fu; Q. F. Li; J. X. Zhang and L. C. Zhao,Intermetallics,Shape-memory behaviors in an aged Ni-rich TiNiHf high temperature shape-memory alloy,2008.0,50.6,29.4,550.0,Ni50.6Ti29.4Hf20.0 %,20.0
X. L. Meng; W. Cai; Y. D. Fu; Q. F. Li; J. X. Zhang and L. C. Zhao,Intermetallics,Shape-memory behaviors in an aged Ni-rich TiNiHf high temperature shape-memory alloy,2008.0,50.6,29.4,550.0,Ni50.6Ti29.4Hf20.0 %,20.0
X. L. Meng; W. Cai; Y. D. Fu; Q. F. Li; J. X. Zhang and L. C. Zhao,Intermetallics,Shape-memory behaviors in an aged Ni-rich TiNiHf high temperature shape-memory alloy,2008.0,50.6,29.4,550.0,Ni50.6Ti29.4Hf20.0 %,20.0
X. L. Meng; W. Cai; Y. D. Fu; Q. F. Li; J. X. Zhang and L. C. Zhao,Intermetallics,Shape-memory behaviors in an aged Ni-rich TiNiHf high temperature shape-memory alloy,2008.0,50.6,29.4,550.0,Ni50.6Ti29.4Hf20.0 %,20.0
X. L. Meng; W. Cai; Y. D. Fu; Q. F. Li; J. X. Zhang and L. C. Zhao,Intermetallics,Shape-memory behaviors in an aged Ni-rich TiNiHf high temperature shape-memory alloy,2008.0,50.6,29.4,550.0,Ni50.6Ti29.4Hf20.0 %,20.0
X. L. Meng; W. Cai; Y. D. Fu; Q. F. Li; J. X. Zhang and L. C. Zhao,Intermetallics,Shape-memory behaviors in an aged Ni-rich TiNiHf high temperature shape-memory alloy,2008.0,50.6,29.4,550.0,Ni50.6Ti29.4Hf20.0 %,20.0
X. L. Meng; W. Cai; Y. D. Fu; Q. F. Li; J. X. Zhang and L. C. Zhao,Intermetallics,Shape-memory behaviors in an aged Ni-rich TiNiHf high temperature shape-memory alloy,2008.0,50.6,29.4,550.0,Ni50.6Ti29.4Hf20.0 %,20.0
X. L. Meng; W. Cai; Y. D. Fu; Q. F. Li; J. X. Zhang and L. C. Zhao,Intermetallics,Shape-memory behaviors in an aged Ni-rich TiNiHf high temperature shape-memory alloy,2008.0,50.6,29.4,550.0,Ni50.6Ti29.4Hf20.0 %,20.0
X. L. Meng; W. Cai; Y. D. Fu; Q. F. Li; J. X. Zhang and L. C. Zhao,Intermetallics,Shape-memory behaviors in an aged Ni-rich TiNiHf high temperature shape-memory alloy,2008.0,50.6,29.4,550.0,Ni50.6Ti29.4Hf20.0 %,20.0
X. L. Meng; W. Cai; Y. D. Fu; Q. F. Li; J. X. Zhang and L. C. Zhao,Intermetallics,Shape-memory behaviors in an aged Ni-rich TiNiHf high temperature shape-memory alloy,2008.0,50.6,29.4,550.0,Ni50.6Ti29.4Hf20.0 %,20.0
X. L. Meng; W. Cai; Y. D. Fu; Q. F. Li; J. X. Zhang and L. C. Zhao,Intermetallics,Shape-memory behaviors in an aged Ni-rich TiNiHf high temperature shape-memory alloy,2008.0,50.6,29.4,550.0,Ni50.6Ti29.4Hf20.0 %,20.0
X. L. Meng; W. Cai; Y. D. Fu; Q. F. Li; J. X. Zhang and L. C. Zhao,Intermetallics,Shape-memory behaviors in an aged Ni-rich TiNiHf high temperature shape-memory alloy,2008.0,50.6,29.4,550.0,Ni50.6Ti29.4Hf20.0 %,20.0
X. L. Meng; W. Cai; Y. D. Fu; Q. F. Li; J. X. Zhang and L. C. Zhao,Intermetallics,Shape-memory behaviors in an aged Ni-rich TiNiHf high temperature shape-memory alloy,2008.0,50.6,29.4,550.0,Ni50.6Ti29.4Hf20.0 %,20.0
X. L. Meng; W. Cai; Y. D. Fu; Q. F. Li; J. X. Zhang and L. C. Zhao,Intermetallics,Shape-memory behaviors in an aged Ni-rich TiNiHf high temperature shape-memory alloy,2008.0,50.6,29.4,550.0,Ni50.6Ti29.4Hf20.0 %,20.0
X. L. Meng; W. Cai; Y. D. Fu; Q. F. Li; J. X. Zhang and L. C. Zhao,Intermetallics,Shape-memory behaviors in an aged Ni-rich TiNiHf high temperature shape-memory alloy,2008.0,50.6,29.4,550.0,Ni50.6Ti29.4Hf20.0 %,20.0
S. M. Saghaian,Mechanical Engineering,Shape memory behavior of single crystal and polycrystalline Ni-rich NiTiHf high temperature shape memory alloys,2015.0,50.7,29.3,300.0,Ni50.7Ti29.3Hf20.0 %,20.0
S. M. Saghaian,Mechanical Engineering,Shape memory behavior of single crystal and polycrystalline Ni-rich NiTiHf high temperature shape memory alloys,2015.0,50.7,29.3,400.0,Ni50.7Ti29.3Hf20.0 %,20.0
S. M. Saghaian,Mechanical Engineering,Shape memory behavior of single crystal and polycrystalline Ni-rich NiTiHf high temperature shape memory alloys,2015.0,50.7,29.3,500.0,Ni50.7Ti29.3Hf20.0 %,20.0
S. M. Saghaian,Mechanical Engineering,Shape memory behavior of single crystal and polycrystalline Ni-rich NiTiHf high temperature shape memory alloys,2015.0,50.7,29.3,500.0,Ni50.7Ti29.3Hf20.0 %,20.0
S. M. Saghaian,Mechanical Engineering,Shape memory behavior of single crystal and polycrystalline Ni-rich NiTiHf high temperature shape memory alloys,2015.0,50.7,29.3,500.0,Ni50.7Ti29.3Hf20.0 %,20.0
S. M. Saghaian,Mechanical Engineering,Shape memory behavior of single crystal and polycrystalline Ni-rich NiTiHf high temperature shape memory alloys,2015.0,50.7,29.3,550.0,Ni50.7Ti29.3Hf20.0 %,20.0
S. M. Saghaian,Mechanical Engineering,Shape memory behavior of single crystal and polycrystalline Ni-rich NiTiHf high temperature shape memory alloys,2015.0,50.7,29.3,600.0,Ni50.7Ti29.3Hf20.0 %,20.0
S. M. Saghaian,Mechanical Engineering,Shape memory behavior of single crystal and polycrystalline Ni-rich NiTiHf high temperature shape memory alloys,2015.0,50.7,29.3,700.0,Ni50.7Ti29.3Hf20.0 %,20.0
S. M. Saghaian,Mechanical Engineering,Shape memory behavior of single crystal and polycrystalline Ni-rich NiTiHf high temperature shape memory alloys,2015.0,50.7,29.3,900.0,Ni50.7Ti29.3Hf20.0 %,20.0
S. M. Saghaian,Mechanical Engineering,Shape memory behavior of single crystal and polycrystalline Ni-rich NiTiHf high temperature shape memory alloys,2015.0,50.7,29.3,900.0,Ni50.7Ti29.3Hf20.0 %,20.0
S. M. Saghaian,Mechanical Engineering,Shape memory behavior of single crystal and polycrystalline Ni-rich NiTiHf high temperature shape memory alloys,2015.0,50.7,29.3,900.0,Ni50.7Ti29.3Hf20.0 %,20.0
S. M. Saghaian,Mechanical Engineering,Shape memory behavior of single crystal and polycrystalline Ni-rich NiTiHf high temperature shape memory alloys,2015.0,50.7,29.3,900.0,Ni50.7Ti29.3Hf20.0 %,20.0
S. M. Saghaian,Mechanical Engineering,Shape memory behavior of single crystal and polycrystalline Ni-rich NiTiHf high temperature shape memory alloys,2015.0,50.7,29.3,900.0,Ni50.7Ti29.3Hf20.0 %,20.0
S. M. Saghaian,Mechanical Engineering,Shape memory behavior of single crystal and polycrystalline Ni-rich NiTiHf high temperature shape memory alloys,2015.0,50.7,29.3,900.0,Ni50.7Ti29.3Hf20.0 %,20.0
S. M. Saghaian,Mechanical Engineering,Shape memory behavior of single crystal and polycrystalline Ni-rich NiTiHf high temperature shape memory alloys,2015.0,50.7,29.3,900.0,Ni50.7Ti29.3Hf20.0 %,20.0
S. M. Saghaian,Mechanical Engineering,Shape memory behavior of single crystal and polycrystalline Ni-rich NiTiHf high temperature shape memory alloys,2015.0,50.7,29.3,900.0,Ni50.7Ti29.3Hf20.0 %,20.0
S. M. Saghaian,Mechanical Engineering,Shape memory behavior of single crystal and polycrystalline Ni-rich NiTiHf high temperature shape memory alloys,2015.0,50.7,29.3,300.0,Ni50.7Ti29.3Hf20.0 %,20.0
S. M. Saghaian,Mechanical Engineering,Shape memory behavior of single crystal and polycrystalline Ni-rich NiTiHf high temperature shape memory alloys,2015.0,50.7,29.3,400.0,Ni50.7Ti29.3Hf20.0 %,20.0
S. M. Saghaian,Mechanical Engineering,Shape memory behavior of single crystal and polycrystalline Ni-rich NiTiHf high temperature shape memory alloys,2015.0,50.7,29.3,500.0,Ni50.7Ti29.3Hf20.0 %,20.0
S. M. Saghaian,Mechanical Engineering,Shape memory behavior of single crystal and polycrystalline Ni-rich NiTiHf high temperature shape memory alloys,2015.0,50.7,29.3,600.0,Ni50.7Ti29.3Hf20.0 %,20.0
S. M. Saghaian,Mechanical Engineering,Shape memory behavior of single crystal and polycrystalline Ni-rich NiTiHf high temperature shape memory alloys,2015.0,50.7,29.3,700.0,Ni50.7Ti29.3Hf20.0 %,20.0
S. M. Saghaian,Mechanical Engineering,Shape memory behavior of single crystal and polycrystalline Ni-rich NiTiHf high temperature shape memory alloys,2015.0,50.7,29.3,900.0,Ni50.7Ti29.3Hf20.0 %,20.0
S. M. Saghaian,Mechanical Engineering,Shape memory behavior of single crystal and polycrystalline Ni-rich NiTiHf high temperature shape memory alloys,2015.0,50.7,29.3,900.0,Ni50.7Ti29.3Hf20.0 %,20.0
S. M. Saghaian,Mechanical Engineering,Shape memory behavior of single crystal and polycrystalline Ni-rich NiTiHf high temperature shape memory alloys,2015.0,50.7,29.3,900.0,Ni50.7Ti29.3Hf20.0 %,20.0
S. M. Saghaian,Mechanical Engineering,Shape memory behavior of single crystal and polycrystalline Ni-rich NiTiHf high temperature shape memory alloys,2015.0,50.7,29.3,900.0,Ni50.7Ti29.3Hf20.0 %,20.0
S. M. Saghaian,Mechanical Engineering,Shape memory behavior of single crystal and polycrystalline Ni-rich NiTiHf high temperature shape memory alloys,2015.0,50.7,29.3,900.0,Ni50.7Ti29.3Hf20.0 %,20.0
S. M. Saghaian,Mechanical Engineering,Shape memory behavior of single crystal and polycrystalline Ni-rich NiTiHf high temperature shape memory alloys,2015.0,50.7,29.3,900.0,Ni50.7Ti29.3Hf20.0 %,20.0
S. M. Saghaian,Mechanical Engineering,Shape memory behavior of single crystal and polycrystalline Ni-rich NiTiHf high temperature shape memory alloys,2015.0,50.7,29.3,900.0,Ni50.7Ti29.3Hf20.0 %,20.0
S. M. Saghaian,Mechanical Engineering,Shape memory behavior of single crystal and polycrystalline Ni-rich NiTiHf high temperature shape memory alloys,2015.0,50.7,29.3,900.0,Ni50.7Ti29.3Hf20.0 %,20.0
S. M. Saghaian,Mechanical Engineering,Shape memory behavior of single crystal and polycrystalline Ni-rich NiTiHf high temperature shape memory alloys,2015.0,50.7,29.3,450.0,Ni50.7Ti29.3Hf20.0 %,20.0
S. M. Saghaian,Mechanical Engineering,Shape memory behavior of single crystal and polycrystalline Ni-rich NiTiHf high temperature shape memory alloys,2015.0,50.7,29.3,450.0,Ni50.7Ti29.3Hf20.0 %,20.0
S. M. Saghaian,Mechanical Engineering,Shape memory behavior of single crystal and polycrystalline Ni-rich NiTiHf high temperature shape memory alloys,2015.0,50.7,29.3,450.0,Ni50.7Ti29.3Hf20.0 %,20.0
S. M. Saghaian,Mechanical Engineering,Shape memory behavior of single crystal and polycrystalline Ni-rich NiTiHf high temperature shape memory alloys,2015.0,50.7,29.3,450.0,Ni50.7Ti29.3Hf20.0 %,20.0
S. M. Saghaian,Mechanical Engineering,Shape memory behavior of single crystal and polycrystalline Ni-rich NiTiHf high temperature shape memory alloys,2015.0,50.7,29.3,550.0,Ni50.7Ti29.3Hf20.0 %,20.0
S. M. Saghaian,Mechanical Engineering,Shape memory behavior of single crystal and polycrystalline Ni-rich NiTiHf high temperature shape memory alloys,2015.0,50.7,29.3,550.0,Ni50.7Ti29.3Hf20.0 %,20.0
S. M. Saghaian,Mechanical Engineering,Shape memory behavior of single crystal and polycrystalline Ni-rich NiTiHf high temperature shape memory alloys,2015.0,50.7,29.3,550.0,Ni50.7Ti29.3Hf20.0 %,20.0
S. M. Saghaian,Mechanical Engineering,Shape memory behavior of single crystal and polycrystalline Ni-rich NiTiHf high temperature shape memory alloys,2015.0,50.7,29.3,550.0,Ni50.7Ti29.3Hf20.0 %,20.0
S. M. Saghaian,Mechanical Engineering,Shape memory behavior of single crystal and polycrystalline Ni-rich NiTiHf high temperature shape memory alloys,2015.0,50.7,29.3,900.0,Ni50.7Ti29.3Hf20.0 %,20.0
S. M. Saghaian,Mechanical Engineering,Shape memory behavior of single crystal and polycrystalline Ni-rich NiTiHf high temperature shape memory alloys,2015.0,50.7,29.3,900.0,Ni50.7Ti29.3Hf20.0 %,20.0
S. M. Saghaian,Mechanical Engineering,Shape memory behavior of single crystal and polycrystalline Ni-rich NiTiHf high temperature shape memory alloys,2015.0,50.7,29.3,900.0,Ni50.7Ti29.3Hf20.0 %,20.0
S. M. Saghaian,Mechanical Engineering,Shape memory behavior of single crystal and polycrystalline Ni-rich NiTiHf high temperature shape memory alloys,2015.0,50.7,29.3,900.0,Ni50.7Ti29.3Hf20.0 %,20.0
S. M. Saghaian,Mechanical Engineering,Shape memory behavior of single crystal and polycrystalline Ni-rich NiTiHf high temperature shape memory alloys,2015.0,50.7,29.3,450.0,Ni50.7Ti29.3Hf20.0 %,20.0
S. M. Saghaian,Mechanical Engineering,Shape memory behavior of single crystal and polycrystalline Ni-rich NiTiHf high temperature shape memory alloys,2015.0,50.7,29.3,450.0,Ni50.7Ti29.3Hf20.0 %,20.0
S. M. Saghaian,Mechanical Engineering,Shape memory behavior of single crystal and polycrystalline Ni-rich NiTiHf high temperature shape memory alloys,2015.0,50.7,29.3,450.0,Ni50.7Ti29.3Hf20.0 %,20.0
S. M. Saghaian,Mechanical Engineering,Shape memory behavior of single crystal and polycrystalline Ni-rich NiTiHf high temperature shape memory alloys,2015.0,50.7,29.3,450.0,Ni50.7Ti29.3Hf20.0 %,20.0
S. M. Saghaian,Mechanical Engineering,Shape memory behavior of single crystal and polycrystalline Ni-rich NiTiHf high temperature shape memory alloys,2015.0,50.7,29.3,450.0,Ni50.7Ti29.3Hf20.0 %,20.0
S. M. Saghaian,Mechanical Engineering,Shape memory behavior of single crystal and polycrystalline Ni-rich NiTiHf high temperature shape memory alloys,2015.0,50.7,29.3,550.0,Ni50.7Ti29.3Hf20.0 %,20.0
S. M. Saghaian,Mechanical Engineering,Shape memory behavior of single crystal and polycrystalline Ni-rich NiTiHf high temperature shape memory alloys,2015.0,50.7,29.3,550.0,Ni50.7Ti29.3Hf20.0 %,20.0
S. M. Saghaian,Mechanical Engineering,Shape memory behavior of single crystal and polycrystalline Ni-rich NiTiHf high temperature shape memory alloys,2015.0,50.7,29.3,550.0,Ni50.7Ti29.3Hf20.0 %,20.0
S. M. Saghaian,Mechanical Engineering,Shape memory behavior of single crystal and polycrystalline Ni-rich NiTiHf high temperature shape memory alloys,2015.0,50.7,29.3,550.0,Ni50.7Ti29.3Hf20.0 %,20.0
S. M. Saghaian,Mechanical Engineering,Shape memory behavior of single crystal and polycrystalline Ni-rich NiTiHf high temperature shape memory alloys,2015.0,50.7,29.3,550.0,Ni50.7Ti29.3Hf20.0 %,20.0
S. M. Saghaian,Mechanical Engineering,Shape memory behavior of single crystal and polycrystalline Ni-rich NiTiHf high temperature shape memory alloys,2015.0,50.7,29.3,900.0,Ni50.7Ti29.3Hf20.0 %,20.0
S. M. Saghaian,Mechanical Engineering,Shape memory behavior of single crystal and polycrystalline Ni-rich NiTiHf high temperature shape memory alloys,2015.0,50.7,29.3,900.0,Ni50.7Ti29.3Hf20.0 %,20.0
S. M. Saghaian,Mechanical Engineering,Shape memory behavior of single crystal and polycrystalline Ni-rich NiTiHf high temperature shape memory alloys,2015.0,50.7,29.3,900.0,Ni50.7Ti29.3Hf20.0 %,20.0
S. M. Saghaian,Mechanical Engineering,Shape memory behavior of single crystal and polycrystalline Ni-rich NiTiHf high temperature shape memory alloys,2015.0,50.7,29.3,900.0,Ni50.7Ti29.3Hf20.0 %,20.0
R. Santamarta; R. Arróyave; J. Pons; A. Evirgen; I. Karaman; H. Karaca and R. Noebe,Acta Materialia,TEM study of structural and microstructural characteristics of a precipitate phase in Ni-rich Ni–Ti–Hf and Ni–Ti–Zr shape memory alloys,2013.0,50.7,29.3,900.0,Ni50.7Ti29.3Hf20.0 %,20.0
X. L. Meng; W. Cai; F. Chen and L. C. Zhao,Scripta Materialia,Effect of aging on martensitic transformation and microstructure in Ni-rich TiNiHf shape memory alloy,2006.0,50.8,29.2,550.0,Ni50.8Ti29.2Hf20.0 %,20.0
X. L. Meng; W. Cai; Y. F. Zheng and L. C. Zhao,Materials Science and Engineering: A,Phase transformation and precipitation in aged Ti–Ni–Hf high-temperature shape memory alloys,2006.0,50.8,29.2,550.0,Ni50.8Ti29.2Hf20.0 %,20.0
D. N. Abujudom; M. Y. Kao; P. E. Thoma and D. R. Angst,US5114504,High transformation temperature shape memory alloy,1992.0,51.0,39.0,600.0,Ni51.0Ti39.0Hf10.0 %,10.0
D. Coughlin; L. Casalena; F. Yang; R. Noebe and M. Mills,Journal of Materials Science,Microstructure–property relationships in a high-strength 51Ni–29Ti–20Hf shape memory alloy,2016.0,51.0,29.0,500.0,Ni51.0Ti29.0Hf20.0 %,20.0
D. Coughlin; L. Casalena; F. Yang; R. Noebe and M. Mills,Journal of Materials Science,Microstructure–property relationships in a high-strength 51Ni–29Ti–20Hf shape memory alloy,2016.0,51.0,29.0,500.0,Ni51.0Ti29.0Hf20.0 %,20.0
D. Coughlin; L. Casalena; F. Yang; R. Noebe and M. Mills,Journal of Materials Science,Microstructure–property relationships in a high-strength 51Ni–29Ti–20Hf shape memory alloy,2016.0,51.0,29.0,500.0,Ni51.0Ti29.0Hf20.0 %,20.0
D. Coughlin; L. Casalena; F. Yang; R. Noebe and M. Mills,Journal of Materials Science,Microstructure–property relationships in a high-strength 51Ni–29Ti–20Hf shape memory alloy,2016.0,51.0,29.0,500.0,Ni51.0Ti29.0Hf20.0 %,20.0
D. Coughlin; L. Casalena; F. Yang; R. Noebe and M. Mills,Journal of Materials Science,Microstructure–property relationships in a high-strength 51Ni–29Ti–20Hf shape memory alloy,2016.0,51.0,29.0,500.0,Ni51.0Ti29.0Hf20.0 %,20.0
D. Coughlin; L. Casalena; F. Yang; R. Noebe and M. Mills,Journal of Materials Science,Microstructure–property relationships in a high-strength 51Ni–29Ti–20Hf shape memory alloy,2016.0,51.0,29.0,600.0,Ni51.0Ti29.0Hf20.0 %,20.0
Y. Wu; L. Patriarca; G. Li; H. Sehitoglu; Y. Soejima; T. Ito and M. Nishida,Shape Memory and Superelasticity,Shape memory response of polycrystalline NiTi12. 5Hf alloy: transformation at small scales,2015.0,51.0,36.5,900.0,Ni51.0Ti36.5Hf12.5 %,12.5
Y. Wu; L. Patriarca; G. Li; H. Sehitoglu; Y. Soejima; T. Ito and M. Nishida,Shape Memory and Superelasticity,Shape memory response of polycrystalline NiTi12. 5Hf alloy: transformation at small scales,2015.0,51.0,36.5,900.0,Ni51.0Ti36.5Hf12.5 %,12.5
Y. Wu; L. Patriarca; G. Li; H. Sehitoglu; Y. Soejima; T. Ito and M. Nishida,Shape Memory and Superelasticity,Shape memory response of polycrystalline NiTi12. 5Hf alloy: transformation at small scales,2015.0,51.0,36.5,900.0,Ni51.0Ti36.5Hf12.5 %,12.5
Y. Wu; L. Patriarca; G. Li; H. Sehitoglu; Y. Soejima; T. Ito and M. Nishida,Shape Memory and Superelasticity,Shape memory response of polycrystalline NiTi12. 5Hf alloy: transformation at small scales,2015.0,51.0,36.5,900.0,Ni51.0Ti36.5Hf12.5 %,12.5
Y. Wu; L. Patriarca; G. Li; H. Sehitoglu; Y. Soejima; T. Ito and M. Nishida,Shape Memory and Superelasticity,Shape memory response of polycrystalline NiTi12. 5Hf alloy: transformation at small scales,2015.0,51.0,36.5,900.0,Ni51.0Ti36.5Hf12.5 %,12.5
Y. Wu; L. Patriarca; G. Li; H. Sehitoglu; Y. Soejima; T. Ito and M. Nishida,Shape Memory and Superelasticity,Shape memory response of polycrystalline NiTi12. 5Hf alloy: transformation at small scales,2015.0,51.0,36.5,900.0,Ni51.0Ti36.5Hf12.5 %,12.5
Y. Wu; L. Patriarca; G. Li; H. Sehitoglu; Y. Soejima; T. Ito and M. Nishida,Shape Memory and Superelasticity,Shape memory response of polycrystalline NiTi12. 5Hf alloy: transformation at small scales,2015.0,51.0,36.5,900.0,Ni51.0Ti36.5Hf12.5 %,12.5
Y. Wu; L. Patriarca; G. Li; H. Sehitoglu; Y. Soejima; T. Ito and M. Nishida,Shape Memory and Superelasticity,Shape memory response of polycrystalline NiTi12. 5Hf alloy: transformation at small scales,2015.0,51.0,36.5,900.0,Ni51.0Ti36.5Hf12.5 %,12.5
Y. Wu; L. Patriarca; G. Li; H. Sehitoglu; Y. Soejima; T. Ito and M. Nishida,Shape Memory and Superelasticity,Shape memory response of polycrystalline NiTi12. 5Hf alloy: transformation at small scales,2015.0,51.0,36.5,900.0,Ni51.0Ti36.5Hf12.5 %,12.5
Y. Wu; L. Patriarca; G. Li; H. Sehitoglu; Y. Soejima; T. Ito and M. Nishida,Shape Memory and Superelasticity,Shape memory response of polycrystalline NiTi12. 5Hf alloy: transformation at small scales,2015.0,51.0,36.5,900.0,Ni51.0Ti36.5Hf12.5 %,12.5
Y. Wu; L. Patriarca; G. Li; H. Sehitoglu; Y. Soejima; T. Ito and M. Nishida,Shape Memory and Superelasticity,Shape memory response of polycrystalline NiTi12. 5Hf alloy: transformation at small scales,2015.0,51.0,36.5,900.0,Ni51.0Ti36.5Hf12.5 %,12.5
Y. Wu; L. Patriarca; G. Li; H. Sehitoglu; Y. Soejima; T. Ito and M. Nishida,Shape Memory and Superelasticity,Shape memory response of polycrystalline NiTi12. 5Hf alloy: transformation at small scales,2015.0,51.0,36.5,900.0,Ni51.0Ti36.5Hf12.5 %,12.5
Y. Wu; L. Patriarca; G. Li; H. Sehitoglu; Y. Soejima; T. Ito and M. Nishida,Shape Memory and Superelasticity,Shape memory response of polycrystalline NiTi12. 5Hf alloy: transformation at small scales,2015.0,51.0,36.5,900.0,Ni51.0Ti36.5Hf12.5 %,12.5
Y. Wu; L. Patriarca; G. Li; H. Sehitoglu; Y. Soejima; T. Ito and M. Nishida,Shape Memory and Superelasticity,Shape memory response of polycrystalline NiTi12. 5Hf alloy: transformation at small scales,2015.0,51.0,36.5,900.0,Ni51.0Ti36.5Hf12.5 %,12.5
Y. Wu; L. Patriarca; G. Li; H. Sehitoglu; Y. Soejima; T. Ito and M. Nishida,Shape Memory and Superelasticity,Shape memory response of polycrystalline NiTi12. 5Hf alloy: transformation at small scales,2015.0,51.0,36.5,900.0,Ni51.0Ti36.5Hf12.5 %,12.5
Y. Wu; L. Patriarca; G. Li; H. Sehitoglu; Y. Soejima; T. Ito and M. Nishida,Shape Memory and Superelasticity,Shape memory response of polycrystalline NiTi12. 5Hf alloy: transformation at small scales,2015.0,51.0,36.5,900.0,Ni51.0Ti36.5Hf12.5 %,12.5
Y. Wu; L. Patriarca; G. Li; H. Sehitoglu; Y. Soejima; T. Ito and M. Nishida,Shape Memory and Superelasticity,Shape memory response of polycrystalline NiTi12. 5Hf alloy: transformation at small scales,2015.0,51.0,36.5,900.0,Ni51.0Ti36.5Hf12.5 %,12.5
Y. Wu; L. Patriarca; G. Li; H. Sehitoglu; Y. Soejima; T. Ito and M. Nishida,Shape Memory and Superelasticity,Shape memory response of polycrystalline NiTi12. 5Hf alloy: transformation at small scales,2015.0,51.0,36.5,900.0,Ni51.0Ti36.5Hf12.5 %,12.5
Y. Wu; L. Patriarca; G. Li; H. Sehitoglu; Y. Soejima; T. Ito and M. Nishida,Shape Memory and Superelasticity,Shape memory response of polycrystalline NiTi12. 5Hf alloy: transformation at small scales,2015.0,51.0,36.5,900.0,Ni51.0Ti36.5Hf12.5 %,12.5
Y. Wu; L. Patriarca; G. Li; H. Sehitoglu; Y. Soejima; T. Ito and M. Nishida,Shape Memory and Superelasticity,Shape memory response of polycrystalline NiTi12. 5Hf alloy: transformation at small scales,2015.0,51.0,36.5,900.0,Ni51.0Ti36.5Hf12.5 %,12.5
E. Panchenko; N. Surikov; Y. Chumlyakov; A. Eftifeeva; A. Neiman and H. Sehitoglu,Materials Today,Stress-ageing effects on the functional properties of high-strength [001]-oriented Ni51.0Ti37.3Hf12.5 single crystals,2017.0,51.0,36.5,600.0,Ni51.0Ti36.5Hf12.5 %,12.5
E. Panchenko; N. Surikov; Y. Chumlyakov; A. Eftifeeva; A. Neiman and H. Sehitoglu,Materials Today,Stress-ageing effects on the functional properties of high-strength [001]-oriented Ni51.0Ti37.3Hf12.5 single crystals,2017.0,51.0,36.5,600.0,Ni51.0Ti36.5Hf12.5 %,12.5
E. Panchenko; N. Surikov; Y. Chumlyakov; A. Eftifeeva; A. Neiman and H. Sehitoglu,Materials Today,Stress-ageing effects on the functional properties of high-strength [001]-oriented Ni51.0Ti37.3Hf12.5 single crystals,2017.0,51.0,36.5,600.0,Ni51.0Ti36.5Hf12.5 %,12.5
E. Panchenko; N. Surikov; Y. Chumlyakov; A. Eftifeeva; A. Neiman and H. Sehitoglu,Materials Today,Stress-ageing effects on the functional properties of high-strength [001]-oriented Ni51.0Ti37.3Hf12.5 single crystals,2017.0,51.0,36.5,600.0,Ni51.0Ti36.5Hf12.5 %,12.5
E. Panchenko; N. Surikov; Y. Chumlyakov; A. Eftifeeva; A. Neiman and H. Sehitoglu,Materials Today,Stress-ageing effects on the functional properties of high-strength [001]-oriented Ni51.0Ti37.3Hf12.5 single crystals,2017.0,51.0,36.5,600.0,Ni51.0Ti36.5Hf12.5 %,12.5
L. Patriarca; H. Sehitoglu; E. Y. Panchenko and Y. I. Chumlyakov,Acta Materialia,High-temperature functional behavior of single crystal Ni51.2Ti23.4Hf25.4 shape memory alloy,2016.0,51.2,23.4,900.0,Ni51.2Ti23.4Hf25.4 %,25.4
L. Patriarca; H. Sehitoglu; E. Y. Panchenko and Y. I. Chumlyakov,Acta Materialia,High-temperature functional behavior of single crystal Ni51.2Ti23.4Hf25.4 shape memory alloy,2016.0,51.2,23.4,900.0,Ni51.2Ti23.4Hf25.4 %,25.4
L. Patriarca; H. Sehitoglu; E. Y. Panchenko and Y. I. Chumlyakov,Acta Materialia,High-temperature functional behavior of single crystal Ni51.2Ti23.4Hf25.4 shape memory alloy,2016.0,51.2,23.4,900.0,Ni51.2Ti23.4Hf25.4 %,25.4
L. Patriarca; H. Sehitoglu; E. Y. Panchenko and Y. I. Chumlyakov,Acta Materialia,High-temperature functional behavior of single crystal Ni51.2Ti23.4Hf25.4 shape memory alloy,2016.0,51.2,23.4,900.0,Ni51.2Ti23.4Hf25.4 %,25.4
L. Patriarca; H. Sehitoglu; E. Y. Panchenko and Y. I. Chumlyakov,Acta Materialia,High-temperature functional behavior of single crystal Ni51.2Ti23.4Hf25.4 shape memory alloy,2016.0,51.2,23.4,900.0,Ni51.2Ti23.4Hf25.4 %,25.4
L. Patriarca; H. Sehitoglu; E. Y. Panchenko and Y. I. Chumlyakov,Acta Materialia,High-temperature functional behavior of single crystal Ni51.2Ti23.4Hf25.4 shape memory alloy,2016.0,51.2,23.4,900.0,Ni51.2Ti23.4Hf25.4 %,25.4
L. Patriarca; H. Sehitoglu; E. Y. Panchenko and Y. I. Chumlyakov,Acta Materialia,High-temperature functional behavior of single crystal Ni51.2Ti23.4Hf25.4 shape memory alloy,2016.0,51.2,23.4,900.0,Ni51.2Ti23.4Hf25.4 %,25.4
L. Patriarca; H. Sehitoglu; E. Y. Panchenko and Y. I. Chumlyakov,Acta Materialia,High-temperature functional behavior of single crystal Ni51.2Ti23.4Hf25.4 shape memory alloy,2016.0,51.2,23.4,900.0,Ni51.2Ti23.4Hf25.4 %,25.4
L. Patriarca; H. Sehitoglu; E. Y. Panchenko and Y. I. Chumlyakov,Acta Materialia,High-temperature functional behavior of single crystal Ni51.2Ti23.4Hf25.4 shape memory alloy,2016.0,51.2,23.4,900.0,Ni51.2Ti23.4Hf25.4 %,25.4
L. Patriarca; H. Sehitoglu; E. Y. Panchenko and Y. I. Chumlyakov,Acta Materialia,High-temperature functional behavior of single crystal Ni51.2Ti23.4Hf25.4 shape memory alloy,2016.0,51.2,23.4,900.0,Ni51.2Ti23.4Hf25.4 %,25.4
L. Patriarca; H. Sehitoglu; E. Y. Panchenko and Y. I. Chumlyakov,Acta Materialia,High-temperature functional behavior of single crystal Ni51.2Ti23.4Hf25.4 shape memory alloy,2016.0,51.2,23.4,900.0,Ni51.2Ti23.4Hf25.4 %,25.4
L. Patriarca; H. Sehitoglu; E. Y. Panchenko and Y. I. Chumlyakov,Acta Materialia,High-temperature functional behavior of single crystal Ni51.2Ti23.4Hf25.4 shape memory alloy,2016.0,51.2,23.4,900.0,Ni51.2Ti23.4Hf25.4 %,25.4
L. Patriarca; H. Sehitoglu; E. Y. Panchenko and Y. I. Chumlyakov,Acta Materialia,High-temperature functional behavior of single crystal Ni51.2Ti23.4Hf25.4 shape memory alloy,2016.0,51.2,23.4,900.0,Ni51.2Ti23.4Hf25.4 %,25.4
L. Patriarca; H. Sehitoglu; E. Y. Panchenko and Y. I. Chumlyakov,Acta Materialia,High-temperature functional behavior of single crystal Ni51.2Ti23.4Hf25.4 shape memory alloy,2016.0,51.2,23.4,900.0,Ni51.2Ti23.4Hf25.4 %,25.4
L. Patriarca; H. Sehitoglu; E. Y. Panchenko and Y. I. Chumlyakov,Acta Materialia,High-temperature functional behavior of single crystal Ni51.2Ti23.4Hf25.4 shape memory alloy,2016.0,51.2,23.4,900.0,Ni51.2Ti23.4Hf25.4 %,25.4
L. Patriarca; H. Sehitoglu; E. Y. Panchenko and Y. I. Chumlyakov,Acta Materialia,High-temperature functional behavior of single crystal Ni51.2Ti23.4Hf25.4 shape memory alloy,2016.0,51.2,23.4,900.0,Ni51.2Ti23.4Hf25.4 %,25.4
L. Patriarca; H. Sehitoglu; E. Y. Panchenko and Y. I. Chumlyakov,Acta Materialia,High-temperature functional behavior of single crystal Ni51.2Ti23.4Hf25.4 shape memory alloy,2016.0,51.2,23.4,900.0,Ni51.2Ti23.4Hf25.4 %,25.4
L. Patriarca; H. Sehitoglu; E. Y. Panchenko and Y. I. Chumlyakov,Acta Materialia,High-temperature functional behavior of single crystal Ni51.2Ti23.4Hf25.4 shape memory alloy,2016.0,51.2,23.4,900.0,Ni51.2Ti23.4Hf25.4 %,25.4
L. Patriarca; H. Sehitoglu; E. Y. Panchenko and Y. I. Chumlyakov,Acta Materialia,High-temperature functional behavior of single crystal Ni51.2Ti23.4Hf25.4 shape memory alloy,2016.0,51.2,23.4,900.0,Ni51.2Ti23.4Hf25.4 %,25.4
L. Patriarca; H. Sehitoglu; E. Y. Panchenko and Y. I. Chumlyakov,Acta Materialia,High-temperature functional behavior of single crystal Ni51.2Ti23.4Hf25.4 shape memory alloy,2016.0,51.2,23.4,900.0,Ni51.2Ti23.4Hf25.4 %,25.4
L. Patriarca; H. Sehitoglu; E. Y. Panchenko and Y. I. Chumlyakov,Acta Materialia,High-temperature functional behavior of single crystal Ni51.2Ti23.4Hf25.4 shape memory alloy,2016.0,51.2,23.4,900.0,Ni51.2Ti23.4Hf25.4 %,25.4
L. Patriarca; H. Sehitoglu; E. Y. Panchenko and Y. I. Chumlyakov,Acta Materialia,High-temperature functional behavior of single crystal Ni51.2Ti23.4Hf25.4 shape memory alloy,2016.0,51.2,23.4,900.0,Ni51.2Ti23.4Hf25.4 %,25.4
L. Patriarca; H. Sehitoglu; E. Y. Panchenko and Y. I. Chumlyakov,Acta Materialia,High-temperature functional behavior of single crystal Ni51.2Ti23.4Hf25.4 shape memory alloy,2016.0,51.2,23.4,900.0,Ni51.2Ti23.4Hf25.4 %,25.4
L. Patriarca; H. Sehitoglu; E. Y. Panchenko and Y. I. Chumlyakov,Acta Materialia,High-temperature functional behavior of single crystal Ni51.2Ti23.4Hf25.4 shape memory alloy,2016.0,51.2,23.4,900.0,Ni51.2Ti23.4Hf25.4 %,25.4
L. Patriarca; H. Sehitoglu; E. Y. Panchenko and Y. I. Chumlyakov,Acta Materialia,High-temperature functional behavior of single crystal Ni51.2Ti23.4Hf25.4 shape memory alloy,2016.0,51.2,23.4,900.0,Ni51.2Ti23.4Hf25.4 %,25.4
L. Patriarca; H. Sehitoglu; E. Y. Panchenko and Y. I. Chumlyakov,Acta Materialia,High-temperature functional behavior of single crystal Ni51.2Ti23.4Hf25.4 shape memory alloy,2016.0,51.2,23.4,900.0,Ni51.2Ti23.4Hf25.4 %,25.4
L. Patriarca; H. Sehitoglu; E. Y. Panchenko and Y. I. Chumlyakov,Acta Materialia,High-temperature functional behavior of single crystal Ni51.2Ti23.4Hf25.4 shape memory alloy,2016.0,51.2,23.4,900.0,Ni51.2Ti23.4Hf25.4 %,25.4
L. Patriarca; H. Sehitoglu; E. Y. Panchenko and Y. I. Chumlyakov,Acta Materialia,High-temperature functional behavior of single crystal Ni51.2Ti23.4Hf25.4 shape memory alloy,2016.0,51.2,23.4,900.0,Ni51.2Ti23.4Hf25.4 %,25.4
L. Patriarca; H. Sehitoglu; E. Y. Panchenko and Y. I. Chumlyakov,Acta Materialia,High-temperature functional behavior of single crystal Ni51.2Ti23.4Hf25.4 shape memory alloy,2016.0,51.2,23.4,900.0,Ni51.2Ti23.4Hf25.4 %,25.4
S. M. Saghaian,Mechanical Engineering,Shape memory behavior of single crystal and polycrystalline Ni-rich NiTiHf high temperature shape memory alloys,2015.0,51.2,28.8,900.0,Ni51.2Ti28.8Hf20.0 %,20.0
S. M. Saghaian,Mechanical Engineering,Shape memory behavior of single crystal and polycrystalline Ni-rich NiTiHf high temperature shape memory alloys,2015.0,51.2,28.8,900.0,Ni51.2Ti28.8Hf20.0 %,20.0
S. M. Saghaian,Mechanical Engineering,Shape memory behavior of single crystal and polycrystalline Ni-rich NiTiHf high temperature shape memory alloys,2015.0,51.2,28.8,900.0,Ni51.2Ti28.8Hf20.0 %,20.0
S. M. Saghaian,Mechanical Engineering,Shape memory behavior of single crystal and polycrystalline Ni-rich NiTiHf high temperature shape memory alloys,2015.0,51.2,28.8,900.0,Ni51.2Ti28.8Hf20.0 %,20.0
S. M. Saghaian,Mechanical Engineering,Shape memory behavior of single crystal and polycrystalline Ni-rich NiTiHf high temperature shape memory alloys,2015.0,51.2,28.8,900.0,Ni51.2Ti28.8Hf20.0 %,20.0
S. M. Saghaian,Mechanical Engineering,Shape memory behavior of single crystal and polycrystalline Ni-rich NiTiHf high temperature shape memory alloys,2015.0,51.2,28.8,900.0,Ni51.2Ti28.8Hf20.0 %,20.0
S. M. Saghaian,Mechanical Engineering,Shape memory behavior of single crystal and polycrystalline Ni-rich NiTiHf high temperature shape memory alloys,2015.0,51.2,28.8,900.0,Ni51.2Ti28.8Hf20.0 %,20.0
S. M. Saghaian,Mechanical Engineering,Shape memory behavior of single crystal and polycrystalline Ni-rich NiTiHf high temperature shape memory alloys,2015.0,51.2,28.8,900.0,Ni51.2Ti28.8Hf20.0 %,20.0
S. M. Saghaian,Mechanical Engineering,Shape memory behavior of single crystal and polycrystalline Ni-rich NiTiHf high temperature shape memory alloys,2015.0,51.2,28.8,900.0,Ni51.2Ti28.8Hf20.0 %,20.0
S. M. Saghaian,Mechanical Engineering,Shape memory behavior of single crystal and polycrystalline Ni-rich NiTiHf high temperature shape memory alloys,2015.0,51.2,28.8,900.0,Ni51.2Ti28.8Hf20.0 %,20.0
S. M. Saghaian,Mechanical Engineering,Shape memory behavior of single crystal and polycrystalline Ni-rich NiTiHf high temperature shape memory alloys,2015.0,51.2,28.8,900.0,Ni51.2Ti28.8Hf20.0 %,20.0
S. M. Saghaian,Mechanical Engineering,Shape memory behavior of single crystal and polycrystalline Ni-rich NiTiHf high temperature shape memory alloys,2015.0,51.2,28.8,900.0,Ni51.2Ti28.8Hf20.0 %,20.0
S. M. Saghaian,Mechanical Engineering,Shape memory behavior of single crystal and polycrystalline Ni-rich NiTiHf high temperature shape memory alloys,2015.0,51.2,28.8,900.0,Ni51.2Ti28.8Hf20.0 %,20.0
S. M. Saghaian,Mechanical Engineering,Shape memory behavior of single crystal and polycrystalline Ni-rich NiTiHf high temperature shape memory alloys,2015.0,51.2,28.8,900.0,Ni51.2Ti28.8Hf20.0 %,20.0
S. M. Saghaian,Mechanical Engineering,Shape memory behavior of single crystal and polycrystalline Ni-rich NiTiHf high temperature shape memory alloys,2015.0,51.2,28.8,450.0,Ni51.2Ti28.8Hf20.0 %,20.0
S. M. Saghaian,Mechanical Engineering,Shape memory behavior of single crystal and polycrystalline Ni-rich NiTiHf high temperature shape memory alloys,2015.0,51.2,28.8,450.0,Ni51.2Ti28.8Hf20.0 %,20.0
S. M. Saghaian,Mechanical Engineering,Shape memory behavior of single crystal and polycrystalline Ni-rich NiTiHf high temperature shape memory alloys,2015.0,51.2,28.8,450.0,Ni51.2Ti28.8Hf20.0 %,20.0
S. M. Saghaian,Mechanical Engineering,Shape memory behavior of single crystal and polycrystalline Ni-rich NiTiHf high temperature shape memory alloys,2015.0,51.2,28.8,450.0,Ni51.2Ti28.8Hf20.0 %,20.0
S. M. Saghaian,Mechanical Engineering,Shape memory behavior of single crystal and polycrystalline Ni-rich NiTiHf high temperature shape memory alloys,2015.0,51.2,28.8,550.0,Ni51.2Ti28.8Hf20.0 %,20.0
S. M. Saghaian,Mechanical Engineering,Shape memory behavior of single crystal and polycrystalline Ni-rich NiTiHf high temperature shape memory alloys,2015.0,51.2,28.8,550.0,Ni51.2Ti28.8Hf20.0 %,20.0
S. M. Saghaian,Mechanical Engineering,Shape memory behavior of single crystal and polycrystalline Ni-rich NiTiHf high temperature shape memory alloys,2015.0,51.2,28.8,550.0,Ni51.2Ti28.8Hf20.0 %,20.0
S. M. Saghaian,Mechanical Engineering,Shape memory behavior of single crystal and polycrystalline Ni-rich NiTiHf high temperature shape memory alloys,2015.0,51.2,28.8,550.0,Ni51.2Ti28.8Hf20.0 %,20.0
S. M. Saghaian,Mechanical Engineering,Shape memory behavior of single crystal and polycrystalline Ni-rich NiTiHf high temperature shape memory alloys,2015.0,51.2,28.8,650.0,Ni51.2Ti28.8Hf20.0 %,20.0
S. M. Saghaian,Mechanical Engineering,Shape memory behavior of single crystal and polycrystalline Ni-rich NiTiHf high temperature shape memory alloys,2015.0,51.2,28.8,650.0,Ni51.2Ti28.8Hf20.0 %,20.0
S. M. Saghaian,Mechanical Engineering,Shape memory behavior of single crystal and polycrystalline Ni-rich NiTiHf high temperature shape memory alloys,2015.0,51.2,28.8,650.0,Ni51.2Ti28.8Hf20.0 %,20.0
S. M. Saghaian,Mechanical Engineering,Shape memory behavior of single crystal and polycrystalline Ni-rich NiTiHf high temperature shape memory alloys,2015.0,51.2,28.8,650.0,Ni51.2Ti28.8Hf20.0 %,20.0
S. M. Saghaian,Mechanical Engineering,Shape memory behavior of single crystal and polycrystalline Ni-rich NiTiHf high temperature shape memory alloys,2015.0,51.2,28.8,900.0,Ni51.2Ti28.8Hf20.0 %,20.0
S. M. Saghaian,Mechanical Engineering,Shape memory behavior of single crystal and polycrystalline Ni-rich NiTiHf high temperature shape memory alloys,2015.0,51.2,28.8,900.0,Ni51.2Ti28.8Hf20.0 %,20.0
S. M. Saghaian,Mechanical Engineering,Shape memory behavior of single crystal and polycrystalline Ni-rich NiTiHf high temperature shape memory alloys,2015.0,51.2,28.8,900.0,Ni51.2Ti28.8Hf20.0 %,20.0
S. M. Saghaian,Mechanical Engineering,Shape memory behavior of single crystal and polycrystalline Ni-rich NiTiHf high temperature shape memory alloys,2015.0,51.2,28.8,900.0,Ni51.2Ti28.8Hf20.0 %,20.0
S. M. Saghaian,Mechanical Engineering,Shape memory behavior of single crystal and polycrystalline Ni-rich NiTiHf high temperature shape memory alloys,2015.0,51.2,28.8,450.0,Ni51.2Ti28.8Hf20.0 %,20.0
S. M. Saghaian,Mechanical Engineering,Shape memory behavior of single crystal and polycrystalline Ni-rich NiTiHf high temperature shape memory alloys,2015.0,51.2,28.8,450.0,Ni51.2Ti28.8Hf20.0 %,20.0
S. M. Saghaian,Mechanical Engineering,Shape memory behavior of single crystal and polycrystalline Ni-rich NiTiHf high temperature shape memory alloys,2015.0,51.2,28.8,450.0,Ni51.2Ti28.8Hf20.0 %,20.0
S. M. Saghaian,Mechanical Engineering,Shape memory behavior of single crystal and polycrystalline Ni-rich NiTiHf high temperature shape memory alloys,2015.0,51.2,28.8,450.0,Ni51.2Ti28.8Hf20.0 %,20.0
S. M. Saghaian,Mechanical Engineering,Shape memory behavior of single crystal and polycrystalline Ni-rich NiTiHf high temperature shape memory alloys,2015.0,51.2,28.8,550.0,Ni51.2Ti28.8Hf20.0 %,20.0
S. M. Saghaian,Mechanical Engineering,Shape memory behavior of single crystal and polycrystalline Ni-rich NiTiHf high temperature shape memory alloys,2015.0,51.2,28.8,550.0,Ni51.2Ti28.8Hf20.0 %,20.0
S. M. Saghaian,Mechanical Engineering,Shape memory behavior of single crystal and polycrystalline Ni-rich NiTiHf high temperature shape memory alloys,2015.0,51.2,28.8,550.0,Ni51.2Ti28.8Hf20.0 %,20.0
S. M. Saghaian,Mechanical Engineering,Shape memory behavior of single crystal and polycrystalline Ni-rich NiTiHf high temperature shape memory alloys,2015.0,51.2,28.8,550.0,Ni51.2Ti28.8Hf20.0 %,20.0
S. M. Saghaian,Mechanical Engineering,Shape memory behavior of single crystal and polycrystalline Ni-rich NiTiHf high temperature shape memory alloys,2015.0,51.2,28.8,550.0,Ni51.2Ti28.8Hf20.0 %,20.0
S. M. Saghaian,Mechanical Engineering,Shape memory behavior of single crystal and polycrystalline Ni-rich NiTiHf high temperature shape memory alloys,2015.0,51.2,28.8,550.0,Ni51.2Ti28.8Hf20.0 %,20.0
S. M. Saghaian,Mechanical Engineering,Shape memory behavior of single crystal and polycrystalline Ni-rich NiTiHf high temperature shape memory alloys,2015.0,51.2,28.8,650.0,Ni51.2Ti28.8Hf20.0 %,20.0
S. M. Saghaian,Mechanical Engineering,Shape memory behavior of single crystal and polycrystalline Ni-rich NiTiHf high temperature shape memory alloys,2015.0,51.2,28.8,650.0,Ni51.2Ti28.8Hf20.0 %,20.0
S. M. Saghaian,Mechanical Engineering,Shape memory behavior of single crystal and polycrystalline Ni-rich NiTiHf high temperature shape memory alloys,2015.0,51.2,28.8,650.0,Ni51.2Ti28.8Hf20.0 %,20.0
S. M. Saghaian,Mechanical Engineering,Shape memory behavior of single crystal and polycrystalline Ni-rich NiTiHf high temperature shape memory alloys,2015.0,51.2,28.8,650.0,Ni51.2Ti28.8Hf20.0 %,20.0
S. M. Saghaian,Mechanical Engineering,Shape memory behavior of single crystal and polycrystalline Ni-rich NiTiHf high temperature shape memory alloys,2015.0,51.2,28.8,650.0,Ni51.2Ti28.8Hf20.0 %,20.0
R. Santamarta; R. Arróyave; J. Pons; A. Evirgen; I. Karaman; H. Karaca and R. Noebe,Acta Materialia,TEM study of structural and microstructural characteristics of a precipitate phase in Ni-rich Ni–Ti–Hf and Ni–Ti–Zr shape memory alloys,2013.0,51.3,28.7,900.0,Ni51.3Ti28.7Hf20.0 %,20.0
S. M. Saghaian,Mechanical Engineering,Shape memory behavior of single crystal and polycrystalline Ni-rich NiTiHf high temperature shape memory alloys,2015.0,52.0,28.0,900.0,Ni52.0Ti28.0Hf20.0 %,20.0
S. M. Saghaian,Mechanical Engineering,Shape memory behavior of single crystal and polycrystalline Ni-rich NiTiHf high temperature shape memory alloys,2015.0,52.0,28.0,900.0,Ni52.0Ti28.0Hf20.0 %,20.0
S. M. Saghaian,Mechanical Engineering,Shape memory behavior of single crystal and polycrystalline Ni-rich NiTiHf high temperature shape memory alloys,2015.0,52.0,28.0,900.0,Ni52.0Ti28.0Hf20.0 %,20.0
S. M. Saghaian,Mechanical Engineering,Shape memory behavior of single crystal and polycrystalline Ni-rich NiTiHf high temperature shape memory alloys,2015.0,52.0,28.0,900.0,Ni52.0Ti28.0Hf20.0 %,20.0
S. M. Saghaian,Mechanical Engineering,Shape memory behavior of single crystal and polycrystalline Ni-rich NiTiHf high temperature shape memory alloys,2015.0,52.0,28.0,900.0,Ni52.0Ti28.0Hf20.0 %,20.0
S. M. Saghaian,Mechanical Engineering,Shape memory behavior of single crystal and polycrystalline Ni-rich NiTiHf high temperature shape memory alloys,2015.0,52.0,28.0,900.0,Ni52.0Ti28.0Hf20.0 %,20.0
S. M. Saghaian,Mechanical Engineering,Shape memory behavior of single crystal and polycrystalline Ni-rich NiTiHf high temperature shape memory alloys,2015.0,52.0,28.0,900.0,Ni52.0Ti28.0Hf20.0 %,20.0
S. M. Saghaian,Mechanical Engineering,Shape memory behavior of single crystal and polycrystalline Ni-rich NiTiHf high temperature shape memory alloys,2015.0,52.0,28.0,900.0,Ni52.0Ti28.0Hf20.0 %,20.0
S. M. Saghaian,Mechanical Engineering,Shape memory behavior of single crystal and polycrystalline Ni-rich NiTiHf high temperature shape memory alloys,2015.0,52.0,28.0,900.0,Ni52.0Ti28.0Hf20.0 %,20.0
S. M. Saghaian,Mechanical Engineering,Shape memory behavior of single crystal and polycrystalline Ni-rich NiTiHf high temperature shape memory alloys,2015.0,52.0,28.0,900.0,Ni52.0Ti28.0Hf20.0 %,20.0
S. M. Saghaian,Mechanical Engineering,Shape memory behavior of single crystal and polycrystalline Ni-rich NiTiHf high temperature shape memory alloys,2015.0,52.0,28.0,900.0,Ni52.0Ti28.0Hf20.0 %,20.0
S. M. Saghaian,Mechanical Engineering,Shape memory behavior of single crystal and polycrystalline Ni-rich NiTiHf high temperature shape memory alloys,2015.0,52.0,28.0,900.0,Ni52.0Ti28.0Hf20.0 %,20.0
S. M. Saghaian,Mechanical Engineering,Shape memory behavior of single crystal and polycrystalline Ni-rich NiTiHf high temperature shape memory alloys,2015.0,52.0,28.0,450.0,Ni52.0Ti28.0Hf20.0 %,20.0
S. M. Saghaian,Mechanical Engineering,Shape memory behavior of single crystal and polycrystalline Ni-rich NiTiHf high temperature shape memory alloys,2015.0,52.0,28.0,450.0,Ni52.0Ti28.0Hf20.0 %,20.0
S. M. Saghaian,Mechanical Engineering,Shape memory behavior of single crystal and polycrystalline Ni-rich NiTiHf high temperature shape memory alloys,2015.0,52.0,28.0,450.0,Ni52.0Ti28.0Hf20.0 %,20.0
S. M. Saghaian,Mechanical Engineering,Shape memory behavior of single crystal and polycrystalline Ni-rich NiTiHf high temperature shape memory alloys,2015.0,52.0,28.0,450.0,Ni52.0Ti28.0Hf20.0 %,20.0
S. M. Saghaian,Mechanical Engineering,Shape memory behavior of single crystal and polycrystalline Ni-rich NiTiHf high temperature shape memory alloys,2015.0,52.0,28.0,550.0,Ni52.0Ti28.0Hf20.0 %,20.0
S. M. Saghaian,Mechanical Engineering,Shape memory behavior of single crystal and polycrystalline Ni-rich NiTiHf high temperature shape memory alloys,2015.0,52.0,28.0,550.0,Ni52.0Ti28.0Hf20.0 %,20.0
S. M. Saghaian,Mechanical Engineering,Shape memory behavior of single crystal and polycrystalline Ni-rich NiTiHf high temperature shape memory alloys,2015.0,52.0,28.0,550.0,Ni52.0Ti28.0Hf20.0 %,20.0
S. M. Saghaian,Mechanical Engineering,Shape memory behavior of single crystal and polycrystalline Ni-rich NiTiHf high temperature shape memory alloys,2015.0,52.0,28.0,550.0,Ni52.0Ti28.0Hf20.0 %,20.0
S. M. Saghaian,Mechanical Engineering,Shape memory behavior of single crystal and polycrystalline Ni-rich NiTiHf high temperature shape memory alloys,2015.0,52.0,28.0,650.0,Ni52.0Ti28.0Hf20.0 %,20.0
S. M. Saghaian,Mechanical Engineering,Shape memory behavior of single crystal and polycrystalline Ni-rich NiTiHf high temperature shape memory alloys,2015.0,52.0,28.0,650.0,Ni52.0Ti28.0Hf20.0 %,20.0
S. M. Saghaian,Mechanical Engineering,Shape memory behavior of single crystal and polycrystalline Ni-rich NiTiHf high temperature shape memory alloys,2015.0,52.0,28.0,650.0,Ni52.0Ti28.0Hf20.0 %,20.0
S. M. Saghaian,Mechanical Engineering,Shape memory behavior of single crystal and polycrystalline Ni-rich NiTiHf high temperature shape memory alloys,2015.0,52.0,28.0,650.0,Ni52.0Ti28.0Hf20.0 %,20.0
S. M. Saghaian,Mechanical Engineering,Shape memory behavior of single crystal and polycrystalline Ni-rich NiTiHf high temperature shape memory alloys,2015.0,52.0,28.0,900.0,Ni52.0Ti28.0Hf20.0 %,20.0
S. M. Saghaian,Mechanical Engineering,Shape memory behavior of single crystal and polycrystalline Ni-rich NiTiHf high temperature shape memory alloys,2015.0,52.0,28.0,900.0,Ni52.0Ti28.0Hf20.0 %,20.0
S. M. Saghaian,Mechanical Engineering,Shape memory behavior of single crystal and polycrystalline Ni-rich NiTiHf high temperature shape memory alloys,2015.0,52.0,28.0,900.0,Ni52.0Ti28.0Hf20.0 %,20.0
S. M. Saghaian,Mechanical Engineering,Shape memory behavior of single crystal and polycrystalline Ni-rich NiTiHf high temperature shape memory alloys,2015.0,52.0,28.0,450.0,Ni52.0Ti28.0Hf20.0 %,20.0
S. M. Saghaian,Mechanical Engineering,Shape memory behavior of single crystal and polycrystalline Ni-rich NiTiHf high temperature shape memory alloys,2015.0,52.0,28.0,550.0,Ni52.0Ti28.0Hf20.0 %,20.0
S. M. Saghaian,Mechanical Engineering,Shape memory behavior of single crystal and polycrystalline Ni-rich NiTiHf high temperature shape memory alloys,2015.0,52.0,28.0,550.0,Ni52.0Ti28.0Hf20.0 %,20.0
S. M. Saghaian,Mechanical Engineering,Shape memory behavior of single crystal and polycrystalline Ni-rich NiTiHf high temperature shape memory alloys,2015.0,52.0,28.0,550.0,Ni52.0Ti28.0Hf20.0 %,20.0
S. M. Saghaian,Mechanical Engineering,Shape memory behavior of single crystal and polycrystalline Ni-rich NiTiHf high temperature shape memory alloys,2015.0,52.0,28.0,550.0,Ni52.0Ti28.0Hf20.0 %,20.0
S. M. Saghaian,Mechanical Engineering,Shape memory behavior of single crystal and polycrystalline Ni-rich NiTiHf high temperature shape memory alloys,2015.0,52.0,28.0,550.0,Ni52.0Ti28.0Hf20.0 %,20.0
S. M. Saghaian,Mechanical Engineering,Shape memory behavior of single crystal and polycrystalline Ni-rich NiTiHf high temperature shape memory alloys,2015.0,52.0,28.0,550.0,Ni52.0Ti28.0Hf20.0 %,20.0
S. M. Saghaian,Mechanical Engineering,Shape memory behavior of single crystal and polycrystalline Ni-rich NiTiHf high temperature shape memory alloys,2015.0,52.0,28.0,550.0,Ni52.0Ti28.0Hf20.0 %,20.0
S. M. Saghaian,Mechanical Engineering,Shape memory behavior of single crystal and polycrystalline Ni-rich NiTiHf high temperature shape memory alloys,2015.0,52.0,28.0,550.0,Ni52.0Ti28.0Hf20.0 %,20.0
S. M. Saghaian,Mechanical Engineering,Shape memory behavior of single crystal and polycrystalline Ni-rich NiTiHf high temperature shape memory alloys,2015.0,52.0,28.0,650.0,Ni52.0Ti28.0Hf20.0 %,20.0
S. M. Saghaian,Mechanical Engineering,Shape memory behavior of single crystal and polycrystalline Ni-rich NiTiHf high temperature shape memory alloys,2015.0,52.0,28.0,650.0,Ni52.0Ti28.0Hf20.0 %,20.0
S. M. Saghaian,Mechanical Engineering,Shape memory behavior of single crystal and polycrystalline Ni-rich NiTiHf high temperature shape memory alloys,2015.0,52.0,28.0,650.0,Ni52.0Ti28.0Hf20.0 %,20.0
S. M. Saghaian,Mechanical Engineering,Shape memory behavior of single crystal and polycrystalline Ni-rich NiTiHf high temperature shape memory alloys,2015.0,52.0,28.0,650.0,Ni52.0Ti28.0Hf20.0 %,20.0
S. M. Saghaian,Mechanical Engineering,Shape memory behavior of single crystal and polycrystalline Ni-rich NiTiHf high temperature shape memory alloys,2015.0,52.0,28.0,650.0,Ni52.0Ti28.0Hf20.0 %,20.0
S. M. Saghaian,Mechanical Engineering,Shape memory behavior of single crystal and polycrystalline Ni-rich NiTiHf high temperature shape memory alloys,2015.0,52.0,28.0,650.0,Ni52.0Ti28.0Hf20.0 %,20.0
S. M. Saghaian,Mechanical Engineering,Shape memory behavior of single crystal and polycrystalline Ni-rich NiTiHf high temperature shape memory alloys,2015.0,52.0,28.0,900.0,Ni52.0Ti28.0Hf20.0 %,20.0
S. M. Saghaian,Mechanical Engineering,Shape memory behavior of single crystal and polycrystalline Ni-rich NiTiHf high temperature shape memory alloys,2015.0,52.0,28.0,900.0,Ni52.0Ti28.0Hf20.0 %,20.0
S. M. Saghaian,Mechanical Engineering,Shape memory behavior of single crystal and polycrystalline Ni-rich NiTiHf high temperature shape memory alloys,2015.0,52.0,28.0,900.0,Ni52.0Ti28.0Hf20.0 %,20.0
S. M. Saghaian,Mechanical Engineering,Shape memory behavior of single crystal and polycrystalline Ni-rich NiTiHf high temperature shape memory alloys,2015.0,52.0,28.0,900.0,Ni52.0Ti28.0Hf20.0 %,20.0
S. M. Saghaian,Mechanical Engineering,Shape memory behavior of single crystal and polycrystalline Ni-rich NiTiHf high temperature shape memory alloys,2015.0,52.0,28.0,900.0,Ni52.0Ti28.0Hf20.0 %,20.0
R. Santamarta; R. Arróyave; J. Pons; A. Evirgen; I. Karaman; H. Karaca and R. Noebe,Acta Materialia,TEM study of structural and microstructural characteristics of a precipitate phase in Ni-rich Ni–Ti–Hf and Ni–Ti–Zr shape memory alloys,2013.0,52.0,28.0,900.0,Ni52.0Ti28.0Hf20.0 %,20.0
B. C. Hornbuckle; R. D. Noebe and G. B. Thompson,Journal of Alloys and Compounds,Influence of Hf solute additions on the precipitation and hardenability in Ni-rich NiTi alloys,2015.0,54.0,45.0,400.0,Ni54.0Ti45.0Hf1.0 %,1.0
B. C. Hornbuckle; R. D. Noebe and G. B. Thompson,Journal of Alloys and Compounds,Influence of Hf solute additions on the precipitation and hardenability in Ni-rich NiTi alloys,2015.0,54.0,45.0,400.0,Ni54.0Ti45.0Hf1.0 %,1.0
B. C. Hornbuckle; R. D. Noebe and G. B. Thompson,Journal of Alloys and Compounds,Influence of Hf solute additions on the precipitation and hardenability in Ni-rich NiTi alloys,2015.0,54.0,45.0,400.0,Ni54.0Ti45.0Hf1.0 %,1.0
B. C. Hornbuckle; R. D. Noebe and G. B. Thompson,Journal of Alloys and Compounds,Influence of Hf solute additions on the precipitation and hardenability in Ni-rich NiTi alloys,2015.0,54.0,45.0,400.0,Ni54.0Ti45.0Hf1.0 %,1.0
B. C. Hornbuckle; R. D. Noebe and G. B. Thompson,Journal of Alloys and Compounds,Influence of Hf solute additions on the precipitation and hardenability in Ni-rich NiTi alloys,2015.0,54.0,45.0,400.0,Ni54.0Ti45.0Hf1.0 %,1.0
B. C. Hornbuckle; R. D. Noebe and G. B. Thompson,Journal of Alloys and Compounds,Influence of Hf solute additions on the precipitation and hardenability in Ni-rich NiTi alloys,2015.0,54.0,45.0,400.0,Ni54.0Ti45.0Hf1.0 %,1.0
B. C. Hornbuckle; R. D. Noebe and G. B. Thompson,Journal of Alloys and Compounds,Influence of Hf solute additions on the precipitation and hardenability in Ni-rich NiTi alloys,2015.0,54.0,45.0,400.0,Ni54.0Ti45.0Hf1.0 %,1.0
B. C. Hornbuckle; R. D. Noebe and G. B. Thompson,Journal of Alloys and Compounds,Influence of Hf solute additions on the precipitation and hardenability in Ni-rich NiTi alloys,2015.0,54.0,45.0,400.0,Ni54.0Ti45.0Hf1.0 %,1.0
B. C. Hornbuckle; R. D. Noebe and G. B. Thompson,Journal of Alloys and Compounds,Influence of Hf solute additions on the precipitation and hardenability in Ni-rich NiTi alloys,2015.0,54.0,45.0,400.0,Ni54.0Ti45.0Hf1.0 %,1.0
B. C. Hornbuckle; R. D. Noebe and G. B. Thompson,Journal of Alloys and Compounds,Influence of Hf solute additions on the precipitation and hardenability in Ni-rich NiTi alloys,2015.0,54.0,45.0,400.0,Ni54.0Ti45.0Hf1.0 %,1.0
B. C. Hornbuckle; R. D. Noebe and G. B. Thompson,Journal of Alloys and Compounds,Influence of Hf solute additions on the precipitation and hardenability in Ni-rich NiTi alloys,2015.0,54.0,45.0,400.0,Ni54.0Ti45.0Hf1.0 %,1.0
B. C. Hornbuckle; R. D. Noebe and G. B. Thompson,Journal of Alloys and Compounds,Influence of Hf solute additions on the precipitation and hardenability in Ni-rich NiTi alloys,2015.0,54.0,44.0,1050.0,Ni54.0Ti44.0Hf2.0 %,2.0
B. C. Hornbuckle; R. D. Noebe and G. B. Thompson,Journal of Alloys and Compounds,Influence of Hf solute additions on the precipitation and hardenability in Ni-rich NiTi alloys,2015.0,54.0,44.0,1050.0,Ni54.0Ti44.0Hf2.0 %,2.0
B. C. Hornbuckle; R. D. Noebe and G. B. Thompson,Journal of Alloys and Compounds,Influence of Hf solute additions on the precipitation and hardenability in Ni-rich NiTi alloys,2015.0,54.0,44.0,1050.0,Ni54.0Ti44.0Hf2.0 %,2.0
B. C. Hornbuckle; R. D. Noebe and G. B. Thompson,Journal of Alloys and Compounds,Influence of Hf solute additions on the precipitation and hardenability in Ni-rich NiTi alloys,2015.0,54.0,44.0,1050.0,Ni54.0Ti44.0Hf2.0 %,2.0
B. C. Hornbuckle; R. D. Noebe and G. B. Thompson,Journal of Alloys and Compounds,Influence of Hf solute additions on the precipitation and hardenability in Ni-rich NiTi alloys,2015.0,54.0,44.0,1050.0,Ni54.0Ti44.0Hf2.0 %,2.0
B. C. Hornbuckle; R. D. Noebe and G. B. Thompson,Journal of Alloys and Compounds,Influence of Hf solute additions on the precipitation and hardenability in Ni-rich NiTi alloys,2015.0,54.0,44.0,1050.0,Ni54.0Ti44.0Hf2.0 %,2.0
B. C. Hornbuckle; R. D. Noebe and G. B. Thompson,Journal of Alloys and Compounds,Influence of Hf solute additions on the precipitation and hardenability in Ni-rich NiTi alloys,2015.0,54.0,44.0,1050.0,Ni54.0Ti44.0Hf2.0 %,2.0
B. C. Hornbuckle; R. D. Noebe and G. B. Thompson,Journal of Alloys and Compounds,Influence of Hf solute additions on the precipitation and hardenability in Ni-rich NiTi alloys,2015.0,54.0,44.0,1050.0,Ni54.0Ti44.0Hf2.0 %,2.0
B. C. Hornbuckle; R. D. Noebe and G. B. Thompson,Journal of Alloys and Compounds,Influence of Hf solute additions on the precipitation and hardenability in Ni-rich NiTi alloys,2015.0,54.0,44.0,1050.0,Ni54.0Ti44.0Hf2.0 %,2.0
B. C. Hornbuckle; R. D. Noebe and G. B. Thompson,Journal of Alloys and Compounds,Influence of Hf solute additions on the precipitation and hardenability in Ni-rich NiTi alloys,2015.0,54.0,44.0,1050.0,Ni54.0Ti44.0Hf2.0 %,2.0
B. C. Hornbuckle; R. D. Noebe and G. B. Thompson,Journal of Alloys and Compounds,Influence of Hf solute additions on the precipitation and hardenability in Ni-rich NiTi alloys,2015.0,54.0,44.0,1050.0,Ni54.0Ti44.0Hf2.0 %,2.0
B. C. Hornbuckle; R. D. Noebe and G. B. Thompson,Journal of Alloys and Compounds,Influence of Hf solute additions on the precipitation and hardenability in Ni-rich NiTi alloys,2015.0,54.0,44.0,1050.0,Ni54.0Ti44.0Hf2.0 %,2.0
L. Casalena; A. N. Bucsek; D. C. Pagan; G. M. Hommer; G. S. Bigelow; M. Obstalecki; R. D. Noebe; M. J. Mills and A. P. Stebner,Advanced Engineering Materials,Structure‐Property Relationships of a High Strength Superelastic NiTi–1Hf Alloy,2018.0,54.0,45.0,400.0,Ni54.0Ti45.0Hf1.0 %,1.0
B. C. Hornbuckle; R. D. Noebe and G. B. Thompson,Journal of Alloys and Compounds,Influence of Hf solute additions on the precipitation and hardenability in Ni-rich NiTi alloys,2015.0,55.0,44.0,1050.0,Ni55.0Ti44.0Hf1.0 %,1.0
B. C. Hornbuckle; R. D. Noebe and G. B. Thompson,Journal of Alloys and Compounds,Influence of Hf solute additions on the precipitation and hardenability in Ni-rich NiTi alloys,2015.0,55.0,44.0,1050.0,Ni55.0Ti44.0Hf1.0 %,1.0
B. C. Hornbuckle; R. D. Noebe and G. B. Thompson,Journal of Alloys and Compounds,Influence of Hf solute additions on the precipitation and hardenability in Ni-rich NiTi alloys,2015.0,55.0,44.0,1050.0,Ni55.0Ti44.0Hf1.0 %,1.0
B. C. Hornbuckle; R. D. Noebe and G. B. Thompson,Journal of Alloys and Compounds,Influence of Hf solute additions on the precipitation and hardenability in Ni-rich NiTi alloys,2015.0,55.0,44.0,1050.0,Ni55.0Ti44.0Hf1.0 %,1.0
B. C. Hornbuckle; R. D. Noebe and G. B. Thompson,Journal of Alloys and Compounds,Influence of Hf solute additions on the precipitation and hardenability in Ni-rich NiTi alloys,2015.0,55.0,44.0,1050.0,Ni55.0Ti44.0Hf1.0 %,1.0
B. C. Hornbuckle; R. D. Noebe and G. B. Thompson,Journal of Alloys and Compounds,Influence of Hf solute additions on the precipitation and hardenability in Ni-rich NiTi alloys,2015.0,55.0,44.0,1050.0,Ni55.0Ti44.0Hf1.0 %,1.0
B. C. Hornbuckle; R. D. Noebe and G. B. Thompson,Journal of Alloys and Compounds,Influence of Hf solute additions on the precipitation and hardenability in Ni-rich NiTi alloys,2015.0,55.0,44.0,1050.0,Ni55.0Ti44.0Hf1.0 %,1.0
B. C. Hornbuckle; R. D. Noebe and G. B. Thompson,Journal of Alloys and Compounds,Influence of Hf solute additions on the precipitation and hardenability in Ni-rich NiTi alloys,2015.0,55.0,44.0,1050.0,Ni55.0Ti44.0Hf1.0 %,1.0
B. C. Hornbuckle; R. D. Noebe and G. B. Thompson,Journal of Alloys and Compounds,Influence of Hf solute additions on the precipitation and hardenability in Ni-rich NiTi alloys,2015.0,55.0,44.0,1050.0,Ni55.0Ti44.0Hf1.0 %,1.0
B. C. Hornbuckle; R. D. Noebe and G. B. Thompson,Journal of Alloys and Compounds,Influence of Hf solute additions on the precipitation and hardenability in Ni-rich NiTi alloys,2015.0,55.0,44.0,1050.0,Ni55.0Ti44.0Hf1.0 %,1.0
B. C. Hornbuckle; R. D. Noebe and G. B. Thompson,Journal of Alloys and Compounds,Influence of Hf solute additions on the precipitation and hardenability in Ni-rich NiTi alloys,2015.0,55.0,44.0,1050.0,Ni55.0Ti44.0Hf1.0 %,1.0
B. C. Hornbuckle; R. D. Noebe and G. B. Thompson,Journal of Alloys and Compounds,Influence of Hf solute additions on the precipitation and hardenability in Ni-rich NiTi alloys,2015.0,55.0,44.0,1050.0,Ni55.0Ti44.0Hf1.0 %,1.0
B. C. Hornbuckle; R. D. Noebe and G. B. Thompson,Journal of Alloys and Compounds,Influence of Hf solute additions on the precipitation and hardenability in Ni-rich NiTi alloys,2015.0,56.0,40.0,1050.0,Ni56.0Ti40.0Hf4.0 %,4.0
B. C. Hornbuckle; R. D. Noebe and G. B. Thompson,Journal of Alloys and Compounds,Influence of Hf solute additions on the precipitation and hardenability in Ni-rich NiTi alloys,2015.0,56.0,40.0,1050.0,Ni56.0Ti40.0Hf4.0 %,4.0
B. C. Hornbuckle; R. D. Noebe and G. B. Thompson,Journal of Alloys and Compounds,Influence of Hf solute additions on the precipitation and hardenability in Ni-rich NiTi alloys,2015.0,56.0,40.0,1050.0,Ni56.0Ti40.0Hf4.0 %,4.0
B. C. Hornbuckle; R. D. Noebe and G. B. Thompson,Journal of Alloys and Compounds,Influence of Hf solute additions on the precipitation and hardenability in Ni-rich NiTi alloys,2015.0,56.0,40.0,1050.0,Ni56.0Ti40.0Hf4.0 %,4.0
B. C. Hornbuckle; R. D. Noebe and G. B. Thompson,Journal of Alloys and Compounds,Influence of Hf solute additions on the precipitation and hardenability in Ni-rich NiTi alloys,2015.0,56.0,40.0,1050.0,Ni56.0Ti40.0Hf4.0 %,4.0
B. C. Hornbuckle; R. D. Noebe and G. B. Thompson,Journal of Alloys and Compounds,Influence of Hf solute additions on the precipitation and hardenability in Ni-rich NiTi alloys,2015.0,56.0,40.0,1050.0,Ni56.0Ti40.0Hf4.0 %,4.0
B. C. Hornbuckle; R. D. Noebe and G. B. Thompson,Journal of Alloys and Compounds,Influence of Hf solute additions on the precipitation and hardenability in Ni-rich NiTi alloys,2015.0,56.0,40.0,1050.0,Ni56.0Ti40.0Hf4.0 %,4.0
B. C. Hornbuckle; R. D. Noebe and G. B. Thompson,Journal of Alloys and Compounds,Influence of Hf solute additions on the precipitation and hardenability in Ni-rich NiTi alloys,2015.0,56.0,40.0,1050.0,Ni56.0Ti40.0Hf4.0 %,4.0
B. C. Hornbuckle; R. D. Noebe and G. B. Thompson,Journal of Alloys and Compounds,Influence of Hf solute additions on the precipitation and hardenability in Ni-rich NiTi alloys,2015.0,56.0,40.0,1050.0,Ni56.0Ti40.0Hf4.0 %,4.0
B. C. Hornbuckle; R. D. Noebe and G. B. Thompson,Journal of Alloys and Compounds,Influence of Hf solute additions on the precipitation and hardenability in Ni-rich NiTi alloys,2015.0,56.0,40.0,1050.0,Ni56.0Ti40.0Hf4.0 %,4.0
B. C. Hornbuckle; R. D. Noebe and G. B. Thompson,Journal of Alloys and Compounds,Influence of Hf solute additions on the precipitation and hardenability in Ni-rich NiTi alloys,2015.0,56.0,40.0,1050.0,Ni56.0Ti40.0Hf4.0 %,4.0
B. C. Hornbuckle; R. D. Noebe and G. B. Thompson,Journal of Alloys and Compounds,Influence of Hf solute additions on the precipitation and hardenability in Ni-rich NiTi alloys,2015.0,56.0,40.0,1050.0,Ni56.0Ti40.0Hf4.0 %,4.0
