Authors,Source,Title,Year,Ni (at.%),Ti (at.%),ev/a (Number of Valence Electrons),composition,Hf (at.%)
F. Yang; D. Coughlin; P. Phillips; L. Yang; M. Mills and R. Noebe,Microscopy and Microanalysis,High Resolution Microscopy Analysis of a New Precipitate Phase in Ni-rich NiTiHf and NiPdTiHf High Temperature Shape Memory Alloys,2012.0,29.7,50.3,5.782,Ni29.7Ti50.3Hf20.0 %,20.0
H. O. Mosca; G. Bozzolo and M. F. del Grosso,Physica B: Condensed Matter,Atomistic modeling of ternary additions to NiTi and quaternary additions to Ni–Ti–Pd; Ni–Ti–Pt and Ni–Ti–Hf shape memory alloys,2012.0,30.0,50.0,5.8,Ni30.0Ti50.0Hf20.0 %,20.0
M. Zarinejad; Y. Liu and T. J. White,Intermetallics,The crystal chemistry of martensite in NiTiHf shape memory alloys,2008.0,35.0,50.0,6.1,Ni35.0Ti50.0Hf15.0 %,15.0
Y. Tong; F. Chen; B. Tian; L. Li and Y. Zheng,Materials Letters,Microstructure and martensitic transformation of Ti49Ni51−xHfx high temperature shape memory alloys,2009.0,36.0,49.0,6.16,Ni36.0Ti49.0Hf15.0 %,15.0
D. N. Abujudom; M. Y. Kao; P. E. Thoma and D. R. Angst,US5114504,High transformation temperature shape memory alloy,1992.0,40.0,50.0,6.4,Ni40.0Ti50.0Hf10.0 %,10.0
J. Rao; T. Roberts; K. Lawson and J. Nicholls,Surface and Coatings Technology,Nickel titanium and nickel titanium hafnium shape memory alloy thin films,2010.0,40.0,30.0,6.4,Ni40.0Ti30.0Hf30.0 %,30.0
J. Rao; T. Roberts; K. Lawson and J. Nicholls,Surface and Coatings Technology,Nickel titanium and nickel titanium hafnium shape memory alloy thin films,2010.0,40.0,30.0,6.4,Ni40.0Ti30.0Hf30.0 %,30.0
S. Besseghini; E. Villa and A. Tuissi,Materials Science and Engineering: A,Ni-Ti-Hf shape memory alloy: effect of aging and thermal cycling,1999.0,40.0,50.0,6.4,Ni40.0Ti50.0Hf10.0 %,10.0
S. Besseghini; E. Villa and A. Tuissi,Materials Science and Engineering: A,Ni-Ti-Hf shape memory alloy: effect of aging and thermal cycling,1999.0,40.0,50.0,6.4,Ni40.0Ti50.0Hf10.0 %,10.0
D. König; R. Zarnetta; A. Savan; H. Brunken and A. Ludwig,Acta Materialia,Phase transformation; structural and functional fatigue properties of Ti–Ni–Hf shape memory thin films,2011.0,40.0,53.6,6.4,Ni40.0Ti53.6Hf6.4 %,6.4
D. König; R. Zarnetta; A. Savan; H. Brunken and A. Ludwig,Acta Materialia,Phase transformation; structural and functional fatigue properties of Ti–Ni–Hf shape memory thin films,2011.0,40.0,51.7,6.4,Ni40.0Ti51.7Hf8.3 %,8.3
D. König; R. Zarnetta; A. Savan; H. Brunken and A. Ludwig,Acta Materialia,Phase transformation; structural and functional fatigue properties of Ti–Ni–Hf shape memory thin films,2011.0,40.0,50.7,6.4,Ni40.0Ti50.7Hf9.3 %,9.3
D. König; R. Zarnetta; A. Savan; H. Brunken and A. Ludwig,Acta Materialia,Phase transformation; structural and functional fatigue properties of Ti–Ni–Hf shape memory thin films,2011.0,40.0,48.3,6.4,Ni40.0Ti48.3Hf11.7 %,11.7
D. König; R. Zarnetta; A. Savan; H. Brunken and A. Ludwig,Acta Materialia,Phase transformation; structural and functional fatigue properties of Ti–Ni–Hf shape memory thin films,2011.0,40.0,45.7,6.4,Ni40.0Ti45.7Hf14.3 %,14.3
D. König; R. Zarnetta; A. Savan; H. Brunken and A. Ludwig,Acta Materialia,Phase transformation; structural and functional fatigue properties of Ti–Ni–Hf shape memory thin films,2011.0,40.0,43.2,6.4,Ni40.0Ti43.2Hf16.8 %,16.8
D. Angst; P. Thoma and M. Kao,Journal de Physique IV,The Effect of Hafnium Content on the Transformation Temperatures of Ni49Ti51-xHfx. Shape Memory Alloys,1995.0,40.0,50.0,6.4,Ni40.0Ti50.0Hf10.0 %,10.0
Y. Tong; F. Chen; B. Tian; L. Li and Y. Zheng,Materials Letters,Microstructure and martensitic transformation of Ti49Ni51−xHfx high temperature shape memory alloys,2009.0,41.0,49.0,6.46,Ni41.0Ti49.0Hf10.0 %,10.0
Y. Motemani; P. J. McCluskey; C. Zhao; M. J. Tan and J. J. Vlassak,Acta Materialia,Analysis of Ti–Ni–Hf shape memory alloys by combinatorial nanocalorimetry,2011.0,41.5,43.3,6.49,Ni41.5Ti43.3Hf15.2 %,15.2
Y. Motemani; P. J. McCluskey; C. Zhao; M. J. Tan and J. J. Vlassak,Acta Materialia,Analysis of Ti–Ni–Hf shape memory alloys by combinatorial nanocalorimetry,2011.0,41.9,41.9,6.514,Ni41.9Ti41.9Hf16.2 %,16.2
C. Zhang; P. E. Thoma and R. H. Zee,Materials Research Society,High Hf content NiTiHf Shape Memory Alloys,2000.0,42.0,48.0,6.52,Ni42.0Ti48.0Hf10.0 %,10.0
C. Zhang; P. E. Thoma and R. H. Zee,Materials Research Society,High Hf content NiTiHf Shape Memory Alloys,2000.0,42.0,48.0,6.52,Ni42.0Ti48.0Hf10.0 %,10.0
C. Zhang; P. E. Thoma and R. H. Zee,Materials Research Society,High Hf content NiTiHf Shape Memory Alloys,2000.0,42.0,48.0,6.52,Ni42.0Ti48.0Hf10.0 %,10.0
C. Zhang; P. E. Thoma and R. H. Zee,Materials Research Society,High Hf content NiTiHf Shape Memory Alloys,2000.0,42.0,48.0,6.52,Ni42.0Ti48.0Hf10.0 %,10.0
C. Zhang; P. E. Thoma and R. H. Zee,Materials Research Society,High Hf content NiTiHf Shape Memory Alloys,2000.0,42.0,48.0,6.52,Ni42.0Ti48.0Hf10.0 %,10.0
C. Zhang; P. E. Thoma and R. H. Zee,Materials Research Society,High Hf content NiTiHf Shape Memory Alloys,2000.0,42.0,48.0,6.52,Ni42.0Ti48.0Hf10.0 %,10.0
C. Zhang; P. E. Thoma and R. H. Zee,Materials Research Society,High Hf content NiTiHf Shape Memory Alloys,2000.0,42.0,48.0,6.52,Ni42.0Ti48.0Hf10.0 %,10.0
C. Zhang; P. E. Thoma and R. H. Zee,Materials Research Society,High Hf content NiTiHf Shape Memory Alloys,2000.0,42.0,48.0,6.52,Ni42.0Ti48.0Hf10.0 %,10.0
C. Zhang; P. E. Thoma and R. H. Zee,Materials Research Society,High Hf content NiTiHf Shape Memory Alloys,2000.0,42.0,48.0,6.52,Ni42.0Ti48.0Hf10.0 %,10.0
C. Zhang; P. E. Thoma and R. H. Zee,Materials Research Society,High Hf content NiTiHf Shape Memory Alloys,2000.0,42.0,48.0,6.52,Ni42.0Ti48.0Hf10.0 %,10.0
C. Zhang; P. E. Thoma and R. H. Zee,Materials Research Society,High Hf content NiTiHf Shape Memory Alloys,2000.0,42.0,48.0,6.52,Ni42.0Ti48.0Hf10.0 %,10.0
C. Zhang; P. E. Thoma and R. H. Zee,Materials Research Society,High Hf content NiTiHf Shape Memory Alloys,2000.0,42.0,48.0,6.52,Ni42.0Ti48.0Hf10.0 %,10.0
C. Zhang; P. E. Thoma and R. H. Zee,Materials Research Society,High Hf content NiTiHf Shape Memory Alloys,2000.0,42.0,48.0,6.52,Ni42.0Ti48.0Hf10.0 %,10.0
C. Zhang; P. E. Thoma and R. H. Zee,Materials Research Society,High Hf content NiTiHf Shape Memory Alloys,2000.0,42.0,48.0,6.52,Ni42.0Ti48.0Hf10.0 %,10.0
C. Zhang; P. E. Thoma and R. H. Zee,Materials Research Society,High Hf content NiTiHf Shape Memory Alloys,2000.0,42.0,48.0,6.52,Ni42.0Ti48.0Hf10.0 %,10.0
C. Zhang; P. E. Thoma and R. H. Zee,Materials Research Society,High Hf content NiTiHf Shape Memory Alloys,2000.0,42.0,48.0,6.52,Ni42.0Ti48.0Hf10.0 %,10.0
C. Zhang; P. E. Thoma and R. H. Zee,Materials Research Society,High Hf content NiTiHf Shape Memory Alloys,2000.0,42.0,48.0,6.52,Ni42.0Ti48.0Hf10.0 %,10.0
C. Zhang; P. E. Thoma and R. H. Zee,Materials Research Society,High Hf content NiTiHf Shape Memory Alloys,2000.0,42.0,48.0,6.52,Ni42.0Ti48.0Hf10.0 %,10.0
C. Zhang; P. E. Thoma and R. H. Zee,Materials Research Society,High Hf content NiTiHf Shape Memory Alloys,2000.0,42.0,48.0,6.52,Ni42.0Ti48.0Hf10.0 %,10.0
C. Zhang; P. E. Thoma and R. H. Zee,Materials Research Society,High Hf content NiTiHf Shape Memory Alloys,2000.0,42.0,48.0,6.52,Ni42.0Ti48.0Hf10.0 %,10.0
C. Zhang; P. E. Thoma and R. H. Zee,Materials Research Society,High Hf content NiTiHf Shape Memory Alloys,2000.0,42.0,48.0,6.52,Ni42.0Ti48.0Hf10.0 %,10.0
C. Zhang; P. E. Thoma and R. H. Zee,Materials Research Society,High Hf content NiTiHf Shape Memory Alloys,2000.0,42.0,48.0,6.52,Ni42.0Ti48.0Hf10.0 %,10.0
C. Zhang; P. E. Thoma and R. H. Zee,Materials Research Society,High Hf content NiTiHf Shape Memory Alloys,2000.0,42.0,48.0,6.52,Ni42.0Ti48.0Hf10.0 %,10.0
C. Zhang; P. E. Thoma and R. H. Zee,Materials Research Society,High Hf content NiTiHf Shape Memory Alloys,2000.0,42.0,48.0,6.52,Ni42.0Ti48.0Hf10.0 %,10.0
C. Zhang; P. E. Thoma and R. H. Zee,Materials Research Society,High Hf content NiTiHf Shape Memory Alloys,2000.0,42.0,48.0,6.52,Ni42.0Ti48.0Hf10.0 %,10.0
C. Zhang; P. E. Thoma and R. H. Zee,Materials Research Society,High Hf content NiTiHf Shape Memory Alloys,2000.0,42.0,48.0,6.52,Ni42.0Ti48.0Hf10.0 %,10.0
C. Zhang; P. E. Thoma and R. H. Zee,Materials Research Society,High Hf content NiTiHf Shape Memory Alloys,2000.0,42.0,48.0,6.52,Ni42.0Ti48.0Hf10.0 %,10.0
C. Zhang; P. E. Thoma and R. H. Zee,Materials Research Society,High Hf content NiTiHf Shape Memory Alloys,2000.0,42.0,48.0,6.52,Ni42.0Ti48.0Hf10.0 %,10.0
C. Zhang; P. E. Thoma and R. H. Zee,Materials Research Society,High Hf content NiTiHf Shape Memory Alloys,2000.0,42.0,48.0,6.52,Ni42.0Ti48.0Hf10.0 %,10.0
C. Zhang; P. E. Thoma and R. H. Zee,Materials Research Society,High Hf content NiTiHf Shape Memory Alloys,2000.0,42.0,48.0,6.52,Ni42.0Ti48.0Hf10.0 %,10.0
C. Zhang; P. E. Thoma and R. H. Zee,Materials Research Society,High Hf content NiTiHf Shape Memory Alloys,2000.0,42.0,48.0,6.52,Ni42.0Ti48.0Hf10.0 %,10.0
C. Zhang; P. E. Thoma and R. H. Zee,Materials Research Society,High Hf content NiTiHf Shape Memory Alloys,2000.0,42.0,48.0,6.52,Ni42.0Ti48.0Hf10.0 %,10.0
C. Zhang; P. E. Thoma and R. H. Zee,Materials Research Society,High Hf content NiTiHf Shape Memory Alloys,2000.0,42.0,48.0,6.52,Ni42.0Ti48.0Hf10.0 %,10.0
C. Zhang; P. E. Thoma and R. H. Zee,Materials Research Society,High Hf content NiTiHf Shape Memory Alloys,2000.0,42.0,48.0,6.52,Ni42.0Ti48.0Hf10.0 %,10.0
C. Zhang; P. E. Thoma and R. H. Zee,Materials Research Society,High Hf content NiTiHf Shape Memory Alloys,2000.0,42.0,48.0,6.52,Ni42.0Ti48.0Hf10.0 %,10.0
Y. Motemani; P. J. McCluskey; C. Zhao; M. J. Tan and J. J. Vlassak,Acta Materialia,Analysis of Ti–Ni–Hf shape memory alloys by combinatorial nanocalorimetry,2011.0,42.5,42.3,6.55,Ni42.5Ti42.3Hf15.2 %,15.2
D. König; R. Zarnetta; A. Savan; H. Brunken and A. Ludwig,Acta Materialia,Phase transformation; structural and functional fatigue properties of Ti–Ni–Hf shape memory thin films,2011.0,42.5,52.6,6.55,Ni42.5Ti52.6Hf4.9 %,4.9
D. König; R. Zarnetta; A. Savan; H. Brunken and A. Ludwig,Acta Materialia,Phase transformation; structural and functional fatigue properties of Ti–Ni–Hf shape memory thin films,2011.0,42.5,50.6,6.55,Ni42.5Ti50.6Hf6.9 %,6.9
D. König; R. Zarnetta; A. Savan; H. Brunken and A. Ludwig,Acta Materialia,Phase transformation; structural and functional fatigue properties of Ti–Ni–Hf shape memory thin films,2011.0,42.5,46.9,6.55,Ni42.5Ti46.9Hf10.6 %,10.6
D. König; R. Zarnetta; A. Savan; H. Brunken and A. Ludwig,Acta Materialia,Phase transformation; structural and functional fatigue properties of Ti–Ni–Hf shape memory thin films,2011.0,42.5,44.7,6.55,Ni42.5Ti44.7Hf12.8 %,12.8
D. König; R. Zarnetta; A. Savan; H. Brunken and A. Ludwig,Acta Materialia,Phase transformation; structural and functional fatigue properties of Ti–Ni–Hf shape memory thin films,2011.0,42.5,42.4,6.55,Ni42.5Ti42.4Hf15.1 %,15.1
M. Zarinejad; Y. Liu and T. J. White,Intermetallics,The crystal chemistry of martensite in NiTiHf shape memory alloys,2008.0,42.5,42.5,6.55,Ni42.5Ti42.5Hf15.0 %,15.0
Y. Motemani; P. J. McCluskey; C. Zhao; M. J. Tan and J. J. Vlassak,Acta Materialia,Analysis of Ti–Ni–Hf shape memory alloys by combinatorial nanocalorimetry,2011.0,42.7,39.9,6.562,Ni42.7Ti39.9Hf17.4 %,17.4
J. H. Mulder; J. Beyer; P. Donner and J. Peterseim,Shape Memory and Superelastic Technologies,On the High Temperature Shape Memory Capabilities of Ni-(TiZr) and Ni-(TiHf) Alloys,1994.0,43.0,42.0,6.58,Ni43.0Ti42.0Hf15.0 %,15.0
Y. Motemani; P. J. McCluskey; C. Zhao; M. J. Tan and J. J. Vlassak,Acta Materialia,Analysis of Ti–Ni–Hf shape memory alloys by combinatorial nanocalorimetry,2011.0,43.1,40.6,6.586,Ni43.1Ti40.6Hf16.3 %,16.3
Y. Motemani; P. J. McCluskey; C. Zhao; M. J. Tan and J. J. Vlassak,Acta Materialia,Analysis of Ti–Ni–Hf shape memory alloys by combinatorial nanocalorimetry,2011.0,43.3,38.1,6.598,Ni43.3Ti38.1Hf18.6 %,18.6
Y. Motemani; P. J. McCluskey; C. Zhao; M. J. Tan and J. J. Vlassak,Acta Materialia,Analysis of Ti–Ni–Hf shape memory alloys by combinatorial nanocalorimetry,2011.0,43.6,38.8,6.616,Ni43.6Ti38.8Hf17.6 %,17.6
Y. Tong; F. Chen; B. Tian; L. Li and Y. Zheng,Materials Letters,Microstructure and martensitic transformation of Ti49Ni51−xHfx high temperature shape memory alloys,2009.0,44.0,49.0,6.64,Ni44.0Ti49.0Hf7.0 %,7.0
Y. Tong; Y. Liu and J. Miao,Thin Solid Films,Phase transformation in NiTiHf shape memory alloy thin films,2008.0,45.0,32.0,6.7,Ni45.0Ti32.0Hf23.0 %,23.0
D. König; R. Zarnetta; A. Savan; H. Brunken and A. Ludwig,Acta Materialia,Phase transformation; structural and functional fatigue properties of Ti–Ni–Hf shape memory thin films,2011.0,45.0,51.3,6.7,Ni45.0Ti51.3Hf3.7 %,3.7
D. König; R. Zarnetta; A. Savan; H. Brunken and A. Ludwig,Acta Materialia,Phase transformation; structural and functional fatigue properties of Ti–Ni–Hf shape memory thin films,2011.0,45.0,49.2,6.7,Ni45.0Ti49.2Hf5.8 %,5.8
D. König; R. Zarnetta; A. Savan; H. Brunken and A. Ludwig,Acta Materialia,Phase transformation; structural and functional fatigue properties of Ti–Ni–Hf shape memory thin films,2011.0,45.0,48.6,6.7,Ni45.0Ti48.6Hf6.4 %,6.4
D. König; R. Zarnetta; A. Savan; H. Brunken and A. Ludwig,Acta Materialia,Phase transformation; structural and functional fatigue properties of Ti–Ni–Hf shape memory thin films,2011.0,45.0,46.4,6.7,Ni45.0Ti46.4Hf8.6 %,8.6
D. König; R. Zarnetta; A. Savan; H. Brunken and A. Ludwig,Acta Materialia,Phase transformation; structural and functional fatigue properties of Ti–Ni–Hf shape memory thin films,2011.0,45.0,44.4,6.7,Ni45.0Ti44.4Hf10.6 %,10.6
D. König; R. Zarnetta; A. Savan; H. Brunken and A. Ludwig,Acta Materialia,Phase transformation; structural and functional fatigue properties of Ti–Ni–Hf shape memory thin films,2011.0,45.0,41.6,6.7,Ni45.0Ti41.6Hf13.4 %,13.4
D. König; R. Zarnetta; A. Savan; H. Brunken and A. Ludwig,Acta Materialia,Phase transformation; structural and functional fatigue properties of Ti–Ni–Hf shape memory thin films,2011.0,45.0,39.1,6.7,Ni45.0Ti39.1Hf15.9 %,15.9
S. Sanjabi; S. Sadrnezhaad and Z. Barber,Materials Science and Technology,Sputter alloying of Ni; Ti and Hf for fabrication of high temperature shape memory thin films,2007.0,45.0,40.0,6.7,Ni45.0Ti40.0Hf15.0 %,15.0
Y. Motemani; P. J. McCluskey; C. Zhao; M. J. Tan and J. J. Vlassak,Acta Materialia,Analysis of Ti–Ni–Hf shape memory alloys by combinatorial nanocalorimetry,2011.0,45.4,36.7,6.724,Ni45.4Ti36.7Hf17.9 %,17.9
S.-W. Kim; J. W. Jo; C. H. Park; J.-K. Hong; J.-T. Yeom and H.-G. Kim,Materials Science and Engineering: A,Fracture toughness of TiNiHf alloys: A hybrid study using in-situ transmission electron microscopy experiments and finite element analyses,2016.0,46.0,39.0,6.76,Ni46.0Ti39.0Hf15.0 %,15.0
S.-W. Kim; J. W. Jo; C. H. Park; J.-K. Hong; J.-T. Yeom and H.-G. Kim,Materials Science and Engineering: A,Fracture toughness of TiNiHf alloys: A hybrid study using in-situ transmission electron microscopy experiments and finite element analyses,2016.0,46.0,39.0,6.76,Ni46.0Ti39.0Hf15.0 %,15.0
D. N. Abujudom; M. Y. Kao; P. E. Thoma and D. R. Angst,US5114504,High transformation temperature shape memory alloy,1992.0,46.0,44.0,6.76,Ni46.0Ti44.0Hf10.0 %,10.0
Y. Tong; F. Chen; B. Tian; L. Li and Y. Zheng,Materials Letters,Microstructure and martensitic transformation of Ti49Ni51−xHfx high temperature shape memory alloys,2009.0,46.0,49.0,6.76,Ni46.0Ti49.0Hf5.0 %,5.0
S. Sanjabi; S. Sadrnezhaad and Z. Barber,Materials Science and Technology,Sputter alloying of Ni; Ti and Hf for fabrication of high temperature shape memory thin films,2007.0,46.0,39.0,6.76,Ni46.0Ti39.0Hf15.0 %,15.0
D. Angst; P. Thoma and M. Kao,Journal de Physique IV,The Effect of Hafnium Content on the Transformation Temperatures of Ni49Ti51-xHfx. Shape Memory Alloys,1995.0,46.0,44.0,6.76,Ni46.0Ti44.0Hf10.0 %,10.0
Y. Motemani; P. J. McCluskey; C. Zhao; M. J. Tan and J. J. Vlassak,Acta Materialia,Analysis of Ti–Ni–Hf shape memory alloys by combinatorial nanocalorimetry,2011.0,46.1,39.6,6.766,Ni46.1Ti39.6Hf14.3 %,14.3
K. H. Wu; Z. Pu; H. Tseng and F. S. Biancaniello,Shape Memory and Superelastic Technologies,The Shape Memory Effect of the NiTi-Hf High Temperature Shape Memory Alloy,1995.0,46.1,28.8,6.766,Ni46.1Ti28.8Hf25.1 %,25.1
K. H. Wu; Z. Pu; H. Tseng and F. S. Biancaniello,Shape Memory and Superelastic Technologies,The Shape Memory Effect of the NiTi-Hf High Temperature Shape Memory Alloy,1995.0,46.1,28.8,6.766,Ni46.1Ti28.8Hf25.1 %,25.1
K. H. Wu; Z. Pu; H. Tseng and F. S. Biancaniello,Shape Memory and Superelastic Technologies,The Shape Memory Effect of the NiTi-Hf High Temperature Shape Memory Alloy,1995.0,46.1,28.8,6.766,Ni46.1Ti28.8Hf25.1 %,25.1
K. H. Wu; Z. Pu; H. Tseng and F. S. Biancaniello,Shape Memory and Superelastic Technologies,The Shape Memory Effect of the NiTi-Hf High Temperature Shape Memory Alloy,1995.0,46.1,28.8,6.766,Ni46.1Ti28.8Hf25.1 %,25.1
K. H. Wu; Z. Pu; H. Tseng and F. S. Biancaniello,Shape Memory and Superelastic Technologies,The Shape Memory Effect of the NiTi-Hf High Temperature Shape Memory Alloy,1995.0,46.1,28.8,6.766,Ni46.1Ti28.8Hf25.1 %,25.1
K. H. Wu; Z. Pu; H. Tseng and F. S. Biancaniello,Shape Memory and Superelastic Technologies,The Shape Memory Effect of the NiTi-Hf High Temperature Shape Memory Alloy,1995.0,46.1,28.8,6.766,Ni46.1Ti28.8Hf25.1 %,25.1
K. H. Wu; Z. Pu; H. Tseng and F. S. Biancaniello,Shape Memory and Superelastic Technologies,The Shape Memory Effect of the NiTi-Hf High Temperature Shape Memory Alloy,1995.0,46.1,28.8,6.766,Ni46.1Ti28.8Hf25.1 %,25.1
P. J. McCluskey; K. Xiao; J. M. Gregoire; D. Dale and J. J. Vlassak,Thermochimica Acta,Application of in-situ nano-scanning calorimetry and X-ray diffraction to characterize Ni–Ti–Hf high-temperature shape memory alloys,2015.0,46.7,34.9,6.802,Ni46.7Ti34.9Hf18.4 %,18.4
K. H. Wu; Z. Pu; H. Tseng and F. S. Biancaniello,Shape Memory and Superelastic Technologies,The Shape Memory Effect of the NiTi-Hf High Temperature Shape Memory Alloy,1995.0,46.8,23.3,6.808,Ni46.8Ti23.3Hf29.9 %,29.9
K. H. Wu; Z. Pu; H. Tseng and F. S. Biancaniello,Shape Memory and Superelastic Technologies,The Shape Memory Effect of the NiTi-Hf High Temperature Shape Memory Alloy,1995.0,46.8,23.3,6.808,Ni46.8Ti23.3Hf29.9 %,29.9
K. H. Wu; Z. Pu; H. Tseng and F. S. Biancaniello,Shape Memory and Superelastic Technologies,The Shape Memory Effect of the NiTi-Hf High Temperature Shape Memory Alloy,1995.0,46.8,23.3,6.808,Ni46.8Ti23.3Hf29.9 %,29.9
K. H. Wu; Z. Pu; H. Tseng and F. S. Biancaniello,Shape Memory and Superelastic Technologies,The Shape Memory Effect of the NiTi-Hf High Temperature Shape Memory Alloy,1995.0,46.8,23.3,6.808,Ni46.8Ti23.3Hf29.9 %,29.9
K. H. Wu; Z. Pu; H. Tseng and F. S. Biancaniello,Shape Memory and Superelastic Technologies,The Shape Memory Effect of the NiTi-Hf High Temperature Shape Memory Alloy,1995.0,46.8,23.3,6.808,Ni46.8Ti23.3Hf29.9 %,29.9
K. H. Wu; Z. Pu; H. Tseng and F. S. Biancaniello,Shape Memory and Superelastic Technologies,The Shape Memory Effect of the NiTi-Hf High Temperature Shape Memory Alloy,1995.0,46.8,23.3,6.808,Ni46.8Ti23.3Hf29.9 %,29.9
K. H. Wu; Z. Pu; H. Tseng and F. S. Biancaniello,Shape Memory and Superelastic Technologies,The Shape Memory Effect of the NiTi-Hf High Temperature Shape Memory Alloy,1995.0,46.8,23.3,6.808,Ni46.8Ti23.3Hf29.9 %,29.9
N. Singh; A. Talapatra; A. Junkaew; T. Duong; S. Gibbons; S. Li; H. Thawabi; E. Olivos and R. Arróyave,Computational Materials Science,Effect of ternary additions to structural properties of NiTi alloys,2016.0,46.875,50.0,6.8125,Ni46.875Ti50.0Hf3.125 %,3.125
K. H. Wu; Z. Pu; H. Tseng and F. S. Biancaniello,Shape Memory and Superelastic Technologies,The Shape Memory Effect of the NiTi-Hf High Temperature Shape Memory Alloy,1995.0,46.9,33.2,6.814,Ni46.9Ti33.2Hf19.9 %,19.9
K. H. Wu; Z. Pu; H. Tseng and F. S. Biancaniello,Shape Memory and Superelastic Technologies,The Shape Memory Effect of the NiTi-Hf High Temperature Shape Memory Alloy,1995.0,46.9,33.2,6.814,Ni46.9Ti33.2Hf19.9 %,19.9
K. H. Wu; Z. Pu; H. Tseng and F. S. Biancaniello,Shape Memory and Superelastic Technologies,The Shape Memory Effect of the NiTi-Hf High Temperature Shape Memory Alloy,1995.0,46.9,33.2,6.814,Ni46.9Ti33.2Hf19.9 %,19.9
K. H. Wu; Z. Pu; H. Tseng and F. S. Biancaniello,Shape Memory and Superelastic Technologies,The Shape Memory Effect of the NiTi-Hf High Temperature Shape Memory Alloy,1995.0,46.9,33.2,6.814,Ni46.9Ti33.2Hf19.9 %,19.9
K. H. Wu; Z. Pu; H. Tseng and F. S. Biancaniello,Shape Memory and Superelastic Technologies,The Shape Memory Effect of the NiTi-Hf High Temperature Shape Memory Alloy,1995.0,46.9,33.2,6.814,Ni46.9Ti33.2Hf19.9 %,19.9
K. H. Wu; Z. Pu; H. Tseng and F. S. Biancaniello,Shape Memory and Superelastic Technologies,The Shape Memory Effect of the NiTi-Hf High Temperature Shape Memory Alloy,1995.0,46.9,33.2,6.814,Ni46.9Ti33.2Hf19.9 %,19.9
K. H. Wu; Z. Pu; H. Tseng and F. S. Biancaniello,Shape Memory and Superelastic Technologies,The Shape Memory Effect of the NiTi-Hf High Temperature Shape Memory Alloy,1995.0,46.9,33.2,6.814,Ni46.9Ti33.2Hf19.9 %,19.9
K. H. Wu; Z. Pu; H. Tseng and F. S. Biancaniello,Shape Memory and Superelastic Technologies,The Shape Memory Effect of the NiTi-Hf High Temperature Shape Memory Alloy,1995.0,46.9,33.2,6.814,Ni46.9Ti33.2Hf19.9 %,19.9
K. H. Wu; Z. Pu; H. Tseng and F. S. Biancaniello,Shape Memory and Superelastic Technologies,The Shape Memory Effect of the NiTi-Hf High Temperature Shape Memory Alloy,1995.0,46.9,33.2,6.814,Ni46.9Ti33.2Hf19.9 %,19.9
K. H. Wu; Z. Pu; H. Tseng and F. S. Biancaniello,Shape Memory and Superelastic Technologies,The Shape Memory Effect of the NiTi-Hf High Temperature Shape Memory Alloy,1995.0,46.9,33.2,6.814,Ni46.9Ti33.2Hf19.9 %,19.9
K. H. Wu; Z. Pu; H. Tseng and F. S. Biancaniello,Shape Memory and Superelastic Technologies,The Shape Memory Effect of the NiTi-Hf High Temperature Shape Memory Alloy,1995.0,46.9,33.2,6.814,Ni46.9Ti33.2Hf19.9 %,19.9
K. H. Wu; Z. Pu; H. Tseng and F. S. Biancaniello,Shape Memory and Superelastic Technologies,The Shape Memory Effect of the NiTi-Hf High Temperature Shape Memory Alloy,1995.0,46.9,33.2,6.814,Ni46.9Ti33.2Hf19.9 %,19.9
K. H. Wu; Z. Pu; H. Tseng and F. S. Biancaniello,Shape Memory and Superelastic Technologies,The Shape Memory Effect of the NiTi-Hf High Temperature Shape Memory Alloy,1995.0,46.9,33.2,6.814,Ni46.9Ti33.2Hf19.9 %,19.9
K. H. Wu; Z. Pu; H. Tseng and F. S. Biancaniello,Shape Memory and Superelastic Technologies,The Shape Memory Effect of the NiTi-Hf High Temperature Shape Memory Alloy,1995.0,46.9,33.2,6.814,Ni46.9Ti33.2Hf19.9 %,19.9
K. H. Wu; Z. Pu; H. Tseng and F. S. Biancaniello,Shape Memory and Superelastic Technologies,The Shape Memory Effect of the NiTi-Hf High Temperature Shape Memory Alloy,1995.0,46.9,33.2,6.814,Ni46.9Ti33.2Hf19.9 %,19.9
K. H. Wu; Z. Pu; H. Tseng and F. S. Biancaniello,Shape Memory and Superelastic Technologies,The Shape Memory Effect of the NiTi-Hf High Temperature Shape Memory Alloy,1995.0,46.9,33.2,6.814,Ni46.9Ti33.2Hf19.9 %,19.9
K. H. Wu; Z. Pu; H. Tseng and F. S. Biancaniello,Shape Memory and Superelastic Technologies,The Shape Memory Effect of the NiTi-Hf High Temperature Shape Memory Alloy,1995.0,46.9,33.2,6.814,Ni46.9Ti33.2Hf19.9 %,19.9
K. H. Wu; Z. Pu; H. Tseng and F. S. Biancaniello,Shape Memory and Superelastic Technologies,The Shape Memory Effect of the NiTi-Hf High Temperature Shape Memory Alloy,1995.0,46.9,33.2,6.814,Ni46.9Ti33.2Hf19.9 %,19.9
K. H. Wu; Z. Pu; H. Tseng and F. S. Biancaniello,Shape Memory and Superelastic Technologies,The Shape Memory Effect of the NiTi-Hf High Temperature Shape Memory Alloy,1995.0,46.9,33.2,6.814,Ni46.9Ti33.2Hf19.9 %,19.9
K. H. Wu; Z. Pu; H. Tseng and F. S. Biancaniello,Shape Memory and Superelastic Technologies,The Shape Memory Effect of the NiTi-Hf High Temperature Shape Memory Alloy,1995.0,46.9,33.2,6.814,Ni46.9Ti33.2Hf19.9 %,19.9
K. H. Wu; Z. Pu; H. Tseng and F. S. Biancaniello,Shape Memory and Superelastic Technologies,The Shape Memory Effect of the NiTi-Hf High Temperature Shape Memory Alloy,1995.0,46.9,33.2,6.814,Ni46.9Ti33.2Hf19.9 %,19.9
Y. Motemani; P. J. McCluskey; C. Zhao; M. J. Tan and J. J. Vlassak,Acta Materialia,Analysis of Ti–Ni–Hf shape memory alloys by combinatorial nanocalorimetry,2011.0,47.0,38.1,6.82,Ni47.0Ti38.1Hf14.9 %,14.9
D. N. Abujudom; M. Y. Kao; P. E. Thoma and D. R. Angst,US5114504,High transformation temperature shape memory alloy,1992.0,47.0,43.0,6.82,Ni47.0Ti43.0Hf10.0 %,10.0
J. Beyer and J. H. Mulder,Materials Research Society,Recent developments in high temperature shape memory alloys,1994.0,47.0,33.0,6.82,Ni47.0Ti33.0Hf20.0 %,20.0
V. I. Kolomytsev,Scripta Metallurgica et Materialia,The effect of alloying by 3d; 4d; 5d transition metal klements on martensite transformation temperatures in compound TiNi,1994.0,47.0,52.1,6.82,Ni47.0Ti52.1Hf0.9 %,0.9
D. Angst; P. Thoma and M. Kao,Journal de Physique IV,The Effect of Hafnium Content on the Transformation Temperatures of Ni49Ti51-xHfx. Shape Memory Alloys,1995.0,47.0,43.0,6.82,Ni47.0Ti43.0Hf10.0 %,10.0
G. S. Firstov; J. Van Humbeeck and Y. N. Koval,Materials Science and Engineering: A,High-temperature shape memory alloys,2004.0,47.1,38.2,6.826,Ni47.1Ti38.2Hf14.7 %,14.7
V. I. Kolomytsev,Scripta Metallurgica et Materialia,The effect of alloying by 3d; 4d; 5d transition metal klements on martensite transformation temperatures in compound TiNi,1994.0,47.1,52.0,6.826,Ni47.1Ti52.0Hf0.9 %,0.9
D. König; R. Zarnetta; A. Savan; H. Brunken and A. Ludwig,Acta Materialia,Phase transformation; structural and functional fatigue properties of Ti–Ni–Hf shape memory thin films,2011.0,47.5,49.6,6.85,Ni47.5Ti49.6Hf2.9 %,2.9
D. König; R. Zarnetta; A. Savan; H. Brunken and A. Ludwig,Acta Materialia,Phase transformation; structural and functional fatigue properties of Ti–Ni–Hf shape memory thin films,2011.0,47.5,47.1,6.85,Ni47.5Ti47.1Hf5.4 %,5.4
D. König; R. Zarnetta; A. Savan; H. Brunken and A. Ludwig,Acta Materialia,Phase transformation; structural and functional fatigue properties of Ti–Ni–Hf shape memory thin films,2011.0,47.5,45.4,6.85,Ni47.5Ti45.4Hf7.1 %,7.1
D. König; R. Zarnetta; A. Savan; H. Brunken and A. Ludwig,Acta Materialia,Phase transformation; structural and functional fatigue properties of Ti–Ni–Hf shape memory thin films,2011.0,47.5,42.7,6.85,Ni47.5Ti42.7Hf9.8 %,9.8
D. König; R. Zarnetta; A. Savan; H. Brunken and A. Ludwig,Acta Materialia,Phase transformation; structural and functional fatigue properties of Ti–Ni–Hf shape memory thin films,2011.0,47.5,40.5,6.85,Ni47.5Ti40.5Hf12.0 %,12.0
D. König; R. Zarnetta; A. Savan; H. Brunken and A. Ludwig,Acta Materialia,Phase transformation; structural and functional fatigue properties of Ti–Ni–Hf shape memory thin films,2011.0,47.5,38.0,6.85,Ni47.5Ti38.0Hf14.5 %,14.5
D. König; R. Zarnetta; A. Savan; H. Brunken and A. Ludwig,Acta Materialia,Phase transformation; structural and functional fatigue properties of Ti–Ni–Hf shape memory thin films,2011.0,47.5,35.5,6.85,Ni47.5Ti35.5Hf17.0 %,17.0
S. Sanjabi; S. Sadrnezhaad and Z. Barber,Materials Science and Technology,Sputter alloying of Ni; Ti and Hf for fabrication of high temperature shape memory thin films,2007.0,47.5,37.5,6.85,Ni47.5Ti37.5Hf15.0 %,15.0
Y. Motemani; P. J. McCluskey; C. Zhao; M. J. Tan and J. J. Vlassak,Acta Materialia,Analysis of Ti–Ni–Hf shape memory alloys by combinatorial nanocalorimetry,2011.0,47.7,35.1,6.862,Ni47.7Ti35.1Hf17.2 %,17.2
Y. Motemani; P. J. McCluskey; C. Zhao; M. J. Tan and J. J. Vlassak,Acta Materialia,Analysis of Ti–Ni–Hf shape memory alloys by combinatorial nanocalorimetry,2011.0,47.9,33.5,6.874,Ni47.9Ti33.5Hf18.6 %,18.6
Y. Tong; Y. Liu; J. Miao and L. Zhao,Scripta Materialia,Characterization of a nanocrystalline NiTiHf high temperature shape memory alloy thin film,2005.0,47.9,35.7,6.874,Ni47.9Ti35.7Hf16.4 %,16.4
Y. Tong; Y. Liu; J. Miao and L. Zhao,Scripta Materialia,Characterization of a nanocrystalline NiTiHf high temperature shape memory alloy thin film,2005.0,47.9,35.7,6.874,Ni47.9Ti35.7Hf16.4 %,16.4
Y. Tong; Y. Liu; J. Miao and L. Zhao,Scripta Materialia,Characterization of a nanocrystalline NiTiHf high temperature shape memory alloy thin film,2005.0,47.9,35.7,6.874,Ni47.9Ti35.7Hf16.4 %,16.4
Y. Tong; Y. Liu; J. Miao and L. Zhao,Scripta Materialia,Characterization of a nanocrystalline NiTiHf high temperature shape memory alloy thin film,2005.0,47.9,35.7,6.874,Ni47.9Ti35.7Hf16.4 %,16.4
Y. Tong; Y. Liu and J. Miao,Thin Solid Films,Phase transformation in NiTiHf shape memory alloy thin films,2008.0,47.9,35.7,6.874,Ni47.9Ti35.7Hf16.4 %,16.4
D. N. Abujudom; M. Y. Kao; P. E. Thoma and D. R. Angst,US5114504,High transformation temperature shape memory alloy,1992.0,48.0,42.0,6.88,Ni48.0Ti42.0Hf10.0 %,10.0
Y. Tong; F. Chen; B. Tian; L. Li and Y. Zheng,Materials Letters,Microstructure and martensitic transformation of Ti49Ni51−xHfx high temperature shape memory alloys,2009.0,48.0,49.0,6.88,Ni48.0Ti49.0Hf3.0 %,3.0
Y. Tong; Y. Liu and J. Miao,Thin Solid Films,Phase transformation in NiTiHf shape memory alloy thin films,2008.0,48.0,37.7,6.88,Ni48.0Ti37.7Hf14.3 %,14.3
S. Sanjabi; S. Sadrnezhaad and Z. Barber,Materials Science and Technology,Sputter alloying of Ni; Ti and Hf for fabrication of high temperature shape memory thin films,2007.0,48.0,37.0,6.88,Ni48.0Ti37.0Hf15.0 %,15.0
K. Wu; Z. Pu and Y. Gao,International Conference of Displacive Phase Transformations and their Applications in Materials Engineering,Study of NiTi-Hf and NiTi-Zr High-Temperature Shape Memory Alloys,1996.0,48.0,51.0,6.88,Ni48.0Ti51.0Hf1.0 %,1.0
K. Wu; Z. Pu and Y. Gao,International Conference of Displacive Phase Transformations and their Applications in Materials Engineering,Study of NiTi-Hf and NiTi-Zr High-Temperature Shape Memory Alloys,1996.0,48.0,51.0,6.88,Ni48.0Ti51.0Hf1.0 %,1.0
K. Wu; Z. Pu and Y. Gao,International Conference of Displacive Phase Transformations and their Applications in Materials Engineering,Study of NiTi-Hf and NiTi-Zr High-Temperature Shape Memory Alloys,1996.0,48.0,51.0,6.88,Ni48.0Ti51.0Hf1.0 %,1.0
K. Wu; Z. Pu and Y. Gao,International Conference of Displacive Phase Transformations and their Applications in Materials Engineering,Study of NiTi-Hf and NiTi-Zr High-Temperature Shape Memory Alloys,1996.0,48.0,51.0,6.88,Ni48.0Ti51.0Hf1.0 %,1.0
K. Wu; Z. Pu and Y. Gao,International Conference of Displacive Phase Transformations and their Applications in Materials Engineering,Study of NiTi-Hf and NiTi-Zr High-Temperature Shape Memory Alloys,1996.0,48.0,51.0,6.88,Ni48.0Ti51.0Hf1.0 %,1.0
K. Wu; Z. Pu and Y. Gao,International Conference of Displacive Phase Transformations and their Applications in Materials Engineering,Study of NiTi-Hf and NiTi-Zr High-Temperature Shape Memory Alloys,1996.0,48.0,51.0,6.88,Ni48.0Ti51.0Hf1.0 %,1.0
K. Wu; Z. Pu and Y. Gao,International Conference of Displacive Phase Transformations and their Applications in Materials Engineering,Study of NiTi-Hf and NiTi-Zr High-Temperature Shape Memory Alloys,1996.0,48.0,46.0,6.88,Ni48.0Ti46.0Hf6.0 %,6.0
K. Wu; Z. Pu and Y. Gao,International Conference of Displacive Phase Transformations and their Applications in Materials Engineering,Study of NiTi-Hf and NiTi-Zr High-Temperature Shape Memory Alloys,1996.0,48.0,46.0,6.88,Ni48.0Ti46.0Hf6.0 %,6.0
K. Wu; Z. Pu and Y. Gao,International Conference of Displacive Phase Transformations and their Applications in Materials Engineering,Study of NiTi-Hf and NiTi-Zr High-Temperature Shape Memory Alloys,1996.0,48.0,46.0,6.88,Ni48.0Ti46.0Hf6.0 %,6.0
K. Wu; Z. Pu and Y. Gao,International Conference of Displacive Phase Transformations and their Applications in Materials Engineering,Study of NiTi-Hf and NiTi-Zr High-Temperature Shape Memory Alloys,1996.0,48.0,46.0,6.88,Ni48.0Ti46.0Hf6.0 %,6.0
K. Wu; Z. Pu and Y. Gao,International Conference of Displacive Phase Transformations and their Applications in Materials Engineering,Study of NiTi-Hf and NiTi-Zr High-Temperature Shape Memory Alloys,1996.0,48.0,46.0,6.88,Ni48.0Ti46.0Hf6.0 %,6.0
K. Wu; Z. Pu and Y. Gao,International Conference of Displacive Phase Transformations and their Applications in Materials Engineering,Study of NiTi-Hf and NiTi-Zr High-Temperature Shape Memory Alloys,1996.0,48.0,46.0,6.88,Ni48.0Ti46.0Hf6.0 %,6.0
K. Wu; Z. Pu and Y. Gao,International Conference of Displacive Phase Transformations and their Applications in Materials Engineering,Study of NiTi-Hf and NiTi-Zr High-Temperature Shape Memory Alloys,1996.0,48.0,46.0,6.88,Ni48.0Ti46.0Hf6.0 %,6.0
K. Wu; Z. Pu and Y. Gao,International Conference of Displacive Phase Transformations and their Applications in Materials Engineering,Study of NiTi-Hf and NiTi-Zr High-Temperature Shape Memory Alloys,1996.0,48.0,39.5,6.88,Ni48.0Ti39.5Hf12.5 %,12.5
K. Wu; Z. Pu and Y. Gao,International Conference of Displacive Phase Transformations and their Applications in Materials Engineering,Study of NiTi-Hf and NiTi-Zr High-Temperature Shape Memory Alloys,1996.0,48.0,37.0,6.88,Ni48.0Ti37.0Hf15.0 %,15.0
K. Wu; Z. Pu and Y. Gao,International Conference of Displacive Phase Transformations and their Applications in Materials Engineering,Study of NiTi-Hf and NiTi-Zr High-Temperature Shape Memory Alloys,1996.0,48.0,37.0,6.88,Ni48.0Ti37.0Hf15.0 %,15.0
K. Wu; Z. Pu and Y. Gao,International Conference of Displacive Phase Transformations and their Applications in Materials Engineering,Study of NiTi-Hf and NiTi-Zr High-Temperature Shape Memory Alloys,1996.0,48.0,37.0,6.88,Ni48.0Ti37.0Hf15.0 %,15.0
K. Wu; Z. Pu and Y. Gao,International Conference of Displacive Phase Transformations and their Applications in Materials Engineering,Study of NiTi-Hf and NiTi-Zr High-Temperature Shape Memory Alloys,1996.0,48.0,37.0,6.88,Ni48.0Ti37.0Hf15.0 %,15.0
K. Wu; Z. Pu and Y. Gao,International Conference of Displacive Phase Transformations and their Applications in Materials Engineering,Study of NiTi-Hf and NiTi-Zr High-Temperature Shape Memory Alloys,1996.0,48.0,37.0,6.88,Ni48.0Ti37.0Hf15.0 %,15.0
K. Wu; Z. Pu and Y. Gao,International Conference of Displacive Phase Transformations and their Applications in Materials Engineering,Study of NiTi-Hf and NiTi-Zr High-Temperature Shape Memory Alloys,1996.0,48.0,32.0,6.88,Ni48.0Ti32.0Hf20.0 %,20.0
K. Wu; Z. Pu and Y. Gao,International Conference of Displacive Phase Transformations and their Applications in Materials Engineering,Study of NiTi-Hf and NiTi-Zr High-Temperature Shape Memory Alloys,1996.0,48.0,32.0,6.88,Ni48.0Ti32.0Hf20.0 %,20.0
K. Wu; Z. Pu and Y. Gao,International Conference of Displacive Phase Transformations and their Applications in Materials Engineering,Study of NiTi-Hf and NiTi-Zr High-Temperature Shape Memory Alloys,1996.0,48.0,32.0,6.88,Ni48.0Ti32.0Hf20.0 %,20.0
K. Wu; Z. Pu and Y. Gao,International Conference of Displacive Phase Transformations and their Applications in Materials Engineering,Study of NiTi-Hf and NiTi-Zr High-Temperature Shape Memory Alloys,1996.0,48.0,32.0,6.88,Ni48.0Ti32.0Hf20.0 %,20.0
K. Wu; Z. Pu and Y. Gao,International Conference of Displacive Phase Transformations and their Applications in Materials Engineering,Study of NiTi-Hf and NiTi-Zr High-Temperature Shape Memory Alloys,1996.0,48.0,32.0,6.88,Ni48.0Ti32.0Hf20.0 %,20.0
K. Wu; Z. Pu and Y. Gao,International Conference of Displacive Phase Transformations and their Applications in Materials Engineering,Study of NiTi-Hf and NiTi-Zr High-Temperature Shape Memory Alloys,1996.0,48.0,32.0,6.88,Ni48.0Ti32.0Hf20.0 %,20.0
K. Wu; Z. Pu and Y. Gao,International Conference of Displacive Phase Transformations and their Applications in Materials Engineering,Study of NiTi-Hf and NiTi-Zr High-Temperature Shape Memory Alloys,1996.0,48.0,27.0,6.88,Ni48.0Ti27.0Hf25.0 %,25.0
K. Wu; Z. Pu and Y. Gao,International Conference of Displacive Phase Transformations and their Applications in Materials Engineering,Study of NiTi-Hf and NiTi-Zr High-Temperature Shape Memory Alloys,1996.0,48.0,27.0,6.88,Ni48.0Ti27.0Hf25.0 %,25.0
K. Wu; Z. Pu and Y. Gao,International Conference of Displacive Phase Transformations and their Applications in Materials Engineering,Study of NiTi-Hf and NiTi-Zr High-Temperature Shape Memory Alloys,1996.0,48.0,27.0,6.88,Ni48.0Ti27.0Hf25.0 %,25.0
K. Wu; Z. Pu and Y. Gao,International Conference of Displacive Phase Transformations and their Applications in Materials Engineering,Study of NiTi-Hf and NiTi-Zr High-Temperature Shape Memory Alloys,1996.0,48.0,27.0,6.88,Ni48.0Ti27.0Hf25.0 %,25.0
K. Wu; Z. Pu and Y. Gao,International Conference of Displacive Phase Transformations and their Applications in Materials Engineering,Study of NiTi-Hf and NiTi-Zr High-Temperature Shape Memory Alloys,1996.0,48.0,27.0,6.88,Ni48.0Ti27.0Hf25.0 %,25.0
Y. Gao; Z. Pu and K. H. Wu,Shape Memory and Superelastic Technologies,TEM Studies of NiTi-Hf and NiTi-Zr High-Temperature Shape Memory Alloys,1997.0,48.0,51.0,6.88,Ni48.0Ti51.0Hf1.0 %,1.0
Y. Gao; Z. Pu and K. H. Wu,Shape Memory and Superelastic Technologies,TEM Studies of NiTi-Hf and NiTi-Zr High-Temperature Shape Memory Alloys,1997.0,48.0,44.5,6.88,Ni48.0Ti44.5Hf7.5 %,7.5
Y. Gao; Z. Pu and K. H. Wu,Shape Memory and Superelastic Technologies,TEM Studies of NiTi-Hf and NiTi-Zr High-Temperature Shape Memory Alloys,1997.0,48.0,42.0,6.88,Ni48.0Ti42.0Hf10.0 %,10.0
Y. Gao; Z. Pu and K. H. Wu,Shape Memory and Superelastic Technologies,TEM Studies of NiTi-Hf and NiTi-Zr High-Temperature Shape Memory Alloys,1997.0,48.0,39.5,6.88,Ni48.0Ti39.5Hf12.5 %,12.5
Y. Gao; Z. Pu and K. H. Wu,Shape Memory and Superelastic Technologies,TEM Studies of NiTi-Hf and NiTi-Zr High-Temperature Shape Memory Alloys,1997.0,48.0,32.0,6.88,Ni48.0Ti32.0Hf20.0 %,20.0
Y. Gao; Z. Pu and K. H. Wu,Shape Memory and Superelastic Technologies,TEM Studies of NiTi-Hf and NiTi-Zr High-Temperature Shape Memory Alloys,1997.0,48.0,27.0,6.88,Ni48.0Ti27.0Hf25.0 %,25.0
D. Angst; P. Thoma and M. Kao,Journal de Physique IV,The Effect of Hafnium Content on the Transformation Temperatures of Ni49Ti51-xHfx. Shape Memory Alloys,1995.0,48.0,42.0,6.88,Ni48.0Ti42.0Hf10.0 %,10.0
K. H. Wu; Z. Pu; H. Tseng and F. S. Biancaniello,Shape Memory and Superelastic Technologies,The Shape Memory Effect of the NiTi-Hf High Temperature Shape Memory Alloy,1995.0,48.3,45.5,6.898,Ni48.3Ti45.5Hf6.2 %,6.2
K. H. Wu; Z. Pu; H. Tseng and F. S. Biancaniello,Shape Memory and Superelastic Technologies,The Shape Memory Effect of the NiTi-Hf High Temperature Shape Memory Alloy,1995.0,48.3,45.5,6.898,Ni48.3Ti45.5Hf6.2 %,6.2
K. H. Wu; Z. Pu; H. Tseng and F. S. Biancaniello,Shape Memory and Superelastic Technologies,The Shape Memory Effect of the NiTi-Hf High Temperature Shape Memory Alloy,1995.0,48.3,45.5,6.898,Ni48.3Ti45.5Hf6.2 %,6.2
K. H. Wu; Z. Pu; H. Tseng and F. S. Biancaniello,Shape Memory and Superelastic Technologies,The Shape Memory Effect of the NiTi-Hf High Temperature Shape Memory Alloy,1995.0,48.3,45.5,6.898,Ni48.3Ti45.5Hf6.2 %,6.2
K. H. Wu; Z. Pu; H. Tseng and F. S. Biancaniello,Shape Memory and Superelastic Technologies,The Shape Memory Effect of the NiTi-Hf High Temperature Shape Memory Alloy,1995.0,48.3,45.5,6.898,Ni48.3Ti45.5Hf6.2 %,6.2
K. H. Wu; Z. Pu; H. Tseng and F. S. Biancaniello,Shape Memory and Superelastic Technologies,The Shape Memory Effect of the NiTi-Hf High Temperature Shape Memory Alloy,1995.0,48.3,45.5,6.898,Ni48.3Ti45.5Hf6.2 %,6.2
K. H. Wu; Z. Pu; H. Tseng and F. S. Biancaniello,Shape Memory and Superelastic Technologies,The Shape Memory Effect of the NiTi-Hf High Temperature Shape Memory Alloy,1995.0,48.3,45.5,6.898,Ni48.3Ti45.5Hf6.2 %,6.2
K. H. Wu; Z. Pu; H. Tseng and F. S. Biancaniello,Shape Memory and Superelastic Technologies,The Shape Memory Effect of the NiTi-Hf High Temperature Shape Memory Alloy,1995.0,48.3,45.5,6.898,Ni48.3Ti45.5Hf6.2 %,6.2
X. D. Han; R. Wang; Z. Zhang and D. Z. Yang,Acta Materialia,A new precipitate phase in a TiNiHf high temperature shape memory alloy,1998.0,48.5,36.5,6.91,Ni48.5Ti36.5Hf15.0 %,15.0
X. D. Han; R. Wang; Z. Zhang and D. Z. Yang,Materials Letters,In situ observations of the reverse martensitic transformations in a TiNiHf high temperature shape memory alloy,1997.0,48.5,36.5,6.91,Ni48.5Ti36.5Hf15.0 %,15.0
Z. Pu; H. K. Tseng and K. Wu,International Society for Optical Engineering,Innovative system of high-temperature shape memory alloys,1994.0,48.5,50.5,6.91,Ni48.5Ti50.5Hf1.0 %,1.0
Z. Pu; H. K. Tseng and K. Wu,International Society for Optical Engineering,Innovative system of high-temperature shape memory alloys,1994.0,48.5,50.5,6.91,Ni48.5Ti50.5Hf1.0 %,1.0
Z. Pu; H. K. Tseng and K. Wu,International Society for Optical Engineering,Innovative system of high-temperature shape memory alloys,1994.0,48.5,50.5,6.91,Ni48.5Ti50.5Hf1.0 %,1.0
Z. Pu; H. K. Tseng and K. Wu,International Society for Optical Engineering,Innovative system of high-temperature shape memory alloys,1994.0,48.5,50.5,6.91,Ni48.5Ti50.5Hf1.0 %,1.0
Z. Pu; H. K. Tseng and K. Wu,International Society for Optical Engineering,Innovative system of high-temperature shape memory alloys,1994.0,48.5,50.5,6.91,Ni48.5Ti50.5Hf1.0 %,1.0
Z. Pu; H. K. Tseng and K. Wu,International Society for Optical Engineering,Innovative system of high-temperature shape memory alloys,1994.0,48.5,50.5,6.91,Ni48.5Ti50.5Hf1.0 %,1.0
Z. Pu; H. K. Tseng and K. Wu,International Society for Optical Engineering,Innovative system of high-temperature shape memory alloys,1994.0,48.5,46.5,6.91,Ni48.5Ti46.5Hf5.0 %,5.0
Z. Pu; H. K. Tseng and K. Wu,International Society for Optical Engineering,Innovative system of high-temperature shape memory alloys,1994.0,48.5,46.5,6.91,Ni48.5Ti46.5Hf5.0 %,5.0
Z. Pu; H. K. Tseng and K. Wu,International Society for Optical Engineering,Innovative system of high-temperature shape memory alloys,1994.0,48.5,46.5,6.91,Ni48.5Ti46.5Hf5.0 %,5.0
Z. Pu; H. K. Tseng and K. Wu,International Society for Optical Engineering,Innovative system of high-temperature shape memory alloys,1994.0,48.5,46.5,6.91,Ni48.5Ti46.5Hf5.0 %,5.0
Z. Pu; H. K. Tseng and K. Wu,International Society for Optical Engineering,Innovative system of high-temperature shape memory alloys,1994.0,48.5,46.5,6.91,Ni48.5Ti46.5Hf5.0 %,5.0
Z. Pu; H. K. Tseng and K. Wu,International Society for Optical Engineering,Innovative system of high-temperature shape memory alloys,1994.0,48.5,46.5,6.91,Ni48.5Ti46.5Hf5.0 %,5.0
Z. Pu; H. K. Tseng and K. Wu,International Society for Optical Engineering,Innovative system of high-temperature shape memory alloys,1994.0,48.5,36.5,6.91,Ni48.5Ti36.5Hf15.0 %,15.0
Z. Pu; H. K. Tseng and K. Wu,International Society for Optical Engineering,Innovative system of high-temperature shape memory alloys,1994.0,48.5,36.5,6.91,Ni48.5Ti36.5Hf15.0 %,15.0
Z. Pu; H. K. Tseng and K. Wu,International Society for Optical Engineering,Innovative system of high-temperature shape memory alloys,1994.0,48.5,36.5,6.91,Ni48.5Ti36.5Hf15.0 %,15.0
Z. Pu; H. K. Tseng and K. Wu,International Society for Optical Engineering,Innovative system of high-temperature shape memory alloys,1994.0,48.5,36.5,6.91,Ni48.5Ti36.5Hf15.0 %,15.0
Z. Pu; H. K. Tseng and K. Wu,International Society for Optical Engineering,Innovative system of high-temperature shape memory alloys,1994.0,48.5,36.5,6.91,Ni48.5Ti36.5Hf15.0 %,15.0
Z. Pu; H. K. Tseng and K. Wu,International Society for Optical Engineering,Innovative system of high-temperature shape memory alloys,1994.0,48.5,36.5,6.91,Ni48.5Ti36.5Hf15.0 %,15.0
Z. Pu; H. K. Tseng and K. Wu,International Society for Optical Engineering,Innovative system of high-temperature shape memory alloys,1994.0,48.5,31.5,6.91,Ni48.5Ti31.5Hf20.0 %,20.0
Z. Pu; H. K. Tseng and K. Wu,International Society for Optical Engineering,Innovative system of high-temperature shape memory alloys,1994.0,48.5,31.5,6.91,Ni48.5Ti31.5Hf20.0 %,20.0
Z. Pu; H. K. Tseng and K. Wu,International Society for Optical Engineering,Innovative system of high-temperature shape memory alloys,1994.0,48.5,31.5,6.91,Ni48.5Ti31.5Hf20.0 %,20.0
Z. Pu; H. K. Tseng and K. Wu,International Society for Optical Engineering,Innovative system of high-temperature shape memory alloys,1994.0,48.5,31.5,6.91,Ni48.5Ti31.5Hf20.0 %,20.0
Z. Pu; H. K. Tseng and K. Wu,International Society for Optical Engineering,Innovative system of high-temperature shape memory alloys,1994.0,48.5,31.5,6.91,Ni48.5Ti31.5Hf20.0 %,20.0
Z. Pu; H. K. Tseng and K. Wu,International Society for Optical Engineering,Innovative system of high-temperature shape memory alloys,1994.0,48.5,31.5,6.91,Ni48.5Ti31.5Hf20.0 %,20.0
Z. Pu; H. K. Tseng and K. Wu,International Society for Optical Engineering,Innovative system of high-temperature shape memory alloys,1994.0,48.5,26.5,6.91,Ni48.5Ti26.5Hf25.0 %,25.0
Z. Pu; H. K. Tseng and K. Wu,International Society for Optical Engineering,Innovative system of high-temperature shape memory alloys,1994.0,48.5,26.5,6.91,Ni48.5Ti26.5Hf25.0 %,25.0
Z. Pu; H. K. Tseng and K. Wu,International Society for Optical Engineering,Innovative system of high-temperature shape memory alloys,1994.0,48.5,26.5,6.91,Ni48.5Ti26.5Hf25.0 %,25.0
Z. Pu; H. K. Tseng and K. Wu,International Society for Optical Engineering,Innovative system of high-temperature shape memory alloys,1994.0,48.5,26.5,6.91,Ni48.5Ti26.5Hf25.0 %,25.0
Z. Pu; H. K. Tseng and K. Wu,International Society for Optical Engineering,Innovative system of high-temperature shape memory alloys,1994.0,48.5,26.5,6.91,Ni48.5Ti26.5Hf25.0 %,25.0
X. D. Han; C. CY; R. Wang; Z. Zhang; L. JKL and Y. DZ,Materials Transactions,Martensitic transformation in Ti36. 5Ni48. 5Hf15 high temperature shape memory alloy,1997.0,48.5,36.5,6.91,Ni48.5Ti36.5Hf15.0 %,15.0
G. K. Rasmussen; F. Chang; J. Zhang and T. J. Gold,US6592724B1,Method for producing NiTiHf alloy films by sputtering,2003.0,48.5,35.5,6.91,Ni48.5Ti35.5Hf16.0 %,16.0
G. K. Rasmussen; F. Chang; J. Zhang and T. J. Gold,US6592724B1,Method for producing NiTiHf alloy films by sputtering,2003.0,48.5,35.5,6.91,Ni48.5Ti35.5Hf16.0 %,16.0
G. K. Rasmussen; F. Chang; J. Zhang and T. J. Gold,US6592724B1,Method for producing NiTiHf alloy films by sputtering,2003.0,48.5,35.5,6.91,Ni48.5Ti35.5Hf16.0 %,16.0
G. K. Rasmussen; F. Chang; J. Zhang and T. J. Gold,US6592724B1,Method for producing NiTiHf alloy films by sputtering,2003.0,48.5,35.5,6.91,Ni48.5Ti35.5Hf16.0 %,16.0
G. K. Rasmussen; F. Chang; J. Zhang and T. J. Gold,US6592724B1,Method for producing NiTiHf alloy films by sputtering,2003.0,48.5,35.5,6.91,Ni48.5Ti35.5Hf16.0 %,16.0
G. K. Rasmussen; F. Chang; J. Zhang and T. J. Gold,US6592724B1,Method for producing NiTiHf alloy films by sputtering,2003.0,48.5,35.5,6.91,Ni48.5Ti35.5Hf16.0 %,16.0
G. K. Rasmussen; F. Chang; J. Zhang and T. J. Gold,US6592724B1,Method for producing NiTiHf alloy films by sputtering,2003.0,48.5,35.5,6.91,Ni48.5Ti35.5Hf16.0 %,16.0
G. K. Rasmussen; F. Chang; J. Zhang and T. J. Gold,US6592724B1,Method for producing NiTiHf alloy films by sputtering,2003.0,48.5,35.5,6.91,Ni48.5Ti35.5Hf16.0 %,16.0
G. K. Rasmussen; F. Chang; J. Zhang and T. J. Gold,US6592724B1,Method for producing NiTiHf alloy films by sputtering,2003.0,48.5,35.5,6.91,Ni48.5Ti35.5Hf16.0 %,16.0
X. D. Han; W. H. Zou; R. Wang; Z. Zhang and D. Z. Yang,Acta Materialia,Structure and substructure of martensite in a Ti36.5Ni48.5Hf15 high temperature shape memory alloy,1996.0,48.5,36.5,6.91,Ni48.5Ti36.5Hf15.0 %,15.0
X. Han; W. Zou; R. Wang; Z. Zhang; D. Yang and K. Wu,Journal de Physique IV,The martensite structure and aging precipitates of a TiNiHf high temperature shape memory alloy,1995.0,48.5,36.5,6.91,Ni48.5Ti36.5Hf15.0 %,15.0
Y. Zhu; Z. Pu; C. Li and K. Wu,International Symposium on Shape Memory Materials,The Stability of NiTi-Pd and NiTi-Hf High Temperature Shape Memory Alloys,1994.0,48.5,50.5,6.91,Ni48.5Ti50.5Hf1.0 %,1.0
Y. Zhu; Z. Pu; C. Li and K. Wu,International Symposium on Shape Memory Materials,The Stability of NiTi-Pd and NiTi-Hf High Temperature Shape Memory Alloys,1994.0,48.5,50.5,6.91,Ni48.5Ti50.5Hf1.0 %,1.0
Y. Zhu; Z. Pu; C. Li and K. Wu,International Symposium on Shape Memory Materials,The Stability of NiTi-Pd and NiTi-Hf High Temperature Shape Memory Alloys,1994.0,48.5,50.5,6.91,Ni48.5Ti50.5Hf1.0 %,1.0
Y. Zhu; Z. Pu; C. Li and K. Wu,International Symposium on Shape Memory Materials,The Stability of NiTi-Pd and NiTi-Hf High Temperature Shape Memory Alloys,1994.0,48.5,50.5,6.91,Ni48.5Ti50.5Hf1.0 %,1.0
Y. Zhu; Z. Pu; C. Li and K. Wu,International Symposium on Shape Memory Materials,The Stability of NiTi-Pd and NiTi-Hf High Temperature Shape Memory Alloys,1994.0,48.5,50.5,6.91,Ni48.5Ti50.5Hf1.0 %,1.0
Y. Zhu; Z. Pu; C. Li and K. Wu,International Symposium on Shape Memory Materials,The Stability of NiTi-Pd and NiTi-Hf High Temperature Shape Memory Alloys,1994.0,48.5,50.5,6.91,Ni48.5Ti50.5Hf1.0 %,1.0
Y. Zhu; Z. Pu; C. Li and K. Wu,International Symposium on Shape Memory Materials,The Stability of NiTi-Pd and NiTi-Hf High Temperature Shape Memory Alloys,1994.0,48.5,50.5,6.91,Ni48.5Ti50.5Hf1.0 %,1.0
Y. Zhu; Z. Pu; C. Li and K. Wu,International Symposium on Shape Memory Materials,The Stability of NiTi-Pd and NiTi-Hf High Temperature Shape Memory Alloys,1994.0,48.5,50.5,6.91,Ni48.5Ti50.5Hf1.0 %,1.0
Y. Zhu; Z. Pu; C. Li and K. Wu,International Symposium on Shape Memory Materials,The Stability of NiTi-Pd and NiTi-Hf High Temperature Shape Memory Alloys,1994.0,48.5,45.5,6.91,Ni48.5Ti45.5Hf6.0 %,6.0
Y. Zhu; Z. Pu; C. Li and K. Wu,International Symposium on Shape Memory Materials,The Stability of NiTi-Pd and NiTi-Hf High Temperature Shape Memory Alloys,1994.0,48.5,45.5,6.91,Ni48.5Ti45.5Hf6.0 %,6.0
Y. Zhu; Z. Pu; C. Li and K. Wu,International Symposium on Shape Memory Materials,The Stability of NiTi-Pd and NiTi-Hf High Temperature Shape Memory Alloys,1994.0,48.5,45.5,6.91,Ni48.5Ti45.5Hf6.0 %,6.0
Y. Zhu; Z. Pu; C. Li and K. Wu,International Symposium on Shape Memory Materials,The Stability of NiTi-Pd and NiTi-Hf High Temperature Shape Memory Alloys,1994.0,48.5,45.5,6.91,Ni48.5Ti45.5Hf6.0 %,6.0
Y. Zhu; Z. Pu; C. Li and K. Wu,International Symposium on Shape Memory Materials,The Stability of NiTi-Pd and NiTi-Hf High Temperature Shape Memory Alloys,1994.0,48.5,45.5,6.91,Ni48.5Ti45.5Hf6.0 %,6.0
Y. Zhu; Z. Pu; C. Li and K. Wu,International Symposium on Shape Memory Materials,The Stability of NiTi-Pd and NiTi-Hf High Temperature Shape Memory Alloys,1994.0,48.5,45.5,6.91,Ni48.5Ti45.5Hf6.0 %,6.0
Y. Zhu; Z. Pu; C. Li and K. Wu,International Symposium on Shape Memory Materials,The Stability of NiTi-Pd and NiTi-Hf High Temperature Shape Memory Alloys,1994.0,48.5,45.5,6.91,Ni48.5Ti45.5Hf6.0 %,6.0
Y. Zhu; Z. Pu; C. Li and K. Wu,International Symposium on Shape Memory Materials,The Stability of NiTi-Pd and NiTi-Hf High Temperature Shape Memory Alloys,1994.0,48.5,45.5,6.91,Ni48.5Ti45.5Hf6.0 %,6.0
Y. Zhu; Z. Pu; C. Li and K. Wu,International Symposium on Shape Memory Materials,The Stability of NiTi-Pd and NiTi-Hf High Temperature Shape Memory Alloys,1994.0,48.5,36.5,6.91,Ni48.5Ti36.5Hf15.0 %,15.0
Y. Zhu; Z. Pu; C. Li and K. Wu,International Symposium on Shape Memory Materials,The Stability of NiTi-Pd and NiTi-Hf High Temperature Shape Memory Alloys,1994.0,48.5,36.5,6.91,Ni48.5Ti36.5Hf15.0 %,15.0
Y. Zhu; Z. Pu; C. Li and K. Wu,International Symposium on Shape Memory Materials,The Stability of NiTi-Pd and NiTi-Hf High Temperature Shape Memory Alloys,1994.0,48.5,36.5,6.91,Ni48.5Ti36.5Hf15.0 %,15.0
Y. Zhu; Z. Pu; C. Li and K. Wu,International Symposium on Shape Memory Materials,The Stability of NiTi-Pd and NiTi-Hf High Temperature Shape Memory Alloys,1994.0,48.5,36.5,6.91,Ni48.5Ti36.5Hf15.0 %,15.0
Y. Zhu; Z. Pu; C. Li and K. Wu,International Symposium on Shape Memory Materials,The Stability of NiTi-Pd and NiTi-Hf High Temperature Shape Memory Alloys,1994.0,48.5,36.5,6.91,Ni48.5Ti36.5Hf15.0 %,15.0
Y. Zhu; Z. Pu; C. Li and K. Wu,International Symposium on Shape Memory Materials,The Stability of NiTi-Pd and NiTi-Hf High Temperature Shape Memory Alloys,1994.0,48.5,36.5,6.91,Ni48.5Ti36.5Hf15.0 %,15.0
Y. Zhu; Z. Pu; C. Li and K. Wu,International Symposium on Shape Memory Materials,The Stability of NiTi-Pd and NiTi-Hf High Temperature Shape Memory Alloys,1994.0,48.5,36.5,6.91,Ni48.5Ti36.5Hf15.0 %,15.0
Y. Zhu; Z. Pu; C. Li and K. Wu,International Symposium on Shape Memory Materials,The Stability of NiTi-Pd and NiTi-Hf High Temperature Shape Memory Alloys,1994.0,48.5,31.5,6.91,Ni48.5Ti31.5Hf20.0 %,20.0
Y. Zhu; Z. Pu; C. Li and K. Wu,International Symposium on Shape Memory Materials,The Stability of NiTi-Pd and NiTi-Hf High Temperature Shape Memory Alloys,1994.0,48.5,31.5,6.91,Ni48.5Ti31.5Hf20.0 %,20.0
Y. Zhu; Z. Pu; C. Li and K. Wu,International Symposium on Shape Memory Materials,The Stability of NiTi-Pd and NiTi-Hf High Temperature Shape Memory Alloys,1994.0,48.5,31.5,6.91,Ni48.5Ti31.5Hf20.0 %,20.0
Y. Zhu; Z. Pu; C. Li and K. Wu,International Symposium on Shape Memory Materials,The Stability of NiTi-Pd and NiTi-Hf High Temperature Shape Memory Alloys,1994.0,48.5,31.5,6.91,Ni48.5Ti31.5Hf20.0 %,20.0
Y. Zhu; Z. Pu; C. Li and K. Wu,International Symposium on Shape Memory Materials,The Stability of NiTi-Pd and NiTi-Hf High Temperature Shape Memory Alloys,1994.0,48.5,31.5,6.91,Ni48.5Ti31.5Hf20.0 %,20.0
Y. Zhu; Z. Pu; C. Li and K. Wu,International Symposium on Shape Memory Materials,The Stability of NiTi-Pd and NiTi-Hf High Temperature Shape Memory Alloys,1994.0,48.5,31.5,6.91,Ni48.5Ti31.5Hf20.0 %,20.0
Y. Zhu; Z. Pu; C. Li and K. Wu,International Symposium on Shape Memory Materials,The Stability of NiTi-Pd and NiTi-Hf High Temperature Shape Memory Alloys,1994.0,48.5,31.5,6.91,Ni48.5Ti31.5Hf20.0 %,20.0
Y. Zhu; Z. Pu; C. Li and K. Wu,International Symposium on Shape Memory Materials,The Stability of NiTi-Pd and NiTi-Hf High Temperature Shape Memory Alloys,1994.0,48.5,31.5,6.91,Ni48.5Ti31.5Hf20.0 %,20.0
Y. Zhu; Z. Pu; C. Li and K. Wu,International Symposium on Shape Memory Materials,The Stability of NiTi-Pd and NiTi-Hf High Temperature Shape Memory Alloys,1994.0,48.5,26.5,6.91,Ni48.5Ti26.5Hf25.0 %,25.0
Y. Zhu; Z. Pu; C. Li and K. Wu,International Symposium on Shape Memory Materials,The Stability of NiTi-Pd and NiTi-Hf High Temperature Shape Memory Alloys,1994.0,48.5,26.5,6.91,Ni48.5Ti26.5Hf25.0 %,25.0
Y. Zhu; Z. Pu; C. Li and K. Wu,International Symposium on Shape Memory Materials,The Stability of NiTi-Pd and NiTi-Hf High Temperature Shape Memory Alloys,1994.0,48.5,26.5,6.91,Ni48.5Ti26.5Hf25.0 %,25.0
Y. Zhu; Z. Pu; C. Li and K. Wu,International Symposium on Shape Memory Materials,The Stability of NiTi-Pd and NiTi-Hf High Temperature Shape Memory Alloys,1994.0,48.5,26.5,6.91,Ni48.5Ti26.5Hf25.0 %,25.0
Y. Zhu; Z. Pu; C. Li and K. Wu,International Symposium on Shape Memory Materials,The Stability of NiTi-Pd and NiTi-Hf High Temperature Shape Memory Alloys,1994.0,48.5,26.5,6.91,Ni48.5Ti26.5Hf25.0 %,25.0
Y. Zhu; Z. Pu; C. Li and K. Wu,International Symposium on Shape Memory Materials,The Stability of NiTi-Pd and NiTi-Hf High Temperature Shape Memory Alloys,1994.0,48.5,26.5,6.91,Ni48.5Ti26.5Hf25.0 %,25.0
Y. Zhu; Z. Pu; C. Li and K. Wu,International Symposium on Shape Memory Materials,The Stability of NiTi-Pd and NiTi-Hf High Temperature Shape Memory Alloys,1994.0,48.5,26.5,6.91,Ni48.5Ti26.5Hf25.0 %,25.0
Y. Zhu; Z. Pu; C. Li and K. Wu,International Symposium on Shape Memory Materials,The Stability of NiTi-Pd and NiTi-Hf High Temperature Shape Memory Alloys,1994.0,48.5,26.5,6.91,Ni48.5Ti26.5Hf25.0 %,25.0
Y. Zhu; Z. Pu; C. Li and K. Wu,International Symposium on Shape Memory Materials,The Stability of NiTi-Pd and NiTi-Hf High Temperature Shape Memory Alloys,1994.0,48.5,21.5,6.91,Ni48.5Ti21.5Hf30.0 %,30.0
Y. Zhu; Z. Pu; C. Li and K. Wu,International Symposium on Shape Memory Materials,The Stability of NiTi-Pd and NiTi-Hf High Temperature Shape Memory Alloys,1994.0,48.5,21.5,6.91,Ni48.5Ti21.5Hf30.0 %,30.0
Y. Zhu; Z. Pu; C. Li and K. Wu,International Symposium on Shape Memory Materials,The Stability of NiTi-Pd and NiTi-Hf High Temperature Shape Memory Alloys,1994.0,48.5,21.5,6.91,Ni48.5Ti21.5Hf30.0 %,30.0
Y. Zhu; Z. Pu; C. Li and K. Wu,International Symposium on Shape Memory Materials,The Stability of NiTi-Pd and NiTi-Hf High Temperature Shape Memory Alloys,1994.0,48.5,21.5,6.91,Ni48.5Ti21.5Hf30.0 %,30.0
Y. Zhu; Z. Pu; C. Li and K. Wu,International Symposium on Shape Memory Materials,The Stability of NiTi-Pd and NiTi-Hf High Temperature Shape Memory Alloys,1994.0,48.5,21.5,6.91,Ni48.5Ti21.5Hf30.0 %,30.0
Y. Zhu; Z. Pu; C. Li and K. Wu,International Symposium on Shape Memory Materials,The Stability of NiTi-Pd and NiTi-Hf High Temperature Shape Memory Alloys,1994.0,48.5,21.5,6.91,Ni48.5Ti21.5Hf30.0 %,30.0
Y. Zhu; Z. Pu; C. Li and K. Wu,International Symposium on Shape Memory Materials,The Stability of NiTi-Pd and NiTi-Hf High Temperature Shape Memory Alloys,1994.0,48.5,21.5,6.91,Ni48.5Ti21.5Hf30.0 %,30.0
Y. Zhu; Z. Pu; C. Li and K. Wu,International Symposium on Shape Memory Materials,The Stability of NiTi-Pd and NiTi-Hf High Temperature Shape Memory Alloys,1994.0,48.5,21.5,6.91,Ni48.5Ti21.5Hf30.0 %,30.0
Y. Zhu; Z. Pu; C. Li and K. Wu,International Symposium on Shape Memory Materials,The Stability of NiTi-Pd and NiTi-Hf High Temperature Shape Memory Alloys,1994.0,48.5,21.5,6.91,Ni48.5Ti21.5Hf30.0 %,30.0
Y. Zhu; Z. Pu; C. Li and K. Wu,International Symposium on Shape Memory Materials,The Stability of NiTi-Pd and NiTi-Hf High Temperature Shape Memory Alloys,1994.0,48.5,21.5,6.91,Ni48.5Ti21.5Hf30.0 %,30.0
Y. Zhu; Z. Pu; C. Li and K. Wu,International Symposium on Shape Memory Materials,The Stability of NiTi-Pd and NiTi-Hf High Temperature Shape Memory Alloys,1994.0,48.5,21.5,6.91,Ni48.5Ti21.5Hf30.0 %,30.0
Y. Zhu; Z. Pu; C. Li and K. Wu,International Symposium on Shape Memory Materials,The Stability of NiTi-Pd and NiTi-Hf High Temperature Shape Memory Alloys,1994.0,48.5,21.5,6.91,Ni48.5Ti21.5Hf30.0 %,30.0
Y. Zhu; Z. Pu; C. Li and K. Wu,International Symposium on Shape Memory Materials,The Stability of NiTi-Pd and NiTi-Hf High Temperature Shape Memory Alloys,1994.0,48.5,21.5,6.91,Ni48.5Ti21.5Hf30.0 %,30.0
Y. Zhu; Z. Pu; C. Li and K. Wu,International Symposium on Shape Memory Materials,The Stability of NiTi-Pd and NiTi-Hf High Temperature Shape Memory Alloys,1994.0,48.5,21.5,6.91,Ni48.5Ti21.5Hf30.0 %,30.0
Y. Zhu; Z. Pu; C. Li and K. Wu,International Symposium on Shape Memory Materials,The Stability of NiTi-Pd and NiTi-Hf High Temperature Shape Memory Alloys,1994.0,48.5,21.5,6.91,Ni48.5Ti21.5Hf30.0 %,30.0
S. Han; W. Zou; S. Jin; Z. Zhang and D. Yang,Scripta Metallurgica et Materialia,The studies of the martensite transformations in a Ti36.5Ni48.5Hf15 alloy,1995.0,48.5,36.5,6.91,Ni48.5Ti36.5Hf15.0 %,15.0
X. D. Han; Z. Zhang and T. Li,International Symposium on Shape Memory Materials,The studies of the microstructure and the martensite transformations in a Ti36.5Ni48.5Hf15 alloy,1994.0,48.5,36.5,6.91,Ni48.5Ti36.5Hf15.0 %,15.0
Q. Wei; X. D. Han and Z. Zhang,Materials Letters,The substructures of martensite in a TiNiHf10 high temperature shape memory alloy,2006.0,48.5,41.5,6.91,Ni48.5Ti41.5Hf10.0 %,10.0
Y. Motemani; P. J. McCluskey; C. Zhao; M. J. Tan and J. J. Vlassak,Acta Materialia,Analysis of Ti–Ni–Hf shape memory alloys by combinatorial nanocalorimetry,2011.0,48.7,37.7,6.922,Ni48.7Ti37.7Hf13.6 %,13.6
J. H. Mulder; J. Beyer; P. Donner and J. Peterseim,Shape Memory and Superelastic Technologies,On the High Temperature Shape Memory Capabilities of Ni-(TiZr) and Ni-(TiHf) Alloys,1994.0,48.7,36.8,6.922,Ni48.7Ti36.8Hf14.5 %,14.5
H. D. Gu; K. M. Leung and C. Y. Chung,Journal of Vacuum Science & Technology A ,Growth of high-temperature NiTi1−xHfxNiTi1−xHfx shape memory alloy thin films by laser ablation of composite targets,1998.0,48.8,33.7,6.928,Ni48.8Ti33.7Hf17.5 %,17.5
K. H. Wu; Z. Pu; H. Tseng and F. S. Biancaniello,Shape Memory and Superelastic Technologies,The Shape Memory Effect of the NiTi-Hf High Temperature Shape Memory Alloy,1995.0,48.8,50.1,6.928,Ni48.8Ti50.1Hf1.1 %,1.1
K. H. Wu; Z. Pu; H. Tseng and F. S. Biancaniello,Shape Memory and Superelastic Technologies,The Shape Memory Effect of the NiTi-Hf High Temperature Shape Memory Alloy,1995.0,48.8,50.1,6.928,Ni48.8Ti50.1Hf1.1 %,1.1
M. Belbasi; M. T. Salehi; S. A. A. A. Mousavi and S. M. Ebrahimi,Materials Science and Engineering: A,A study on the mechanical behavior and microstructure of NiTiHf shape memory alloy under hot deformation,2013.0,49.0,36.0,6.94,Ni49.0Ti36.0Hf15.0 %,15.0
K. M. Kim; J. K. Hong; C. H. Park and J.-T. Yeom,Journal of Nanoscience and Nanotechnology,Comparative Study of the Thermocyclic Behavior of Ti–Ni–Hf and Ti–Ni–Hf–Ta Shape Memory Alloys,2016.0,49.0,36.0,6.94,Ni49.0Ti36.0Hf15.0 %,15.0
K. M. Kim; J. K. Hong; C. H. Park and J.-T. Yeom,Journal of Nanoscience and Nanotechnology,Comparative Study of the Thermocyclic Behavior of Ti–Ni–Hf and Ti–Ni–Hf–Ta Shape Memory Alloys,2016.0,49.0,36.0,6.94,Ni49.0Ti36.0Hf15.0 %,15.0
K. M. Kim; J. K. Hong; C. H. Park and J.-T. Yeom,Journal of Nanoscience and Nanotechnology,Comparative Study of the Thermocyclic Behavior of Ti–Ni–Hf and Ti–Ni–Hf–Ta Shape Memory Alloys,2016.0,49.0,36.0,6.94,Ni49.0Ti36.0Hf15.0 %,15.0
K. M. Kim; J. K. Hong; C. H. Park and J.-T. Yeom,Journal of Nanoscience and Nanotechnology,Comparative Study of the Thermocyclic Behavior of Ti–Ni–Hf and Ti–Ni–Hf–Ta Shape Memory Alloys,2016.0,49.0,36.0,6.94,Ni49.0Ti36.0Hf15.0 %,15.0
K. M. Kim; J. K. Hong; C. H. Park and J.-T. Yeom,Journal of Nanoscience and Nanotechnology,Comparative Study of the Thermocyclic Behavior of Ti–Ni–Hf and Ti–Ni–Hf–Ta Shape Memory Alloys,2016.0,49.0,36.0,6.94,Ni49.0Ti36.0Hf15.0 %,15.0
K. M. Kim; J. K. Hong; C. H. Park and J.-T. Yeom,Journal of Nanoscience and Nanotechnology,Comparative Study of the Thermocyclic Behavior of Ti–Ni–Hf and Ti–Ni–Hf–Ta Shape Memory Alloys,2016.0,49.0,36.0,6.94,Ni49.0Ti36.0Hf15.0 %,15.0
K. M. Kim; J. K. Hong; C. H. Park and J.-T. Yeom,Journal of Nanoscience and Nanotechnology,Comparative Study of the Thermocyclic Behavior of Ti–Ni–Hf and Ti–Ni–Hf–Ta Shape Memory Alloys,2016.0,49.0,36.0,6.94,Ni49.0Ti36.0Hf15.0 %,15.0
K. M. Kim; J. K. Hong; C. H. Park and J.-T. Yeom,Journal of Nanoscience and Nanotechnology,Comparative Study of the Thermocyclic Behavior of Ti–Ni–Hf and Ti–Ni–Hf–Ta Shape Memory Alloys,2016.0,49.0,36.0,6.94,Ni49.0Ti36.0Hf15.0 %,15.0
M. Moshref-Javadi; M. Belbasi; M. T. Salehi and M. R. Afshar,Journal of Materials Engineering and Performance,Effect of Aging on the Microstructure and Shape Memory Effect of a Hot-Rolled NiTiHf Alloy,2011.0,49.0,36.0,6.94,Ni49.0Ti36.0Hf15.0 %,15.0
M. Moshref-Javadi; M. Belbasi; M. T. Salehi and M. R. Afshar,Journal of Materials Engineering and Performance,Effect of Aging on the Microstructure and Shape Memory Effect of a Hot-Rolled NiTiHf Alloy,2011.0,49.0,36.0,6.94,Ni49.0Ti36.0Hf15.0 %,15.0
X. L. Meng; Y. F. Zheng; Z. Wang and L. C. Zhao,Scripta Materialia,Effect of aging on the phase transformation and mechanical behavior of Ti36Ni49Hf15 high temperature shape memory alloy,2000.0,49.0,36.0,6.94,Ni49.0Ti36.0Hf15.0 %,15.0
X. L. Meng; Y. F. Zheng; Z. Wang and L. C. Zhao,Scripta Materialia,Effect of aging on the phase transformation and mechanical behavior of Ti36Ni49Hf15 high temperature shape memory alloy,2000.0,49.0,36.0,6.94,Ni49.0Ti36.0Hf15.0 %,15.0
X. L. Meng; Y. F. Zheng; Z. Wang and L. C. Zhao,Scripta Materialia,Effect of aging on the phase transformation and mechanical behavior of Ti36Ni49Hf15 high temperature shape memory alloy,2000.0,49.0,36.0,6.94,Ni49.0Ti36.0Hf15.0 %,15.0
X. L. Meng; Y. F. Zheng; Z. Wang and L. C. Zhao,Scripta Materialia,Effect of aging on the phase transformation and mechanical behavior of Ti36Ni49Hf15 high temperature shape memory alloy,2000.0,49.0,36.0,6.94,Ni49.0Ti36.0Hf15.0 %,15.0
X. L. Meng; Y. F. Zheng; Z. Wang and L. C. Zhao,Scripta Materialia,Effect of aging on the phase transformation and mechanical behavior of Ti36Ni49Hf15 high temperature shape memory alloy,2000.0,49.0,36.0,6.94,Ni49.0Ti36.0Hf15.0 %,15.0
X. L. Meng; Y. F. Zheng; Z. Wang and L. C. Zhao,Scripta Materialia,Effect of aging on the phase transformation and mechanical behavior of Ti36Ni49Hf15 high temperature shape memory alloy,2000.0,49.0,36.0,6.94,Ni49.0Ti36.0Hf15.0 %,15.0
X. L. Meng; Y. F. Zheng; Z. Wang and L. C. Zhao,Scripta Materialia,Effect of aging on the phase transformation and mechanical behavior of Ti36Ni49Hf15 high temperature shape memory alloy,2000.0,49.0,36.0,6.94,Ni49.0Ti36.0Hf15.0 %,15.0
X. L. Meng; Y. F. Zheng; Z. Wang and L. C. Zhao,Scripta Materialia,Effect of aging on the phase transformation and mechanical behavior of Ti36Ni49Hf15 high temperature shape memory alloy,2000.0,49.0,36.0,6.94,Ni49.0Ti36.0Hf15.0 %,15.0
X. L. Meng; Y. F. Zheng; Z. Wang and L. C. Zhao,Scripta Materialia,Effect of aging on the phase transformation and mechanical behavior of Ti36Ni49Hf15 high temperature shape memory alloy,2000.0,49.0,36.0,6.94,Ni49.0Ti36.0Hf15.0 %,15.0
X. L. Meng; Y. F. Zheng; Z. Wang and L. C. Zhao,Scripta Materialia,Effect of aging on the phase transformation and mechanical behavior of Ti36Ni49Hf15 high temperature shape memory alloy,2000.0,49.0,36.0,6.94,Ni49.0Ti36.0Hf15.0 %,15.0
X. L. Meng; Y. F. Zheng; Z. Wang and L. C. Zhao,Scripta Materialia,Effect of aging on the phase transformation and mechanical behavior of Ti36Ni49Hf15 high temperature shape memory alloy,2000.0,49.0,36.0,6.94,Ni49.0Ti36.0Hf15.0 %,15.0
X. L. Meng; Y. F. Zheng; Z. Wang and L. C. Zhao,Scripta Materialia,Effect of aging on the phase transformation and mechanical behavior of Ti36Ni49Hf15 high temperature shape memory alloy,2000.0,49.0,36.0,6.94,Ni49.0Ti36.0Hf15.0 %,15.0
X. L. Meng; Y. F. Zheng; Z. Wang and L. C. Zhao,Scripta Materialia,Effect of aging on the phase transformation and mechanical behavior of Ti36Ni49Hf15 high temperature shape memory alloy,2000.0,49.0,36.0,6.94,Ni49.0Ti36.0Hf15.0 %,15.0
X. L. Meng; Y. F. Zheng; Z. Wang and L. C. Zhao,Scripta Materialia,Effect of aging on the phase transformation and mechanical behavior of Ti36Ni49Hf15 high temperature shape memory alloy,2000.0,49.0,36.0,6.94,Ni49.0Ti36.0Hf15.0 %,15.0
P. E. Thoma and J. J. Boehm,Materials Science and Engineering: A,Effect of composition on the amount of second phase and transformation temperatures of NixTi90−xHf10 shape memory alloys,1999.0,49.0,41.0,6.94,Ni49.0Ti41.0Hf10.0 %,10.0
X. L. Meng; Y. X. Tong; K. T. Lau; W. Cai; L. M. Zhou and L. C. Zhao,Materials Letters,Effect of Cu addition on phase transformation of Ti–Ni–Hf high-temperature shape memory alloys,2002.0,49.0,36.0,6.94,Ni49.0Ti36.0Hf15.0 %,15.0
X. L. Meng; Y. X. Tong; K. T. Lau; W. Cai; L. M. Zhou and L. C. Zhao,Materials Letters,Effect of Cu addition on phase transformation of Ti–Ni–Hf high-temperature shape memory alloys,2002.0,49.0,36.0,6.94,Ni49.0Ti36.0Hf15.0 %,15.0
X. L. Meng; Y. X. Tong; K. T. Lau; W. Cai; L. M. Zhou and L. C. Zhao,Materials Letters,Effect of Cu addition on phase transformation of Ti–Ni–Hf high-temperature shape memory alloys,2002.0,49.0,36.0,6.94,Ni49.0Ti36.0Hf15.0 %,15.0
X. L. Meng; Y. X. Tong; K. T. Lau; W. Cai; L. M. Zhou and L. C. Zhao,Materials Letters,Effect of Cu addition on phase transformation of Ti–Ni–Hf high-temperature shape memory alloys,2002.0,49.0,36.0,6.94,Ni49.0Ti36.0Hf15.0 %,15.0
X. L. Meng; Y. X. Tong; K. T. Lau; W. Cai; L. M. Zhou and L. C. Zhao,Materials Letters,Effect of Cu addition on phase transformation of Ti–Ni–Hf high-temperature shape memory alloys,2002.0,49.0,36.0,6.94,Ni49.0Ti36.0Hf15.0 %,15.0
X. L. Meng; Y. X. Tong; K. T. Lau; W. Cai; L. M. Zhou and L. C. Zhao,Materials Letters,Effect of Cu addition on phase transformation of Ti–Ni–Hf high-temperature shape memory alloys,2002.0,49.0,36.0,6.94,Ni49.0Ti36.0Hf15.0 %,15.0
J. H. Kim; K. M. Kim; J. T. Yeom and S. Young,Metals and Materials International,Effect of yttrium on martensite-austenite phase transformation temperatures and high temperature oxidation kinetics of Ti-Ni-Hf high-temperature shape memory alloys,2016.0,49.0,41.0,6.94,Ni49.0Ti41.0Hf10.0 %,10.0
S. M. Russell and F. Sczerzenie,Materials Research Society,Engineering Considerations in the Application of NiTiHf and NiAI as Practical High-Temperature Shape Memory Alloys,1994.0,49.0,39.0,6.94,Ni49.0Ti39.0Hf12.0 %,12.0
S. M. Russell and F. Sczerzenie,Materials Research Society,Engineering Considerations in the Application of NiTiHf and NiAI as Practical High-Temperature Shape Memory Alloys,1994.0,49.0,36.0,6.94,Ni49.0Ti36.0Hf15.0 %,15.0
M. Moshref-Javadi; M. Belbasi; S. H. Seyedein and M. T. Salehi,Journal of Materials Science and Technology,Fabrication of (Ti;Hf)-rich NiTiHf Alloy Using Graphitic Mold and Crucible,2014.0,49.0,36.0,6.94,Ni49.0Ti36.0Hf15.0 %,15.0
X. Yi; G. Wen; K. Sun; W. Gao; H. Wang; B. Sun; X. Meng; W. Cai and L. Zhao,Journal of Alloys and Compounds,Fabrication; characterization and potential application of larger bulk Ti-Ni-Hf high temperature shape memory alloy composite reinforced by hybrid particles,2018.0,49.0,36.0,6.94,Ni49.0Ti36.0Hf15.0 %,15.0
M. Moshref-Javadi; M. Belbasi; S. Seyedein and M. Salehi,,Heat Treatment of a (Ti; Hf)-Rich NiTiHf High Temperature Shape Memory Alloy,2011.0,49.0,36.0,6.94,Ni49.0Ti36.0Hf15.0 %,15.0
M. Moshref-Javadi; M. Belbasi; S. Seyedein and M. Salehi,,Heat Treatment of a (Ti; Hf)-Rich NiTiHf High Temperature Shape Memory Alloy,2011.0,49.0,36.0,6.94,Ni49.0Ti36.0Hf15.0 %,15.0
K. M. Kim; J. T. Yeom; H.-S. Lee; S.-Y. Yoon and J. H. Kim,Thermochimica Acta,High temperature oxidation behavior of Ti–Ni–Hf shape memory alloy,2014.0,49.0,39.0,6.94,Ni49.0Ti39.0Hf12.0 %,12.0
S. M. Tuominen,Shape Memory and Superelastic Technologies,High Transformation Temperature Ni-Ti-Hf Alloys,1994.0,49.0,41.0,6.94,Ni49.0Ti41.0Hf10.0 %,10.0
S. M. Tuominen,Shape Memory and Superelastic Technologies,High Transformation Temperature Ni-Ti-Hf Alloys,1994.0,49.0,41.0,6.94,Ni49.0Ti41.0Hf10.0 %,10.0
S. M. Tuominen,Shape Memory and Superelastic Technologies,High Transformation Temperature Ni-Ti-Hf Alloys,1994.0,49.0,41.0,6.94,Ni49.0Ti41.0Hf10.0 %,10.0
D. N. Abujudom; M. Y. Kao; P. E. Thoma and D. R. Angst,US5114504,High transformation temperature shape memory alloy,1992.0,49.0,50.0,6.94,Ni49.0Ti50.0Hf1.0 %,1.0
D. N. Abujudom; M. Y. Kao; P. E. Thoma and D. R. Angst,US5114504,High transformation temperature shape memory alloy,1992.0,49.0,49.5,6.94,Ni49.0Ti49.5Hf1.5 %,1.5
D. N. Abujudom; M. Y. Kao; P. E. Thoma and D. R. Angst,US5114504,High transformation temperature shape memory alloy,1992.0,49.0,48.0,6.94,Ni49.0Ti48.0Hf3.0 %,3.0
D. N. Abujudom; M. Y. Kao; P. E. Thoma and D. R. Angst,US5114504,High transformation temperature shape memory alloy,1992.0,49.0,46.0,6.94,Ni49.0Ti46.0Hf5.0 %,5.0
D. N. Abujudom; M. Y. Kao; P. E. Thoma and D. R. Angst,US5114504,High transformation temperature shape memory alloy,1992.0,49.0,43.0,6.94,Ni49.0Ti43.0Hf8.0 %,8.0
D. N. Abujudom; M. Y. Kao; P. E. Thoma and D. R. Angst,US5114504,High transformation temperature shape memory alloy,1992.0,49.0,41.0,6.94,Ni49.0Ti41.0Hf10.0 %,10.0
D. N. Abujudom; M. Y. Kao; P. E. Thoma and D. R. Angst,US5114504,High transformation temperature shape memory alloy,1992.0,49.0,41.0,6.94,Ni49.0Ti41.0Hf10.0 %,10.0
D. N. Abujudom; M. Y. Kao; P. E. Thoma and D. R. Angst,US5114504,High transformation temperature shape memory alloy,1992.0,49.0,40.0,6.94,Ni49.0Ti40.0Hf11.0 %,11.0
D. N. Abujudom; M. Y. Kao; P. E. Thoma and D. R. Angst,US5114504,High transformation temperature shape memory alloy,1992.0,49.0,36.0,6.94,Ni49.0Ti36.0Hf15.0 %,15.0
D. N. Abujudom; M. Y. Kao; P. E. Thoma and D. R. Angst,US5114504,High transformation temperature shape memory alloy,1992.0,49.0,31.0,6.94,Ni49.0Ti31.0Hf20.0 %,20.0
D. N. Abujudom; M. Y. Kao; P. E. Thoma and D. R. Angst,US5114504,High transformation temperature shape memory alloy,1992.0,49.0,26.0,6.94,Ni49.0Ti26.0Hf25.0 %,25.0
D. N. Abujudom; M. Y. Kao; P. E. Thoma and D. R. Angst,US5114504,High transformation temperature shape memory alloy,1992.0,49.0,21.0,6.94,Ni49.0Ti21.0Hf30.0 %,30.0
Y. F. Zheng; W. Cai; J. X. Zhang; Y. Q. Wang; L. C. Zhao and H. Q. Ye,Materials Letters,High-resolution electron microscopy study on the substructure of Ti–Ni–Hf B19′ Martensite,1998.0,49.0,36.0,6.94,Ni49.0Ti36.0Hf15.0 %,15.0
G. S. Firstov; J. Van Humbeeck and Y. N. Koval,Materials Science and Engineering: A,High-temperature shape memory alloys,2004.0,49.0,36.3,6.94,Ni49.0Ti36.3Hf14.7 %,14.7
M. Belbasi; M. T. Salehi and S. A. A. A. Mousavi,Journal of Materials Engineering and Performance,Hot Deformation Behavior of NiTiHf Shape Memory Alloy Under Hot Compression Test,2012.0,49.0,36.0,6.94,Ni49.0Ti36.0Hf15.0 %,15.0
M. Belbasi; M. T. Salehi and S. A. A. A. Mousavi,Journal of Materials Engineering and Performance,Hot Deformation Behavior of NiTiHf Shape Memory Alloy Under Hot Compression Test,2012.0,49.0,36.0,6.94,Ni49.0Ti36.0Hf15.0 %,15.0
M. Belbasi; M. T. Salehi and S. A. A. A. Mousavi,Journal of Materials Engineering and Performance,Hot Deformation Behavior of NiTiHf Shape Memory Alloy Under Hot Compression Test,2012.0,49.0,36.0,6.94,Ni49.0Ti36.0Hf15.0 %,15.0
M. Belbasi; M. T. Salehi and S. A. A. A. Mousavi,Journal of Materials Engineering and Performance,Hot Deformation Behavior of NiTiHf Shape Memory Alloy Under Hot Compression Test,2012.0,49.0,36.0,6.94,Ni49.0Ti36.0Hf15.0 %,15.0
M. Belbasi; M. T. Salehi and S. A. A. A. Mousavi,Journal of Materials Engineering and Performance,Hot Deformation Behavior of NiTiHf Shape Memory Alloy Under Hot Compression Test,2012.0,49.0,36.0,6.94,Ni49.0Ti36.0Hf15.0 %,15.0
M. Belbasi; M. T. Salehi and S. A. A. A. Mousavi,Journal of Materials Engineering and Performance,Hot Deformation Behavior of NiTiHf Shape Memory Alloy Under Hot Compression Test,2012.0,49.0,36.0,6.94,Ni49.0Ti36.0Hf15.0 %,15.0
M. Belbasi; M. T. Salehi and S. A. A. A. Mousavi,Journal of Materials Engineering and Performance,Hot Deformation Behavior of NiTiHf Shape Memory Alloy Under Hot Compression Test,2012.0,49.0,36.0,6.94,Ni49.0Ti36.0Hf15.0 %,15.0
M. Belbasi; M. T. Salehi and S. A. A. A. Mousavi,Journal of Materials Engineering and Performance,Hot Deformation Behavior of NiTiHf Shape Memory Alloy Under Hot Compression Test,2012.0,49.0,36.0,6.94,Ni49.0Ti36.0Hf15.0 %,15.0
M. Belbasi; M. T. Salehi and S. A. A. A. Mousavi,Journal of Materials Engineering and Performance,Hot Deformation Behavior of NiTiHf Shape Memory Alloy Under Hot Compression Test,2012.0,49.0,36.0,6.94,Ni49.0Ti36.0Hf15.0 %,15.0
M. Belbasi; M. T. Salehi and S. A. A. A. Mousavi,Journal of Materials Engineering and Performance,Hot Deformation Behavior of NiTiHf Shape Memory Alloy Under Hot Compression Test,2012.0,49.0,36.0,6.94,Ni49.0Ti36.0Hf15.0 %,15.0
M. Belbasi; M. T. Salehi and S. A. A. A. Mousavi,Journal of Materials Engineering and Performance,Hot Deformation Behavior of NiTiHf Shape Memory Alloy Under Hot Compression Test,2012.0,49.0,36.0,6.94,Ni49.0Ti36.0Hf15.0 %,15.0
M. Belbasi; M. T. Salehi and S. A. A. A. Mousavi,Journal of Materials Engineering and Performance,Hot Deformation Behavior of NiTiHf Shape Memory Alloy Under Hot Compression Test,2012.0,49.0,36.0,6.94,Ni49.0Ti36.0Hf15.0 %,15.0
M. Belbasi; M. T. Salehi and S. A. A. A. Mousavi,Journal of Materials Engineering and Performance,Hot Deformation Behavior of NiTiHf Shape Memory Alloy Under Hot Compression Test,2012.0,49.0,36.0,6.94,Ni49.0Ti36.0Hf15.0 %,15.0
M. Belbasi; M. T. Salehi and S. A. A. A. Mousavi,Journal of Materials Engineering and Performance,Hot Deformation Behavior of NiTiHf Shape Memory Alloy Under Hot Compression Test,2012.0,49.0,36.0,6.94,Ni49.0Ti36.0Hf15.0 %,15.0
M. Belbasi; M. T. Salehi and S. A. A. A. Mousavi,Journal of Materials Engineering and Performance,Hot Deformation Behavior of NiTiHf Shape Memory Alloy Under Hot Compression Test,2012.0,49.0,36.0,6.94,Ni49.0Ti36.0Hf15.0 %,15.0
M. Belbasi; M. T. Salehi and S. A. A. A. Mousavi,Journal of Materials Engineering and Performance,Hot Deformation Behavior of NiTiHf Shape Memory Alloy Under Hot Compression Test,2012.0,49.0,36.0,6.94,Ni49.0Ti36.0Hf15.0 %,15.0
M. Belbasi; M. T. Salehi and S. H. Seyedin,Materials & Design,Hot tensile property and fracture behavior of as-cast Ni49Ti36Hf15 shape memory alloy produced by vacuum induction melting,2013.0,49.0,36.0,6.94,Ni49.0Ti36.0Hf15.0 %,15.0
Y. F. Zheng; L. C. Zhao and H. Q. Ye,Scripta Materialia,HREM Study on the Intervariant Structure of Ti-Ni-Hf B19′ Martensite,1998.0,49.0,36.0,6.94,Ni49.0Ti36.0Hf15.0 %,15.0
M. Liu; X. M. Zhang; L. Liu; Y. Y. Li and A. V. Shelyakov,Journal of Materials Science Letters,In situ TEM observations of martensite-austenite transformations in a Ni49Ti36Hf15 high temperature shape memory alloy,2000.0,49.0,36.0,6.94,Ni49.0Ti36.0Hf15.0 %,15.0
M. Belbasi and M. T. Salehi,Journal of Materials Engineering and Performance,Influence of Chemical Composition and Melting Process on Hot Rolling of NiTiHf Shape Memory Alloy,2014.0,49.0,36.0,6.94,Ni49.0Ti36.0Hf15.0 %,15.0
C. Zhang and R. H. Zee,International Conference of Displacive Phase Transformations and their Applications in Materials Engineering,Influence of thermo-mechanical processing of martensitic transformation of NiTi and NiTiHf shape memory alloys,1996.0,49.0,50.0,6.94,Ni49.0Ti50.0Hf1.0 %,1.0
C. Zhang and R. H. Zee,International Conference of Displacive Phase Transformations and their Applications in Materials Engineering,Influence of thermo-mechanical processing of martensitic transformation of NiTi and NiTiHf shape memory alloys,1996.0,49.0,50.0,6.94,Ni49.0Ti50.0Hf1.0 %,1.0
C. Zhang and R. H. Zee,International Conference of Displacive Phase Transformations and their Applications in Materials Engineering,Influence of thermo-mechanical processing of martensitic transformation of NiTi and NiTiHf shape memory alloys,1996.0,49.0,50.0,6.94,Ni49.0Ti50.0Hf1.0 %,1.0
C. Zhang and R. H. Zee,International Conference of Displacive Phase Transformations and their Applications in Materials Engineering,Influence of thermo-mechanical processing of martensitic transformation of NiTi and NiTiHf shape memory alloys,1996.0,49.0,50.0,6.94,Ni49.0Ti50.0Hf1.0 %,1.0
C. Zhang and R. H. Zee,International Conference of Displacive Phase Transformations and their Applications in Materials Engineering,Influence of thermo-mechanical processing of martensitic transformation of NiTi and NiTiHf shape memory alloys,1996.0,49.0,50.0,6.94,Ni49.0Ti50.0Hf1.0 %,1.0
C. Zhang and R. H. Zee,International Conference of Displacive Phase Transformations and their Applications in Materials Engineering,Influence of thermo-mechanical processing of martensitic transformation of NiTi and NiTiHf shape memory alloys,1996.0,49.0,50.0,6.94,Ni49.0Ti50.0Hf1.0 %,1.0
C. Zhang and R. H. Zee,International Conference of Displacive Phase Transformations and their Applications in Materials Engineering,Influence of thermo-mechanical processing of martensitic transformation of NiTi and NiTiHf shape memory alloys,1996.0,49.0,50.0,6.94,Ni49.0Ti50.0Hf1.0 %,1.0
C. Zhang and R. H. Zee,International Conference of Displacive Phase Transformations and their Applications in Materials Engineering,Influence of thermo-mechanical processing of martensitic transformation of NiTi and NiTiHf shape memory alloys,1996.0,49.0,50.0,6.94,Ni49.0Ti50.0Hf1.0 %,1.0
C. Zhang and R. H. Zee,International Conference of Displacive Phase Transformations and their Applications in Materials Engineering,Influence of thermo-mechanical processing of martensitic transformation of NiTi and NiTiHf shape memory alloys,1996.0,49.0,48.0,6.94,Ni49.0Ti48.0Hf3.0 %,3.0
C. Zhang and R. H. Zee,International Conference of Displacive Phase Transformations and their Applications in Materials Engineering,Influence of thermo-mechanical processing of martensitic transformation of NiTi and NiTiHf shape memory alloys,1996.0,49.0,48.0,6.94,Ni49.0Ti48.0Hf3.0 %,3.0
C. Zhang and R. H. Zee,International Conference of Displacive Phase Transformations and their Applications in Materials Engineering,Influence of thermo-mechanical processing of martensitic transformation of NiTi and NiTiHf shape memory alloys,1996.0,49.0,48.0,6.94,Ni49.0Ti48.0Hf3.0 %,3.0
C. Zhang and R. H. Zee,International Conference of Displacive Phase Transformations and their Applications in Materials Engineering,Influence of thermo-mechanical processing of martensitic transformation of NiTi and NiTiHf shape memory alloys,1996.0,49.0,48.0,6.94,Ni49.0Ti48.0Hf3.0 %,3.0
C. Zhang and R. H. Zee,International Conference of Displacive Phase Transformations and their Applications in Materials Engineering,Influence of thermo-mechanical processing of martensitic transformation of NiTi and NiTiHf shape memory alloys,1996.0,49.0,48.0,6.94,Ni49.0Ti48.0Hf3.0 %,3.0
C. Zhang and R. H. Zee,International Conference of Displacive Phase Transformations and their Applications in Materials Engineering,Influence of thermo-mechanical processing of martensitic transformation of NiTi and NiTiHf shape memory alloys,1996.0,49.0,48.0,6.94,Ni49.0Ti48.0Hf3.0 %,3.0
C. Zhang and R. H. Zee,International Conference of Displacive Phase Transformations and their Applications in Materials Engineering,Influence of thermo-mechanical processing of martensitic transformation of NiTi and NiTiHf shape memory alloys,1996.0,49.0,48.0,6.94,Ni49.0Ti48.0Hf3.0 %,3.0
C. Zhang and R. H. Zee,International Conference of Displacive Phase Transformations and their Applications in Materials Engineering,Influence of thermo-mechanical processing of martensitic transformation of NiTi and NiTiHf shape memory alloys,1996.0,49.0,48.0,6.94,Ni49.0Ti48.0Hf3.0 %,3.0
X. Yi; X. Meng; W. Cai and L. Zhao,Scripta Materialia,Larger strain recovery characteristics of Ti-Ni-Hf shape memory alloy composite under compression,2018.0,49.0,36.0,6.94,Ni49.0Ti36.0Hf15.0 %,15.0
X. Yi; X. Meng; W. Cai and L. Zhao,Scripta Materialia,Larger strain recovery characteristics of Ti-Ni-Hf shape memory alloy composite under compression,2018.0,49.0,36.0,6.94,Ni49.0Ti36.0Hf15.0 %,15.0
X. Yi; X. Meng; W. Cai and L. Zhao,Scripta Materialia,Larger strain recovery characteristics of Ti-Ni-Hf shape memory alloy composite under compression,2018.0,49.0,36.0,6.94,Ni49.0Ti36.0Hf15.0 %,15.0
X. Yi; X. Meng; W. Cai and L. Zhao,Scripta Materialia,Larger strain recovery characteristics of Ti-Ni-Hf shape memory alloy composite under compression,2018.0,49.0,36.0,6.94,Ni49.0Ti36.0Hf15.0 %,15.0
X. Yi; K. Sun; W. Gao; X. Meng; W. Cai and L. Zhao,Journal of Alloys and Compounds,Martensitic transformation and mechanical properties of Ti-Ni-Hf high temperature shape memory alloy with network structure second particles,2018.0,49.0,36.0,6.94,Ni49.0Ti36.0Hf15.0 %,15.0
X. Yi; K. Sun; W. Gao; X. Meng; W. Cai and L. Zhao,Journal of Alloys and Compounds,Martensitic transformation and mechanical properties of Ti-Ni-Hf high temperature shape memory alloy with network structure second particles,2018.0,49.0,36.0,6.94,Ni49.0Ti36.0Hf15.0 %,15.0
X. Yi; K. Sun; W. Gao; X. Meng; W. Cai and L. Zhao,Journal of Alloys and Compounds,Martensitic transformation and mechanical properties of Ti-Ni-Hf high temperature shape memory alloy with network structure second particles,2018.0,49.0,36.0,6.94,Ni49.0Ti36.0Hf15.0 %,15.0
X. Yi; W. Gao; X. Meng; Z. Gao; W. Cai and L. Zhao,Journal of Alloys and Compounds,Martensitic transformation behaviors and mechanical properties of (Ti 36 Ni 49 Hf 15) 100-x Y x high temperature shape memory alloys,2017.0,49.0,36.0,6.94,Ni49.0Ti36.0Hf15.0 %,15.0
X. Yi; W. Gao; X. Meng; Z. Gao; W. Cai and L. Zhao,Journal of Alloys and Compounds,Martensitic transformation behaviors and mechanical properties of (Ti 36 Ni 49 Hf 15) 100-x Y x high temperature shape memory alloys,2017.0,49.0,36.0,6.94,Ni49.0Ti36.0Hf15.0 %,15.0
X. Yi; W. Gao; X. Meng; Z. Gao; W. Cai and L. Zhao,Journal of Alloys and Compounds,Martensitic transformation behaviors and mechanical properties of (Ti 36 Ni 49 Hf 15) 100-x Y x high temperature shape memory alloys,2017.0,49.0,36.0,6.94,Ni49.0Ti36.0Hf15.0 %,15.0
X. Yi; W. Gao; X. Meng; Z. Gao; W. Cai and L. Zhao,Journal of Alloys and Compounds,Martensitic transformation behaviors and mechanical properties of (Ti 36 Ni 49 Hf 15) 100-x Y x high temperature shape memory alloys,2017.0,49.0,36.0,6.94,Ni49.0Ti36.0Hf15.0 %,15.0
X. Yi; W. Gao; X. Meng; Z. Gao; W. Cai and L. Zhao,Journal of Alloys and Compounds,Martensitic transformation behaviors and mechanical properties of (Ti 36 Ni 49 Hf 15) 100-x Y x high temperature shape memory alloys,2017.0,49.0,36.0,6.94,Ni49.0Ti36.0Hf15.0 %,15.0
X. Yi; W. Gao; X. Meng; Z. Gao; W. Cai and L. Zhao,Journal of Alloys and Compounds,Martensitic transformation behaviors and mechanical properties of (Ti 36 Ni 49 Hf 15) 100-x Y x high temperature shape memory alloys,2017.0,49.0,36.0,6.94,Ni49.0Ti36.0Hf15.0 %,15.0
X. Yi; W. Gao; X. Meng; Z. Gao; W. Cai and L. Zhao,Journal of Alloys and Compounds,Martensitic transformation behaviors and mechanical properties of (Ti 36 Ni 49 Hf 15) 100-x Y x high temperature shape memory alloys,2017.0,49.0,36.0,6.94,Ni49.0Ti36.0Hf15.0 %,15.0
Y. Wang; W. Cai; W. Zhu and L. C. Zhao,Shape Memory and Superelastic Technologies,Microstructure and Mechnical Behavior of a Ni-Ti-Hf High Temperature Shape Memory Alloy,1997.0,49.0,36.0,6.94,Ni49.0Ti36.0Hf15.0 %,15.0
Y. Wang; W. Cai; W. Zhu and L. C. Zhao,Shape Memory and Superelastic Technologies,Microstructure and Mechnical Behavior of a Ni-Ti-Hf High Temperature Shape Memory Alloy,1997.0,49.0,36.0,6.94,Ni49.0Ti36.0Hf15.0 %,15.0
Y. Wang; W. Cai; W. Zhu and L. C. Zhao,Shape Memory and Superelastic Technologies,Microstructure and Mechnical Behavior of a Ni-Ti-Hf High Temperature Shape Memory Alloy,1997.0,49.0,36.0,6.94,Ni49.0Ti36.0Hf15.0 %,15.0
Y. Wang; W. Cai; W. Zhu and L. C. Zhao,Shape Memory and Superelastic Technologies,Microstructure and Mechnical Behavior of a Ni-Ti-Hf High Temperature Shape Memory Alloy,1997.0,49.0,36.0,6.94,Ni49.0Ti36.0Hf15.0 %,15.0
Y. Wang; W. Cai; W. Zhu and L. C. Zhao,Shape Memory and Superelastic Technologies,Microstructure and Mechnical Behavior of a Ni-Ti-Hf High Temperature Shape Memory Alloy,1997.0,49.0,36.0,6.94,Ni49.0Ti36.0Hf15.0 %,15.0
Y. Wang; W. Cai; W. Zhu and L. C. Zhao,Shape Memory and Superelastic Technologies,Microstructure and Mechnical Behavior of a Ni-Ti-Hf High Temperature Shape Memory Alloy,1997.0,49.0,36.0,6.94,Ni49.0Ti36.0Hf15.0 %,15.0
Y. Wang; W. Cai; W. Zhu and L. C. Zhao,Shape Memory and Superelastic Technologies,Microstructure and Mechnical Behavior of a Ni-Ti-Hf High Temperature Shape Memory Alloy,1997.0,49.0,36.0,6.94,Ni49.0Ti36.0Hf15.0 %,15.0
Y. Wang; W. Cai; W. Zhu and L. C. Zhao,Shape Memory and Superelastic Technologies,Microstructure and Mechnical Behavior of a Ni-Ti-Hf High Temperature Shape Memory Alloy,1997.0,49.0,36.0,6.94,Ni49.0Ti36.0Hf15.0 %,15.0
Y. Wang; W. Cai; W. Zhu and L. C. Zhao,Shape Memory and Superelastic Technologies,Microstructure and Mechnical Behavior of a Ni-Ti-Hf High Temperature Shape Memory Alloy,1997.0,49.0,36.0,6.94,Ni49.0Ti36.0Hf15.0 %,15.0
Y. Wang; W. Cai; W. Zhu and L. C. Zhao,Shape Memory and Superelastic Technologies,Microstructure and Mechnical Behavior of a Ni-Ti-Hf High Temperature Shape Memory Alloy,1997.0,49.0,36.0,6.94,Ni49.0Ti36.0Hf15.0 %,15.0
Y. Wang; W. Cai; W. Zhu and L. C. Zhao,Shape Memory and Superelastic Technologies,Microstructure and Mechnical Behavior of a Ni-Ti-Hf High Temperature Shape Memory Alloy,1997.0,49.0,36.0,6.94,Ni49.0Ti36.0Hf15.0 %,15.0
Y. Wang; W. Cai; W. Zhu and L. C. Zhao,Shape Memory and Superelastic Technologies,Microstructure and Mechnical Behavior of a Ni-Ti-Hf High Temperature Shape Memory Alloy,1997.0,49.0,36.0,6.94,Ni49.0Ti36.0Hf15.0 %,15.0
Y. Wang; W. Cai; W. Zhu and L. C. Zhao,Shape Memory and Superelastic Technologies,Microstructure and Mechnical Behavior of a Ni-Ti-Hf High Temperature Shape Memory Alloy,1997.0,49.0,36.0,6.94,Ni49.0Ti36.0Hf15.0 %,15.0
Y. Wang; W. Cai; W. Zhu and L. C. Zhao,Shape Memory and Superelastic Technologies,Microstructure and Mechnical Behavior of a Ni-Ti-Hf High Temperature Shape Memory Alloy,1997.0,49.0,36.0,6.94,Ni49.0Ti36.0Hf15.0 %,15.0
Y. Wang; W. Cai; W. Zhu and L. C. Zhao,Shape Memory and Superelastic Technologies,Microstructure and Mechnical Behavior of a Ni-Ti-Hf High Temperature Shape Memory Alloy,1997.0,49.0,36.0,6.94,Ni49.0Ti36.0Hf15.0 %,15.0
R. V. S. Prasad; C. H. Park; S.-W. Kim; J. K. Hong and J.-T. Yeom,Journal of Alloys and Compounds,Microstructure and phase transformation behavior of a new high temperature NiTiHf-Ta shape memory alloy with excellent formability,2017.0,49.0,36.0,6.94,Ni49.0Ti36.0Hf15.0 %,15.0
X. Yi; K. Sun; W. Gao; X. Meng; W. Cai and L. Zhao,Journal of Alloys and Compounds,Microstructure design of the excellent shape recovery properties in (Ti; Hf) 2Ni/Ti-Ni-Hf high temperature shape memory alloy composite,2017.0,49.0,36.0,6.94,Ni49.0Ti36.0Hf15.0 %,15.0
X. Yi; K. Sun; W. Gao; X. Meng; W. Cai and L. Zhao,Journal of Alloys and Compounds,Microstructure design of the excellent shape recovery properties in (Ti; Hf) 2Ni/Ti-Ni-Hf high temperature shape memory alloy composite,2017.0,49.0,36.0,6.94,Ni49.0Ti36.0Hf15.0 %,15.0
M. Liu; M. J. Tu; X. M. Zhang; Y. Y. Li and A. V. Shelyakov,Journal of Materials Science Letters,Microstructure of melt-spinning high temperature shape memory Ni-Ti-Hf alloys,2001.0,49.0,41.0,6.94,Ni49.0Ti41.0Hf10.0 %,10.0
M. Liu; M. J. Tu; X. M. Zhang; Y. Y. Li and A. V. Shelyakov,Journal of Materials Science Letters,Microstructure of melt-spinning high temperature shape memory Ni-Ti-Hf alloys,2001.0,49.0,36.0,6.94,Ni49.0Ti36.0Hf15.0 %,15.0
M. Liu; M. J. Tu; X. M. Zhang; Y. Y. Li and A. V. Shelyakov,Journal of Materials Science Letters,Microstructure of melt-spinning high temperature shape memory Ni-Ti-Hf alloys,2001.0,49.0,31.0,6.94,Ni49.0Ti31.0Hf20.0 %,20.0
X. L. Meng; W. Cai; L. M. Wang; Y. F. Zheng; L. C. Zhao and L. M. Zhou,Scripta Materialia,Microstructure of stress-induced martensite in a Ti–Ni–Hf high temperature shape memory alloy,2001.0,49.0,36.0,6.94,Ni49.0Ti36.0Hf15.0 %,15.0
X. L. Meng; W. Cai; L. M. Wang; Y. F. Zheng; L. C. Zhao and L. M. Zhou,Scripta Materialia,Microstructure of stress-induced martensite in a Ti–Ni–Hf high temperature shape memory alloy,2001.0,49.0,36.0,6.94,Ni49.0Ti36.0Hf15.0 %,15.0
X. L. Meng; W. Cai; L. M. Wang; Y. F. Zheng; L. C. Zhao and L. M. Zhou,Scripta Materialia,Microstructure of stress-induced martensite in a Ti–Ni–Hf high temperature shape memory alloy,2001.0,49.0,36.0,6.94,Ni49.0Ti36.0Hf15.0 %,15.0
X. L. Meng; W. Cai; L. M. Wang; Y. F. Zheng; L. C. Zhao and L. M. Zhou,Scripta Materialia,Microstructure of stress-induced martensite in a Ti–Ni–Hf high temperature shape memory alloy,2001.0,49.0,36.0,6.94,Ni49.0Ti36.0Hf15.0 %,15.0
X. Yi; X. Meng; W. Cai and L. Zhao,Journal of Alloys and Compounds,Multi-stage martensitic transformation behaviors and microstructural characteristics of Ti-Ni-Hf high temperature shape memory alloy powders,2019.0,49.0,36.0,6.94,Ni49.0Ti36.0Hf15.0 %,15.0
X. Yi; X. Meng; W. Cai and L. Zhao,Journal of Alloys and Compounds,Multi-stage martensitic transformation behaviors and microstructural characteristics of Ti-Ni-Hf high temperature shape memory alloy powders,2019.0,49.0,36.0,6.94,Ni49.0Ti36.0Hf15.0 %,15.0
X. Yi; X. Meng; W. Cai and L. Zhao,Journal of Alloys and Compounds,Multi-stage martensitic transformation behaviors and microstructural characteristics of Ti-Ni-Hf high temperature shape memory alloy powders,2019.0,49.0,36.0,6.94,Ni49.0Ti36.0Hf15.0 %,15.0
X. Yi; X. Meng; W. Cai and L. Zhao,Journal of Alloys and Compounds,Multi-stage martensitic transformation behaviors and microstructural characteristics of Ti-Ni-Hf high temperature shape memory alloy powders,2019.0,49.0,36.0,6.94,Ni49.0Ti36.0Hf15.0 %,15.0
X. Yi; X. Meng; W. Cai and L. Zhao,Journal of Alloys and Compounds,Multi-stage martensitic transformation behaviors and microstructural characteristics of Ti-Ni-Hf high temperature shape memory alloy powders,2019.0,49.0,36.0,6.94,Ni49.0Ti36.0Hf15.0 %,15.0
X. Yi; X. Meng; W. Cai and L. Zhao,Journal of Alloys and Compounds,Multi-stage martensitic transformation behaviors and microstructural characteristics of Ti-Ni-Hf high temperature shape memory alloy powders,2019.0,49.0,36.0,6.94,Ni49.0Ti36.0Hf15.0 %,15.0
S. Besseghini; E. Villa and A. Tuissi,Materials Science and Engineering: A,Ni-Ti-Hf shape memory alloy: effect of aging and thermal cycling,1999.0,49.0,41.0,6.94,Ni49.0Ti41.0Hf10.0 %,10.0
S. Besseghini; E. Villa and A. Tuissi,Materials Science and Engineering: A,Ni-Ti-Hf shape memory alloy: effect of aging and thermal cycling,1999.0,49.0,41.0,6.94,Ni49.0Ti41.0Hf10.0 %,10.0
S. Besseghini; E. Villa and A. Tuissi,Materials Science and Engineering: A,Ni-Ti-Hf shape memory alloy: effect of aging and thermal cycling,1999.0,49.0,41.0,6.94,Ni49.0Ti41.0Hf10.0 %,10.0
S. Besseghini; E. Villa and A. Tuissi,Materials Science and Engineering: A,Ni-Ti-Hf shape memory alloy: effect of aging and thermal cycling,1999.0,49.0,41.0,6.94,Ni49.0Ti41.0Hf10.0 %,10.0
S. Besseghini; E. Villa and A. Tuissi,Materials Science and Engineering: A,Ni-Ti-Hf shape memory alloy: effect of aging and thermal cycling,1999.0,49.0,41.0,6.94,Ni49.0Ti41.0Hf10.0 %,10.0
S. Besseghini; E. Villa and A. Tuissi,Materials Science and Engineering: A,Ni-Ti-Hf shape memory alloy: effect of aging and thermal cycling,1999.0,49.0,41.0,6.94,Ni49.0Ti41.0Hf10.0 %,10.0
S. Besseghini; E. Villa and A. Tuissi,Materials Science and Engineering: A,Ni-Ti-Hf shape memory alloy: effect of aging and thermal cycling,1999.0,49.0,41.0,6.94,Ni49.0Ti41.0Hf10.0 %,10.0
S. Besseghini; E. Villa and A. Tuissi,Materials Science and Engineering: A,Ni-Ti-Hf shape memory alloy: effect of aging and thermal cycling,1999.0,49.0,41.0,6.94,Ni49.0Ti41.0Hf10.0 %,10.0
S. Besseghini; E. Villa and A. Tuissi,Materials Science and Engineering: A,Ni-Ti-Hf shape memory alloy: effect of aging and thermal cycling,1999.0,49.0,41.0,6.94,Ni49.0Ti41.0Hf10.0 %,10.0
N. N. Popov; D. V. Presnyakov; E. N. Grishin; T. I. Sysoeva; T. A. Morozova and A. A. Kostyleva,Russian Metallurgy (Metally),Properties of a 49Ni–36Ti–15Hf High-Temperature Shape Memory Alloy in the As-Cast State,2019.0,49.0,36.0,6.94,Ni49.0Ti36.0Hf15.0 %,15.0
N. N. Popov; D. V. Presnyakov; E. N. Grishin; T. I. Sysoeva; T. A. Morozova and A. A. Kostyleva,Russian Metallurgy (Metally),Properties of a 49Ni–36Ti–15Hf High-Temperature Shape Memory Alloy in the As-Cast State,2019.0,49.0,36.0,6.94,Ni49.0Ti36.0Hf15.0 %,15.0
X. L. Meng; Y. F. Zheng; Z. Wang and L. C. Zhao,Materials Letters,Shape memory properties of the Ti36Ni49Hf15 high temperature shape memory alloy,2000.0,49.0,36.0,6.94,Ni49.0Ti36.0Hf15.0 %,15.0
X. L. Meng; Y. F. Zheng; Z. Wang and L. C. Zhao,Materials Letters,Shape memory properties of the Ti36Ni49Hf15 high temperature shape memory alloy,2000.0,49.0,36.0,6.94,Ni49.0Ti36.0Hf15.0 %,15.0
X. L. Meng; Y. F. Zheng; Z. Wang and L. C. Zhao,Materials Letters,Shape memory properties of the Ti36Ni49Hf15 high temperature shape memory alloy,2000.0,49.0,36.0,6.94,Ni49.0Ti36.0Hf15.0 %,15.0
D.-J. Kim; Y.-W. Kim and T.-H. Nam,Journal of nanoscience and nanotechnology,Solidification Rate Dependence of Microstructures and Transformation Behavior of Ti–Ni–Hf Alloys,2018.0,49.0,31.0,6.94,Ni49.0Ti31.0Hf20.0 %,20.0
D.-J. Kim; Y.-W. Kim and T.-H. Nam,Journal of nanoscience and nanotechnology,Solidification Rate Dependence of Microstructures and Transformation Behavior of Ti–Ni–Hf Alloys,2018.0,49.0,31.0,6.94,Ni49.0Ti31.0Hf20.0 %,20.0
D.-J. Kim; Y.-W. Kim and T.-H. Nam,Journal of nanoscience and nanotechnology,Solidification Rate Dependence of Microstructures and Transformation Behavior of Ti–Ni–Hf Alloys,2018.0,49.0,31.0,6.94,Ni49.0Ti31.0Hf20.0 %,20.0
L. Liu; X. Meng; W. Cai; Y. Zheng; Y. X. Tong; L. C. Zhao and L. M. Zhou,Materials Science Forum,Stress-Induced Martensitic Transformation and Microstructure of a Ti36Ni49Hf15 High-Temperature Shape-Memory Alloy,2002.0,49.0,36.0,6.94,Ni49.0Ti36.0Hf15.0 %,15.0
L. Liu; X. Meng; W. Cai; Y. Zheng; Y. X. Tong; L. C. Zhao and L. M. Zhou,Materials Science Forum,Stress-Induced Martensitic Transformation and Microstructure of a Ti36Ni49Hf15 High-Temperature Shape-Memory Alloy,2002.0,49.0,36.0,6.94,Ni49.0Ti36.0Hf15.0 %,15.0
L. Liu; X. Meng; W. Cai; Y. Zheng; Y. X. Tong; L. C. Zhao and L. M. Zhou,Materials Science Forum,Stress-Induced Martensitic Transformation and Microstructure of a Ti36Ni49Hf15 High-Temperature Shape-Memory Alloy,2002.0,49.0,36.0,6.94,Ni49.0Ti36.0Hf15.0 %,15.0
L. Liu; X. Meng; W. Cai; Y. Zheng; Y. X. Tong; L. C. Zhao and L. M. Zhou,Materials Science Forum,Stress-Induced Martensitic Transformation and Microstructure of a Ti36Ni49Hf15 High-Temperature Shape-Memory Alloy,2002.0,49.0,36.0,6.94,Ni49.0Ti36.0Hf15.0 %,15.0
L. Liu; X. Meng; W. Cai; Y. Zheng; Y. X. Tong; L. C. Zhao and L. M. Zhou,Materials Science Forum,Stress-Induced Martensitic Transformation and Microstructure of a Ti36Ni49Hf15 High-Temperature Shape-Memory Alloy,2002.0,49.0,36.0,6.94,Ni49.0Ti36.0Hf15.0 %,15.0
L. Liu; X. Meng; W. Cai; Y. Zheng; Y. X. Tong; L. C. Zhao and L. M. Zhou,Materials Science Forum,Stress-Induced Martensitic Transformation and Microstructure of a Ti36Ni49Hf15 High-Temperature Shape-Memory Alloy,2002.0,49.0,36.0,6.94,Ni49.0Ti36.0Hf15.0 %,15.0
X. L. Meng; W. Cai; Y. F. Zheng; Y. X. Tong; L. C. Zhao and L. M. Zhou,Materials Letters,Stress-induced martensitic transformation behavior of a Ti–Ni–Hf high temperature shape memory alloy,2002.0,49.0,36.0,6.94,Ni49.0Ti36.0Hf15.0 %,15.0
P. E. Thoma; C. Zhang; J. J. Boehm and R. H. Zee,Journal de Physique IV ,The Effect of Hafnium Content and Cycling under an Applied Axial Stress on the Creep and Martensite Strain of NiTi Based Shape Memory Alloy Wires ,1997.0,49.0,50.0,6.94,Ni49.0Ti50.0Hf1.0 %,1.0
P. E. Thoma; C. Zhang; J. J. Boehm and R. H. Zee,Journal de Physique IV ,The Effect of Hafnium Content and Cycling under an Applied Axial Stress on the Creep and Martensite Strain of NiTi Based Shape Memory Alloy Wires ,1997.0,49.0,50.0,6.94,Ni49.0Ti50.0Hf1.0 %,1.0
P. E. Thoma; C. Zhang; J. J. Boehm and R. H. Zee,Journal de Physique IV ,The Effect of Hafnium Content and Cycling under an Applied Axial Stress on the Creep and Martensite Strain of NiTi Based Shape Memory Alloy Wires ,1997.0,49.0,50.0,6.94,Ni49.0Ti50.0Hf1.0 %,1.0
P. E. Thoma; C. Zhang; J. J. Boehm and R. H. Zee,Journal de Physique IV ,The Effect of Hafnium Content and Cycling under an Applied Axial Stress on the Creep and Martensite Strain of NiTi Based Shape Memory Alloy Wires ,1997.0,49.0,50.0,6.94,Ni49.0Ti50.0Hf1.0 %,1.0
P. E. Thoma; C. Zhang; J. J. Boehm and R. H. Zee,Journal de Physique IV ,The Effect of Hafnium Content and Cycling under an Applied Axial Stress on the Creep and Martensite Strain of NiTi Based Shape Memory Alloy Wires ,1997.0,49.0,50.0,6.94,Ni49.0Ti50.0Hf1.0 %,1.0
P. E. Thoma; C. Zhang; J. J. Boehm and R. H. Zee,Journal de Physique IV ,The Effect of Hafnium Content and Cycling under an Applied Axial Stress on the Creep and Martensite Strain of NiTi Based Shape Memory Alloy Wires ,1997.0,49.0,50.0,6.94,Ni49.0Ti50.0Hf1.0 %,1.0
P. E. Thoma; C. Zhang; J. J. Boehm and R. H. Zee,Journal de Physique IV ,The Effect of Hafnium Content and Cycling under an Applied Axial Stress on the Creep and Martensite Strain of NiTi Based Shape Memory Alloy Wires ,1997.0,49.0,50.0,6.94,Ni49.0Ti50.0Hf1.0 %,1.0
P. E. Thoma; C. Zhang; J. J. Boehm and R. H. Zee,Journal de Physique IV ,The Effect of Hafnium Content and Cycling under an Applied Axial Stress on the Creep and Martensite Strain of NiTi Based Shape Memory Alloy Wires ,1997.0,49.0,50.0,6.94,Ni49.0Ti50.0Hf1.0 %,1.0
P. E. Thoma; C. Zhang; J. J. Boehm and R. H. Zee,Journal de Physique IV ,The Effect of Hafnium Content and Cycling under an Applied Axial Stress on the Creep and Martensite Strain of NiTi Based Shape Memory Alloy Wires ,1997.0,49.0,50.0,6.94,Ni49.0Ti50.0Hf1.0 %,1.0
P. E. Thoma; C. Zhang; J. J. Boehm and R. H. Zee,Journal de Physique IV ,The Effect of Hafnium Content and Cycling under an Applied Axial Stress on the Creep and Martensite Strain of NiTi Based Shape Memory Alloy Wires ,1997.0,49.0,50.0,6.94,Ni49.0Ti50.0Hf1.0 %,1.0
P. E. Thoma; C. Zhang; J. J. Boehm and R. H. Zee,Journal de Physique IV ,The Effect of Hafnium Content and Cycling under an Applied Axial Stress on the Creep and Martensite Strain of NiTi Based Shape Memory Alloy Wires ,1997.0,49.0,50.0,6.94,Ni49.0Ti50.0Hf1.0 %,1.0
P. E. Thoma; C. Zhang; J. J. Boehm and R. H. Zee,Journal de Physique IV ,The Effect of Hafnium Content and Cycling under an Applied Axial Stress on the Creep and Martensite Strain of NiTi Based Shape Memory Alloy Wires ,1997.0,49.0,50.0,6.94,Ni49.0Ti50.0Hf1.0 %,1.0
P. E. Thoma; C. Zhang; J. J. Boehm and R. H. Zee,Journal de Physique IV ,The Effect of Hafnium Content and Cycling under an Applied Axial Stress on the Creep and Martensite Strain of NiTi Based Shape Memory Alloy Wires ,1997.0,49.0,50.0,6.94,Ni49.0Ti50.0Hf1.0 %,1.0
P. E. Thoma; C. Zhang; J. J. Boehm and R. H. Zee,Journal de Physique IV ,The Effect of Hafnium Content and Cycling under an Applied Axial Stress on the Creep and Martensite Strain of NiTi Based Shape Memory Alloy Wires ,1997.0,49.0,50.0,6.94,Ni49.0Ti50.0Hf1.0 %,1.0
P. E. Thoma; C. Zhang; J. J. Boehm and R. H. Zee,Journal de Physique IV ,The Effect of Hafnium Content and Cycling under an Applied Axial Stress on the Creep and Martensite Strain of NiTi Based Shape Memory Alloy Wires ,1997.0,49.0,50.0,6.94,Ni49.0Ti50.0Hf1.0 %,1.0
P. E. Thoma; C. Zhang; J. J. Boehm and R. H. Zee,Journal de Physique IV ,The Effect of Hafnium Content and Cycling under an Applied Axial Stress on the Creep and Martensite Strain of NiTi Based Shape Memory Alloy Wires ,1997.0,49.0,50.0,6.94,Ni49.0Ti50.0Hf1.0 %,1.0
P. E. Thoma; C. Zhang; J. J. Boehm and R. H. Zee,Journal de Physique IV ,The Effect of Hafnium Content and Cycling under an Applied Axial Stress on the Creep and Martensite Strain of NiTi Based Shape Memory Alloy Wires ,1997.0,49.0,50.0,6.94,Ni49.0Ti50.0Hf1.0 %,1.0
P. E. Thoma; C. Zhang; J. J. Boehm and R. H. Zee,Journal de Physique IV ,The Effect of Hafnium Content and Cycling under an Applied Axial Stress on the Creep and Martensite Strain of NiTi Based Shape Memory Alloy Wires ,1997.0,49.0,50.0,6.94,Ni49.0Ti50.0Hf1.0 %,1.0
P. E. Thoma; C. Zhang; J. J. Boehm and R. H. Zee,Journal de Physique IV ,The Effect of Hafnium Content and Cycling under an Applied Axial Stress on the Creep and Martensite Strain of NiTi Based Shape Memory Alloy Wires ,1997.0,49.0,48.0,6.94,Ni49.0Ti48.0Hf3.0 %,3.0
P. E. Thoma; C. Zhang; J. J. Boehm and R. H. Zee,Journal de Physique IV ,The Effect of Hafnium Content and Cycling under an Applied Axial Stress on the Creep and Martensite Strain of NiTi Based Shape Memory Alloy Wires ,1997.0,49.0,48.0,6.94,Ni49.0Ti48.0Hf3.0 %,3.0
P. E. Thoma; C. Zhang; J. J. Boehm and R. H. Zee,Journal de Physique IV ,The Effect of Hafnium Content and Cycling under an Applied Axial Stress on the Creep and Martensite Strain of NiTi Based Shape Memory Alloy Wires ,1997.0,49.0,48.0,6.94,Ni49.0Ti48.0Hf3.0 %,3.0
P. E. Thoma; C. Zhang; J. J. Boehm and R. H. Zee,Journal de Physique IV ,The Effect of Hafnium Content and Cycling under an Applied Axial Stress on the Creep and Martensite Strain of NiTi Based Shape Memory Alloy Wires ,1997.0,49.0,48.0,6.94,Ni49.0Ti48.0Hf3.0 %,3.0
P. E. Thoma; C. Zhang; J. J. Boehm and R. H. Zee,Journal de Physique IV ,The Effect of Hafnium Content and Cycling under an Applied Axial Stress on the Creep and Martensite Strain of NiTi Based Shape Memory Alloy Wires ,1997.0,49.0,48.0,6.94,Ni49.0Ti48.0Hf3.0 %,3.0
P. E. Thoma; C. Zhang; J. J. Boehm and R. H. Zee,Journal de Physique IV ,The Effect of Hafnium Content and Cycling under an Applied Axial Stress on the Creep and Martensite Strain of NiTi Based Shape Memory Alloy Wires ,1997.0,49.0,48.0,6.94,Ni49.0Ti48.0Hf3.0 %,3.0
P. E. Thoma; C. Zhang; J. J. Boehm and R. H. Zee,Journal de Physique IV ,The Effect of Hafnium Content and Cycling under an Applied Axial Stress on the Creep and Martensite Strain of NiTi Based Shape Memory Alloy Wires ,1997.0,49.0,48.0,6.94,Ni49.0Ti48.0Hf3.0 %,3.0
P. E. Thoma; C. Zhang; J. J. Boehm and R. H. Zee,Journal de Physique IV ,The Effect of Hafnium Content and Cycling under an Applied Axial Stress on the Creep and Martensite Strain of NiTi Based Shape Memory Alloy Wires ,1997.0,49.0,48.0,6.94,Ni49.0Ti48.0Hf3.0 %,3.0
P. E. Thoma; C. Zhang; J. J. Boehm and R. H. Zee,Journal de Physique IV ,The Effect of Hafnium Content and Cycling under an Applied Axial Stress on the Creep and Martensite Strain of NiTi Based Shape Memory Alloy Wires ,1997.0,49.0,48.0,6.94,Ni49.0Ti48.0Hf3.0 %,3.0
P. E. Thoma; C. Zhang; J. J. Boehm and R. H. Zee,Journal de Physique IV ,The Effect of Hafnium Content and Cycling under an Applied Axial Stress on the Creep and Martensite Strain of NiTi Based Shape Memory Alloy Wires ,1997.0,49.0,48.0,6.94,Ni49.0Ti48.0Hf3.0 %,3.0
P. E. Thoma; C. Zhang; J. J. Boehm and R. H. Zee,Journal de Physique IV ,The Effect of Hafnium Content and Cycling under an Applied Axial Stress on the Creep and Martensite Strain of NiTi Based Shape Memory Alloy Wires ,1997.0,49.0,48.0,6.94,Ni49.0Ti48.0Hf3.0 %,3.0
P. E. Thoma; C. Zhang; J. J. Boehm and R. H. Zee,Journal de Physique IV ,The Effect of Hafnium Content and Cycling under an Applied Axial Stress on the Creep and Martensite Strain of NiTi Based Shape Memory Alloy Wires ,1997.0,49.0,48.0,6.94,Ni49.0Ti48.0Hf3.0 %,3.0
P. E. Thoma; C. Zhang; J. J. Boehm and R. H. Zee,Journal de Physique IV ,The Effect of Hafnium Content and Cycling under an Applied Axial Stress on the Creep and Martensite Strain of NiTi Based Shape Memory Alloy Wires ,1997.0,49.0,48.0,6.94,Ni49.0Ti48.0Hf3.0 %,3.0
P. E. Thoma; C. Zhang; J. J. Boehm and R. H. Zee,Journal de Physique IV ,The Effect of Hafnium Content and Cycling under an Applied Axial Stress on the Creep and Martensite Strain of NiTi Based Shape Memory Alloy Wires ,1997.0,49.0,48.0,6.94,Ni49.0Ti48.0Hf3.0 %,3.0
P. E. Thoma; C. Zhang; J. J. Boehm and R. H. Zee,Journal de Physique IV ,The Effect of Hafnium Content and Cycling under an Applied Axial Stress on the Creep and Martensite Strain of NiTi Based Shape Memory Alloy Wires ,1997.0,49.0,48.0,6.94,Ni49.0Ti48.0Hf3.0 %,3.0
P. E. Thoma; C. Zhang; J. J. Boehm and R. H. Zee,Journal de Physique IV ,The Effect of Hafnium Content and Cycling under an Applied Axial Stress on the Creep and Martensite Strain of NiTi Based Shape Memory Alloy Wires ,1997.0,49.0,48.0,6.94,Ni49.0Ti48.0Hf3.0 %,3.0
P. E. Thoma; C. Zhang; J. J. Boehm and R. H. Zee,Journal de Physique IV ,The Effect of Hafnium Content and Cycling under an Applied Axial Stress on the Creep and Martensite Strain of NiTi Based Shape Memory Alloy Wires ,1997.0,49.0,48.0,6.94,Ni49.0Ti48.0Hf3.0 %,3.0
P. E. Thoma; C. Zhang; J. J. Boehm and R. H. Zee,Journal de Physique IV ,The Effect of Hafnium Content and Cycling under an Applied Axial Stress on the Creep and Martensite Strain of NiTi Based Shape Memory Alloy Wires ,1997.0,49.0,48.0,6.94,Ni49.0Ti48.0Hf3.0 %,3.0
D. Angst; P. Thoma and M. Kao,Journal de Physique IV,The Effect of Hafnium Content on the Transformation Temperatures of Ni49Ti51-xHfx. Shape Memory Alloys,1995.0,49.0,50.5,6.94,Ni49.0Ti50.5Hf0.5 %,0.5
D. Angst; P. Thoma and M. Kao,Journal de Physique IV,The Effect of Hafnium Content on the Transformation Temperatures of Ni49Ti51-xHfx. Shape Memory Alloys,1995.0,49.0,50.0,6.94,Ni49.0Ti50.0Hf1.0 %,1.0
D. Angst; P. Thoma and M. Kao,Journal de Physique IV,The Effect of Hafnium Content on the Transformation Temperatures of Ni49Ti51-xHfx. Shape Memory Alloys,1995.0,49.0,48.0,6.94,Ni49.0Ti48.0Hf3.0 %,3.0
D. Angst; P. Thoma and M. Kao,Journal de Physique IV,The Effect of Hafnium Content on the Transformation Temperatures of Ni49Ti51-xHfx. Shape Memory Alloys,1995.0,49.0,46.0,6.94,Ni49.0Ti46.0Hf5.0 %,5.0
D. Angst; P. Thoma and M. Kao,Journal de Physique IV,The Effect of Hafnium Content on the Transformation Temperatures of Ni49Ti51-xHfx. Shape Memory Alloys,1995.0,49.0,43.0,6.94,Ni49.0Ti43.0Hf8.0 %,8.0
D. Angst; P. Thoma and M. Kao,Journal de Physique IV,The Effect of Hafnium Content on the Transformation Temperatures of Ni49Ti51-xHfx. Shape Memory Alloys,1995.0,49.0,41.0,6.94,Ni49.0Ti41.0Hf10.0 %,10.0
D. Angst; P. Thoma and M. Kao,Journal de Physique IV,The Effect of Hafnium Content on the Transformation Temperatures of Ni49Ti51-xHfx. Shape Memory Alloys,1995.0,49.0,41.0,6.94,Ni49.0Ti41.0Hf10.0 %,10.0
D. Angst; P. Thoma and M. Kao,Journal de Physique IV,The Effect of Hafnium Content on the Transformation Temperatures of Ni49Ti51-xHfx. Shape Memory Alloys,1995.0,49.0,41.0,6.94,Ni49.0Ti41.0Hf10.0 %,10.0
D. Angst; P. Thoma and M. Kao,Journal de Physique IV,The Effect of Hafnium Content on the Transformation Temperatures of Ni49Ti51-xHfx. Shape Memory Alloys,1995.0,49.0,41.0,6.94,Ni49.0Ti41.0Hf10.0 %,10.0
D. Angst; P. Thoma and M. Kao,Journal de Physique IV,The Effect of Hafnium Content on the Transformation Temperatures of Ni49Ti51-xHfx. Shape Memory Alloys,1995.0,49.0,41.0,6.94,Ni49.0Ti41.0Hf10.0 %,10.0
D. Angst; P. Thoma and M. Kao,Journal de Physique IV,The Effect of Hafnium Content on the Transformation Temperatures of Ni49Ti51-xHfx. Shape Memory Alloys,1995.0,49.0,41.0,6.94,Ni49.0Ti41.0Hf10.0 %,10.0
D. Angst; P. Thoma and M. Kao,Journal de Physique IV,The Effect of Hafnium Content on the Transformation Temperatures of Ni49Ti51-xHfx. Shape Memory Alloys,1995.0,49.0,41.0,6.94,Ni49.0Ti41.0Hf10.0 %,10.0
D. Angst; P. Thoma and M. Kao,Journal de Physique IV,The Effect of Hafnium Content on the Transformation Temperatures of Ni49Ti51-xHfx. Shape Memory Alloys,1995.0,49.0,40.0,6.94,Ni49.0Ti40.0Hf11.0 %,11.0
D. Angst; P. Thoma and M. Kao,Journal de Physique IV,The Effect of Hafnium Content on the Transformation Temperatures of Ni49Ti51-xHfx. Shape Memory Alloys,1995.0,49.0,36.0,6.94,Ni49.0Ti36.0Hf15.0 %,15.0
D. Angst; P. Thoma and M. Kao,Journal de Physique IV,The Effect of Hafnium Content on the Transformation Temperatures of Ni49Ti51-xHfx. Shape Memory Alloys,1995.0,49.0,31.0,6.94,Ni49.0Ti31.0Hf20.0 %,20.0
D. Angst; P. Thoma and M. Kao,Journal de Physique IV,The Effect of Hafnium Content on the Transformation Temperatures of Ni49Ti51-xHfx. Shape Memory Alloys,1995.0,49.0,21.0,6.94,Ni49.0Ti21.0Hf30.0 %,30.0
C. Zhang; P. E. Thoma and R. H. Zee,Materials Research Society,The Influence of Hafnium Content; Cold Work; and Heat Treatment on the R-Phase Transformation of Niti Based Shape Memory Alloys,1996.0,49.0,50.0,6.94,Ni49.0Ti50.0Hf1.0 %,1.0
C. Zhang; P. E. Thoma and R. H. Zee,Materials Research Society,The Influence of Hafnium Content; Cold Work; and Heat Treatment on the R-Phase Transformation of Niti Based Shape Memory Alloys,1996.0,49.0,48.0,6.94,Ni49.0Ti48.0Hf3.0 %,3.0
Y. Q. Wang; Y. F. Zheng; W. Cai and L. C. Zhao,Scripta Materialia,The tensile behavior of Ti36Ni49Hf15 high temperature shape memory alloy,1999.0,49.0,36.0,6.94,Ni49.0Ti36.0Hf15.0 %,15.0
X. L. Meng; W. Cai; Y. F. Zheng; Y. B. Rao and L. C. Zhao,Materials Letters,Two-way shape memory effect induced by martensite deformation and stabilization of martensite in Ti36Ni49Hf15 high temperature shape memory alloy,2003.0,49.0,36.0,6.94,Ni49.0Ti36.0Hf15.0 %,15.0
X. L. Meng; W. Cai; Y. F. Zheng; Y. B. Rao and L. C. Zhao,Materials Letters,Two-way shape memory effect induced by martensite deformation and stabilization of martensite in Ti36Ni49Hf15 high temperature shape memory alloy,2003.0,49.0,36.0,6.94,Ni49.0Ti36.0Hf15.0 %,15.0
X. L. Meng; W. Cai; Y. F. Zheng; Y. B. Rao and L. C. Zhao,Materials Letters,Two-way shape memory effect induced by martensite deformation and stabilization of martensite in Ti36Ni49Hf15 high temperature shape memory alloy,2003.0,49.0,36.0,6.94,Ni49.0Ti36.0Hf15.0 %,15.0
X. L. Meng; W. Cai; Y. F. Zheng; Y. B. Rao and L. C. Zhao,Materials Letters,Two-way shape memory effect induced by martensite deformation and stabilization of martensite in Ti36Ni49Hf15 high temperature shape memory alloy,2003.0,49.0,36.0,6.94,Ni49.0Ti36.0Hf15.0 %,15.0
X. L. Meng; W. Cai; Y. F. Zheng; Y. B. Rao and L. C. Zhao,Materials Letters,Two-way shape memory effect induced by martensite deformation and stabilization of martensite in Ti36Ni49Hf15 high temperature shape memory alloy,2003.0,49.0,36.0,6.94,Ni49.0Ti36.0Hf15.0 %,15.0
X. L. Meng; W. Cai; Y. F. Zheng; Y. B. Rao and L. C. Zhao,Materials Letters,Two-way shape memory effect induced by martensite deformation and stabilization of martensite in Ti36Ni49Hf15 high temperature shape memory alloy,2003.0,49.0,36.0,6.94,Ni49.0Ti36.0Hf15.0 %,15.0
X. L. Meng; W. Cai; Y. F. Zheng; Y. B. Rao and L. C. Zhao,Materials Letters,Two-way shape memory effect induced by martensite deformation and stabilization of martensite in Ti36Ni49Hf15 high temperature shape memory alloy,2003.0,49.0,36.0,6.94,Ni49.0Ti36.0Hf15.0 %,15.0
X. L. Meng; W. Cai; Y. F. Zheng; Y. B. Rao and L. C. Zhao,Materials Letters,Two-way shape memory effect induced by martensite deformation and stabilization of martensite in Ti36Ni49Hf15 high temperature shape memory alloy,2003.0,49.0,36.0,6.94,Ni49.0Ti36.0Hf15.0 %,15.0
X. L. Meng; W. Cai; Y. F. Zheng; Y. B. Rao and L. C. Zhao,Materials Letters,Two-way shape memory effect induced by martensite deformation and stabilization of martensite in Ti36Ni49Hf15 high temperature shape memory alloy,2003.0,49.0,36.0,6.94,Ni49.0Ti36.0Hf15.0 %,15.0
X. L. Meng; W. Cai; Y. F. Zheng; Y. B. Rao and L. C. Zhao,Materials Letters,Two-way shape memory effect induced by martensite deformation and stabilization of martensite in Ti36Ni49Hf15 high temperature shape memory alloy,2003.0,49.0,36.0,6.94,Ni49.0Ti36.0Hf15.0 %,15.0
X. L. Meng; W. Cai; Y. F. Zheng; Y. B. Rao and L. C. Zhao,Materials Letters,Two-way shape memory effect induced by martensite deformation and stabilization of martensite in Ti36Ni49Hf15 high temperature shape memory alloy,2003.0,49.0,36.0,6.94,Ni49.0Ti36.0Hf15.0 %,15.0
X. L. Meng; Y. F. Zheng; W. Cai and L. C. Zhao,Journal of Alloys and Compounds,Two-way shape memory effect of a TiNiHf high temperature shape memory alloy,2004.0,49.0,36.0,6.94,Ni49.0Ti36.0Hf15.0 %,15.0
X. L. Meng; Y. F. Zheng; W. Cai and L. C. Zhao,Journal of Alloys and Compounds,Two-way shape memory effect of a TiNiHf high temperature shape memory alloy,2004.0,49.0,36.0,6.94,Ni49.0Ti36.0Hf15.0 %,15.0
X. L. Meng; Y. F. Zheng; W. Cai and L. C. Zhao,Journal of Alloys and Compounds,Two-way shape memory effect of a TiNiHf high temperature shape memory alloy,2004.0,49.0,36.0,6.94,Ni49.0Ti36.0Hf15.0 %,15.0
X. L. Meng; Y. F. Zheng; W. Cai and L. C. Zhao,Journal of Alloys and Compounds,Two-way shape memory effect of a TiNiHf high temperature shape memory alloy,2004.0,49.0,36.0,6.94,Ni49.0Ti36.0Hf15.0 %,15.0
X. L. Meng; Y. F. Zheng; W. Cai and L. C. Zhao,Journal of Alloys and Compounds,Two-way shape memory effect of a TiNiHf high temperature shape memory alloy,2004.0,49.0,36.0,6.94,Ni49.0Ti36.0Hf15.0 %,15.0
X. L. Meng; Y. F. Zheng; W. Cai and L. C. Zhao,Journal of Alloys and Compounds,Two-way shape memory effect of a TiNiHf high temperature shape memory alloy,2004.0,49.0,36.0,6.94,Ni49.0Ti36.0Hf15.0 %,15.0
P. E. Thoma and J. J. Boehm,Materials Science and Engineering: A,Effect of composition on the amount of second phase and transformation temperatures of NixTi90−xHf10 shape memory alloys,1999.0,49.2,40.8,6.952,Ni49.2Ti40.8Hf10.0 %,10.0
S. Sanjabi; Y. Z. Cao and Z. H. Barber,Sensors and Actuators A: Physical,Multi-target sputter deposition of Ni50Ti50−xHfx shape memory thin films for high temperature microactuator application,2005.0,49.2,29.7,6.952,Ni49.2Ti29.7Hf21.1 %,21.1
A. J. Muir Wood; S. Sanjabi; Y. Q. Fu; Z. H. Barber and T. W. Clyne,Surface and Coatings Technology,Nanoindentation of binary and ternary Ni–Ti-based shape memory alloy thin films,2008.0,49.2,29.7,6.952,Ni49.2Ti29.7Hf21.1 %,21.1
Y. Motemani; P. J. McCluskey; C. Zhao; M. J. Tan and J. J. Vlassak,Acta Materialia,Analysis of Ti–Ni–Hf shape memory alloys by combinatorial nanocalorimetry,2011.0,49.3,36.1,6.958,Ni49.3Ti36.1Hf14.6 %,14.6
H. D. Gu; K. M. Leung and C. Y. Chung,Journal of Vacuum Science & Technology A ,Growth of high-temperature NiTi1−xHfxNiTi1−xHfx shape memory alloy thin films by laser ablation of composite targets,1998.0,49.3,30.9,6.958,Ni49.3Ti30.9Hf19.8 %,19.8
S. Sanjabi; Y. Z. Cao and Z. H. Barber,Sensors and Actuators A: Physical,Multi-target sputter deposition of Ni50Ti50−xHfx shape memory thin films for high temperature microactuator application,2005.0,49.3,26.3,6.958,Ni49.3Ti26.3Hf24.4 %,24.4
A. J. Muir Wood; S. Sanjabi; Y. Q. Fu; Z. H. Barber and T. W. Clyne,Surface and Coatings Technology,Nanoindentation of binary and ternary Ni–Ti-based shape memory alloy thin films,2008.0,49.3,26.3,6.958,Ni49.3Ti26.3Hf24.4 %,24.4
Z. Pu; K. Wu and Y. Liu,International Symposium on Shape Memory Materials,Structure and Properties of NiTi-Hf Rapidly Solidified High Temperature Shape Memory Alloys,1994.0,49.3,49.5,6.958,Ni49.3Ti49.5Hf1.2 %,1.2
V. I. Kolomytsev,Scripta Metallurgica et Materialia,The effect of alloying by 3d; 4d; 5d transition metal klements on martensite transformation temperatures in compound TiNi,1994.0,49.3,49.8,6.958,Ni49.3Ti49.8Hf0.9 %,0.9
P. E. Thoma and J. J. Boehm,Materials Science and Engineering: A,Effect of composition on the amount of second phase and transformation temperatures of NixTi90−xHf10 shape memory alloys,1999.0,49.4,40.6,6.964,Ni49.4Ti40.6Hf10.0 %,10.0
K. S. Suresh; D. I. Kim; S. K. Bhaumik and S. Suwas,Intermetallics,Evolution and stability of phases in a high temperature shape memory alloy Ni49.4Ti38.6Hf12,2014.0,49.4,38.6,6.964,Ni49.4Ti38.6Hf12.0 %,12.0
K. S. Suresh; D. I. Kim; S. K. Bhaumik and S. Suwas,Intermetallics,Evolution and stability of phases in a high temperature shape memory alloy Ni49.4Ti38.6Hf12,2014.0,49.4,38.6,6.964,Ni49.4Ti38.6Hf12.0 %,12.0
K. S. Suresh; D. I. Kim; S. K. Bhaumik and S. Suwas,Intermetallics,Evolution and stability of phases in a high temperature shape memory alloy Ni49.4Ti38.6Hf12,2014.0,49.4,38.6,6.964,Ni49.4Ti38.6Hf12.0 %,12.0
K. S. Suresh; D. I. Kim; S. K. Bhaumik and S. Suwas,Intermetallics,Evolution of microstructure and texture in Ni49.4Ti38.6Hf12 shape memory alloy during hot rolling,2013.0,49.4,38.6,6.964,Ni49.4Ti38.6Hf12.0 %,12.0
K. S. Suresh; D. I. Kim; S. K. Bhaumik and S. Suwas,Intermetallics,Evolution of microstructure and texture in Ni49.4Ti38.6Hf12 shape memory alloy during hot rolling,2013.0,49.4,38.6,6.964,Ni49.4Ti38.6Hf12.0 %,12.0
H. D. Gu; K. M. Leung and C. Y. Chung,Journal of Vacuum Science & Technology A ,Growth of high-temperature NiTi1−xHfxNiTi1−xHfx shape memory alloy thin films by laser ablation of composite targets,1998.0,49.4,20.7,6.964,Ni49.4Ti20.7Hf29.9 %,29.9
G. S. Firstov; J. Van Humbeeck and Y. N. Koval,Materials Science and Engineering: A,High-temperature shape memory alloys,2004.0,49.4,35.9,6.964,Ni49.4Ti35.900000000000006Hf14.7 %,14.7
S. Sanjabi; Y. Z. Cao and Z. H. Barber,Sensors and Actuators A: Physical,Multi-target sputter deposition of Ni50Ti50−xHfx shape memory thin films for high temperature microactuator application,2005.0,49.4,40.2,6.964,Ni49.4Ti40.2Hf10.4 %,10.4
A. J. Muir Wood; S. Sanjabi; Y. Q. Fu; Z. H. Barber and T. W. Clyne,Surface and Coatings Technology,Nanoindentation of binary and ternary Ni–Ti-based shape memory alloy thin films,2008.0,49.4,40.2,6.964,Ni49.4Ti40.2Hf10.4 %,10.4
G. S. Firstov; J. Van Humbeeck and Y. N. Koval,Scripta Materialia,Comparison of high temperature shape memory behaviour for ZrCu-based; Ti–Ni–Zr and Ti–Ni–Hf alloys,2004.0,49.42,35.95,6.9652,Ni49.42Ti35.95Hf14.63 %,14.63
G. S. Firstov; J. Van Humbeeck and Y. N. Koval,Scripta Materialia,Comparison of high temperature shape memory behaviour for ZrCu-based; Ti–Ni–Zr and Ti–Ni–Hf alloys,2004.0,49.42,35.95,6.9652,Ni49.42Ti35.95Hf14.63 %,14.63
G. S. Firstov; J. Van Humbeeck and Y. N. Koval,Scripta Materialia,Comparison of high temperature shape memory behaviour for ZrCu-based; Ti–Ni–Zr and Ti–Ni–Hf alloys,2004.0,49.42,35.95,6.9652,Ni49.42Ti35.95Hf14.63 %,14.63
H. Y. Kim; T. Jinguu; T.-h. Nam and S. Miyazaki,Scripta Materialia,Cold workability and shape memory properties of novel Ti–Ni–Hf–Nb high-temperature shape memory alloys,2011.0,49.5,35.5,6.97,Ni49.5Ti35.5Hf15.0 %,15.0
H. Y. Kim; T. Jinguu; T.-h. Nam and S. Miyazaki,Scripta Materialia,Cold workability and shape memory properties of novel Ti–Ni–Hf–Nb high-temperature shape memory alloys,2011.0,49.5,35.5,6.97,Ni49.5Ti35.5Hf15.0 %,15.0
H. Y. Kim; T. Jinguu; T.-h. Nam and S. Miyazaki,Scripta Materialia,Cold workability and shape memory properties of novel Ti–Ni–Hf–Nb high-temperature shape memory alloys,2011.0,49.5,35.5,6.97,Ni49.5Ti35.5Hf15.0 %,15.0
H. Y. Kim; T. Jinguu; T.-h. Nam and S. Miyazaki,Scripta Materialia,Cold workability and shape memory properties of novel Ti–Ni–Hf–Nb high-temperature shape memory alloys,2011.0,49.5,35.5,6.97,Ni49.5Ti35.5Hf15.0 %,15.0
H. Y. Kim; T. Jinguu; T.-h. Nam and S. Miyazaki,Scripta Materialia,Cold workability and shape memory properties of novel Ti–Ni–Hf–Nb high-temperature shape memory alloys,2011.0,49.5,35.5,6.97,Ni49.5Ti35.5Hf15.0 %,15.0
S. Sanjabi; Y. Z. Cao and Z. H. Barber,Sensors and Actuators A: Physical,Multi-target sputter deposition of Ni50Ti50−xHfx shape memory thin films for high temperature microactuator application,2005.0,49.5,34.9,6.97,Ni49.5Ti34.9Hf15.6 %,15.6
A. J. Muir Wood; S. Sanjabi; Y. Q. Fu; Z. H. Barber and T. W. Clyne,Surface and Coatings Technology,Nanoindentation of binary and ternary Ni–Ti-based shape memory alloy thin films,2008.0,49.5,34.9,6.97,Ni49.5Ti34.9Hf15.6 %,15.6
D.-J. Kim; Y.-W. Kim and T.-H. Nam,Journal of nanoscience and nanotechnology,Solidification Rate Dependence of Microstructures and Transformation Behavior of Ti–Ni–Hf Alloys,2018.0,49.5,30.5,6.97,Ni49.5Ti30.5Hf20.0 %,20.0
D.-J. Kim; Y.-W. Kim and T.-H. Nam,Journal of nanoscience and nanotechnology,Solidification Rate Dependence of Microstructures and Transformation Behavior of Ti–Ni–Hf Alloys,2018.0,49.5,30.5,6.97,Ni49.5Ti30.5Hf20.0 %,20.0
D.-J. Kim; Y.-W. Kim and T.-H. Nam,Journal of nanoscience and nanotechnology,Solidification Rate Dependence of Microstructures and Transformation Behavior of Ti–Ni–Hf Alloys,2018.0,49.5,30.5,6.97,Ni49.5Ti30.5Hf20.0 %,20.0
S. Sanjabi; S. Sadrnezhaad and Z. Barber,Materials Science and Technology,Sputter alloying of Ni; Ti and Hf for fabrication of high temperature shape memory thin films,2007.0,49.5,35.5,6.97,Ni49.5Ti35.5Hf15.0 %,15.0
S. Sanjabi; S. Sadrnezhaad and Z. Barber,Materials Science and Technology,Sputter alloying of Ni; Ti and Hf for fabrication of high temperature shape memory thin films,2007.0,49.5,34.9,6.97,Ni49.5Ti34.9Hf15.6 %,15.6
T.-J. Ho; S.-K. Wu and K.-H. Lin,Materials Transactions,Two-Stage Martensitic Transformation in Thermal-Cycled Ti40. 5Ni49. 5Hf10 Shape Memory Alloy,2010.0,49.5,40.5,6.97,Ni49.5Ti40.5Hf10.0 %,10.0
T.-J. Ho; S.-K. Wu and K.-H. Lin,Materials Transactions,Two-Stage Martensitic Transformation in Thermal-Cycled Ti40. 5Ni49. 5Hf10 Shape Memory Alloy,2010.0,49.5,40.5,6.97,Ni49.5Ti40.5Hf10.0 %,10.0
T.-J. Ho; S.-K. Wu and K.-H. Lin,Materials Transactions,Two-Stage Martensitic Transformation in Thermal-Cycled Ti40. 5Ni49. 5Hf10 Shape Memory Alloy,2010.0,49.5,40.5,6.97,Ni49.5Ti40.5Hf10.0 %,10.0
T.-J. Ho; S.-K. Wu and K.-H. Lin,Materials Transactions,Two-Stage Martensitic Transformation in Thermal-Cycled Ti40. 5Ni49. 5Hf10 Shape Memory Alloy,2010.0,49.5,40.5,6.97,Ni49.5Ti40.5Hf10.0 %,10.0
T.-J. Ho; S.-K. Wu and K.-H. Lin,Materials Transactions,Two-Stage Martensitic Transformation in Thermal-Cycled Ti40. 5Ni49. 5Hf10 Shape Memory Alloy,2010.0,49.5,40.5,6.97,Ni49.5Ti40.5Hf10.0 %,10.0
T.-J. Ho; S.-K. Wu and K.-H. Lin,Materials Transactions,Two-Stage Martensitic Transformation in Thermal-Cycled Ti40. 5Ni49. 5Hf10 Shape Memory Alloy,2010.0,49.5,40.5,6.97,Ni49.5Ti40.5Hf10.0 %,10.0
Z. Zhang; J. Frenzel; K. Neuking and G. Eggeler,Materials Transactions,Vacuum induction melting of ternary NiTiX (X= Cu; Fe; Hf; Zr) shape memory alloys using graphite crucibles,2006.0,49.5,35.5,6.97,Ni49.5Ti35.5Hf15.0 %,15.0
Z. Zhang; J. Frenzel; K. Neuking and G. Eggeler,Materials Transactions,Vacuum induction melting of ternary NiTiX (X= Cu; Fe; Hf; Zr) shape memory alloys using graphite crucibles,2006.0,49.5,35.5,6.97,Ni49.5Ti35.5Hf15.0 %,15.0
P. E. Thoma and J. J. Boehm,Materials Science and Engineering: A,Effect of composition on the amount of second phase and transformation temperatures of NixTi90−xHf10 shape memory alloys,1999.0,49.6,40.4,6.976,Ni49.6Ti40.4Hf10.0 %,10.0
N. A. Ley and M. L. Young,,Effects of Thermo-Mechanical Processing on Precipitate Evolution in Equiatomic and Ni-lean NiTiHf High Temperature Shape Memory Alloys,2019.0,49.6,40.4,6.976,Ni49.6Ti40.4Hf10.0 %,10.0
N. A. Ley and M. L. Young,,Effects of Thermo-Mechanical Processing on Precipitate Evolution in Equiatomic and Ni-lean NiTiHf High Temperature Shape Memory Alloys,2019.0,49.6,40.4,6.976,Ni49.6Ti40.4Hf10.0 %,10.0
N. A. Ley and M. L. Young,,Effects of Thermo-Mechanical Processing on Precipitate Evolution in Equiatomic and Ni-lean NiTiHf High Temperature Shape Memory Alloys,2019.0,49.6,40.4,6.976,Ni49.6Ti40.4Hf10.0 %,10.0
S. Sanjabi; Y. Z. Cao and Z. H. Barber,Sensors and Actuators A: Physical,Multi-target sputter deposition of Ni50Ti50−xHfx shape memory thin films for high temperature microactuator application,2005.0,49.6,45.2,6.976,Ni49.6Ti45.2Hf5.2 %,5.2
A. J. Muir Wood; S. Sanjabi; Y. Q. Fu; Z. H. Barber and T. W. Clyne,Surface and Coatings Technology,Nanoindentation of binary and ternary Ni–Ti-based shape memory alloy thin films,2008.0,49.6,45.2,6.976,Ni49.6Ti45.2Hf5.2 %,5.2
H. D. Gu; K. M. Leung and C. Y. Chung,Journal of Vacuum Science & Technology A ,Growth of high-temperature NiTi1−xHfxNiTi1−xHfx shape memory alloy thin films by laser ablation of composite targets,1998.0,49.7,24.1,6.982,Ni49.7Ti24.1Hf26.2 %,26.2
C. Zhao; Y. Jin; S. Zhao and Q. Hou,Vacuum,Crystallization and microstructural evolution of an amorphous Ni–Ti–Hf film,2017.0,49.78,35.13,6.9868,Ni49.78Ti35.13Hf15.09 %,15.09
B. Kockar; I. Karaman; J. I. Kim and Y. Chumlyakov,Scripta Materialia,A method to enhance cyclic reversibility of NiTiHf high temperature shape memory alloys,2006.0,49.8,42.2,6.988,Ni49.8Ti42.2Hf8.0 %,8.0
B. Kockar; I. Karaman; J. I. Kim and Y. Chumlyakov,Scripta Materialia,A method to enhance cyclic reversibility of NiTiHf high temperature shape memory alloys,2006.0,49.8,42.2,6.988,Ni49.8Ti42.2Hf8.0 %,8.0
B. Kockar; I. Karaman; J. I. Kim and Y. Chumlyakov,Scripta Materialia,A method to enhance cyclic reversibility of NiTiHf high temperature shape memory alloys,2006.0,49.8,42.2,6.988,Ni49.8Ti42.2Hf8.0 %,8.0
B. Kockar; I. Karaman; J. I. Kim and Y. Chumlyakov,Scripta Materialia,A method to enhance cyclic reversibility of NiTiHf high temperature shape memory alloys,2006.0,49.8,42.2,6.988,Ni49.8Ti42.2Hf8.0 %,8.0
B. Kockar; I. Karaman; J. I. Kim and Y. Chumlyakov,Scripta Materialia,A method to enhance cyclic reversibility of NiTiHf high temperature shape memory alloys,2006.0,49.8,42.2,6.988,Ni49.8Ti42.2Hf8.0 %,8.0
B. Kockar; I. Karaman; J. I. Kim and Y. Chumlyakov,Scripta Materialia,A method to enhance cyclic reversibility of NiTiHf high temperature shape memory alloys,2006.0,49.8,42.2,6.988,Ni49.8Ti42.2Hf8.0 %,8.0
B. Kockar; I. Karaman; J. I. Kim and Y. Chumlyakov,Scripta Materialia,A method to enhance cyclic reversibility of NiTiHf high temperature shape memory alloys,2006.0,49.8,42.2,6.988,Ni49.8Ti42.2Hf8.0 %,8.0
B. Kockar; I. Karaman; J. I. Kim and Y. Chumlyakov,Scripta Materialia,A method to enhance cyclic reversibility of NiTiHf high temperature shape memory alloys,2006.0,49.8,42.2,6.988,Ni49.8Ti42.2Hf8.0 %,8.0
B. Kockar; I. Karaman; J. I. Kim and Y. Chumlyakov,Scripta Materialia,A method to enhance cyclic reversibility of NiTiHf high temperature shape memory alloys,2006.0,49.8,42.2,6.988,Ni49.8Ti42.2Hf8.0 %,8.0
B. Kockar; I. Karaman; J. I. Kim and Y. Chumlyakov,Scripta Materialia,A method to enhance cyclic reversibility of NiTiHf high temperature shape memory alloys,2006.0,49.8,42.2,6.988,Ni49.8Ti42.2Hf8.0 %,8.0
B. Kockar; I. Karaman; J. I. Kim and Y. Chumlyakov,Scripta Materialia,A method to enhance cyclic reversibility of NiTiHf high temperature shape memory alloys,2006.0,49.8,42.2,6.988,Ni49.8Ti42.2Hf8.0 %,8.0
B. Kockar; I. Karaman; J. I. Kim and Y. Chumlyakov,Scripta Materialia,A method to enhance cyclic reversibility of NiTiHf high temperature shape memory alloys,2006.0,49.8,42.2,6.988,Ni49.8Ti42.2Hf8.0 %,8.0
B. Kockar; I. Karaman; J. I. Kim and Y. Chumlyakov,Scripta Materialia,A method to enhance cyclic reversibility of NiTiHf high temperature shape memory alloys,2006.0,49.8,42.2,6.988,Ni49.8Ti42.2Hf8.0 %,8.0
B. Kockar; I. Karaman; J. I. Kim and Y. Chumlyakov,Scripta Materialia,A method to enhance cyclic reversibility of NiTiHf high temperature shape memory alloys,2006.0,49.8,42.2,6.988,Ni49.8Ti42.2Hf8.0 %,8.0
B. Kockar; I. Karaman; J. I. Kim and Y. Chumlyakov,Scripta Materialia,A method to enhance cyclic reversibility of NiTiHf high temperature shape memory alloys,2006.0,49.8,42.2,6.988,Ni49.8Ti42.2Hf8.0 %,8.0
B. Kockar; I. Karaman; J. I. Kim and Y. Chumlyakov,Scripta Materialia,A method to enhance cyclic reversibility of NiTiHf high temperature shape memory alloys,2006.0,49.8,42.2,6.988,Ni49.8Ti42.2Hf8.0 %,8.0
B. Kockar; I. Karaman; J. I. Kim and Y. Chumlyakov,Scripta Materialia,A method to enhance cyclic reversibility of NiTiHf high temperature shape memory alloys,2006.0,49.8,42.2,6.988,Ni49.8Ti42.2Hf8.0 %,8.0
B. Kockar; I. Karaman; J. I. Kim and Y. Chumlyakov,Scripta Materialia,A method to enhance cyclic reversibility of NiTiHf high temperature shape memory alloys,2006.0,49.8,42.2,6.988,Ni49.8Ti42.2Hf8.0 %,8.0
B. Kockar; I. Karaman; J. I. Kim and Y. Chumlyakov,Scripta Materialia,A method to enhance cyclic reversibility of NiTiHf high temperature shape memory alloys,2006.0,49.8,42.2,6.988,Ni49.8Ti42.2Hf8.0 %,8.0
B. Kockar; I. Karaman; J. I. Kim and Y. Chumlyakov,Scripta Materialia,A method to enhance cyclic reversibility of NiTiHf high temperature shape memory alloys,2006.0,49.8,42.2,6.988,Ni49.8Ti42.2Hf8.0 %,8.0
P. E. Thoma and J. J. Boehm,Materials Science and Engineering: A,Effect of composition on the amount of second phase and transformation temperatures of NixTi90−xHf10 shape memory alloys,1999.0,49.8,40.2,6.988,Ni49.8Ti40.2Hf10.0 %,10.0
K. Chastaing; P. Vermaut; P. Ochin; C. Segui; J. Y. Laval and R. Portier,Materials Science and Engineering: A,Effect of Cu and Hf additions on NiTi martensitic transformation,2006.0,49.8,40.2,6.988,Ni49.8Ti40.2Hf10.0 %,10.0
P. L. Potapov; A. V. Shelyakov; A. A. Gulyaev; E. L. Svistunov; N. M. Matveeva and D. Hodgson,Materials Letters,Effect of Hf on the structure of Ni-Ti martensitic alloys,1997.0,49.8,42.2,6.988,Ni49.8Ti42.2Hf8.0 %,8.0
P. L. Potapov; A. V. Shelyakov; A. A. Gulyaev; E. L. Svistunov; N. M. Matveeva and D. Hodgson,Materials Letters,Effect of Hf on the structure of Ni-Ti martensitic alloys,1997.0,49.8,40.7,6.988,Ni49.8Ti40.7Hf9.5 %,9.5
P. L. Potapov; A. V. Shelyakov; A. A. Gulyaev; E. L. Svistunov; N. M. Matveeva and D. Hodgson,Materials Letters,Effect of Hf on the structure of Ni-Ti martensitic alloys,1997.0,49.8,40.7,6.988,Ni49.8Ti40.7Hf9.5 %,9.5
P. L. Potapov; A. V. Shelyakov; A. A. Gulyaev; E. L. Svistunov; N. M. Matveeva and D. Hodgson,Materials Letters,Effect of Hf on the structure of Ni-Ti martensitic alloys,1997.0,49.8,39.2,6.988,Ni49.8Ti39.2Hf11.0 %,11.0
P. L. Potapov; A. V. Shelyakov; A. A. Gulyaev; E. L. Svistunov; N. M. Matveeva and D. Hodgson,Materials Letters,Effect of Hf on the structure of Ni-Ti martensitic alloys,1997.0,49.8,39.2,6.988,Ni49.8Ti39.2Hf11.0 %,11.0
P. L. Potapov; A. V. Shelyakov; A. A. Gulyaev; E. L. Svistunov; N. M. Matveeva and D. Hodgson,Materials Letters,Effect of Hf on the structure of Ni-Ti martensitic alloys,1997.0,49.8,35.2,6.988,Ni49.8Ti35.2Hf15.0 %,15.0
P. L. Potapov; A. V. Shelyakov; A. A. Gulyaev; E. L. Svistunov; N. M. Matveeva and D. Hodgson,Materials Letters,Effect of Hf on the structure of Ni-Ti martensitic alloys,1997.0,49.8,35.2,6.988,Ni49.8Ti35.2Hf15.0 %,15.0
P. L. Potapov; A. V. Shelyakov; A. A. Gulyaev; E. L. Svistunov; N. M. Matveeva and D. Hodgson,Materials Letters,Effect of Hf on the structure of Ni-Ti martensitic alloys,1997.0,49.8,30.2,6.988,Ni49.8Ti30.2Hf20.0 %,20.0
P. L. Potapov; A. V. Shelyakov; A. A. Gulyaev; E. L. Svistunov; N. M. Matveeva and D. Hodgson,Materials Letters,Effect of Hf on the structure of Ni-Ti martensitic alloys,1997.0,49.8,30.2,6.988,Ni49.8Ti30.2Hf20.0 %,20.0
N. A. Ley and M. L. Young,,Effects of Thermo-Mechanical Processing on Precipitate Evolution in Equiatomic and Ni-lean NiTiHf High Temperature Shape Memory Alloys,2019.0,49.8,40.2,6.988,Ni49.8Ti40.2Hf10.0 %,10.0
N. A. Ley and M. L. Young,,Effects of Thermo-Mechanical Processing on Precipitate Evolution in Equiatomic and Ni-lean NiTiHf High Temperature Shape Memory Alloys,2019.0,49.8,40.2,6.988,Ni49.8Ti40.2Hf10.0 %,10.0
N. A. Ley and M. L. Young,,Effects of Thermo-Mechanical Processing on Precipitate Evolution in Equiatomic and Ni-lean NiTiHf High Temperature Shape Memory Alloys,2019.0,49.8,40.2,6.988,Ni49.8Ti40.2Hf10.0 %,10.0
F. Dalle; E. Perrin; P. Vermaut; M. Masse and R. Portier,Acta Materialia,Interface mobility in Ni49.8Ti42.2Hf8 shape memory alloy,2002.0,49.8,42.2,6.988,Ni49.8Ti42.2Hf8.0 %,8.0
F. Dalle; E. Perrin; P. Vermaut; M. Masse and R. Portier,Acta Materialia,Interface mobility in Ni49.8Ti42.2Hf8 shape memory alloy,2002.0,49.8,42.2,6.988,Ni49.8Ti42.2Hf8.0 %,8.0
F. Dalle; E. Perrin; P. Vermaut; M. Masse and R. Portier,Acta Materialia,Interface mobility in Ni49.8Ti42.2Hf8 shape memory alloy,2002.0,49.8,42.2,6.988,Ni49.8Ti42.2Hf8.0 %,8.0
F. Dalle; E. Perrin; P. Vermaut; M. Masse and R. Portier,Acta Materialia,Interface mobility in Ni49.8Ti42.2Hf8 shape memory alloy,2002.0,49.8,42.2,6.988,Ni49.8Ti42.2Hf8.0 %,8.0
F. Dalle; E. Perrin; P. Vermaut; M. Masse and R. Portier,Acta Materialia,Interface mobility in Ni49.8Ti42.2Hf8 shape memory alloy,2002.0,49.8,42.2,6.988,Ni49.8Ti42.2Hf8.0 %,8.0
F. Dalle; E. Perrin; P. Vermaut; M. Masse and R. Portier,Acta Materialia,Interface mobility in Ni49.8Ti42.2Hf8 shape memory alloy,2002.0,49.8,42.2,6.988,Ni49.8Ti42.2Hf8.0 %,8.0
F. Dalle; E. Perrin; P. Vermaut; M. Masse and R. Portier,Acta Materialia,Interface mobility in Ni49.8Ti42.2Hf8 shape memory alloy,2002.0,49.8,42.2,6.988,Ni49.8Ti42.2Hf8.0 %,8.0
F. Dalle; E. Perrin; P. Vermaut; M. Masse and R. Portier,Acta Materialia,Interface mobility in Ni49.8Ti42.2Hf8 shape memory alloy,2002.0,49.8,42.2,6.988,Ni49.8Ti42.2Hf8.0 %,8.0
C. Zhao and X. Meng,Modern Physics Letters B,Microstructure evolution and phase transformation in thermally cycled Ni–Ti–Hf film,2016.0,49.8,34.4,6.988,Ni49.8Ti34.4Hf15.8 %,15.8
C. Zhao and X. Meng,Modern Physics Letters B,Microstructure evolution and phase transformation in thermally cycled Ni–Ti–Hf film,2016.0,49.8,34.4,6.988,Ni49.8Ti34.4Hf15.8 %,15.8
C. Zhao and X. Meng,Modern Physics Letters B,Microstructure evolution and phase transformation in thermally cycled Ni–Ti–Hf film,2016.0,49.8,34.4,6.988,Ni49.8Ti34.4Hf15.8 %,15.8
C. Zhao and X. Meng,Modern Physics Letters B,Microstructure evolution and phase transformation in thermally cycled Ni–Ti–Hf film,2016.0,49.8,34.4,6.988,Ni49.8Ti34.4Hf15.8 %,15.8
C. Zhao and X. Meng,Modern Physics Letters B,Microstructure evolution and phase transformation in thermally cycled Ni–Ti–Hf film,2016.0,49.8,34.4,6.988,Ni49.8Ti34.4Hf15.8 %,15.8
C. Zhao and X. Meng,Modern Physics Letters B,Microstructure evolution and phase transformation in thermally cycled Ni–Ti–Hf film,2016.0,49.8,34.4,6.988,Ni49.8Ti34.4Hf15.8 %,15.8
C. Zhao and X. Meng,Modern Physics Letters B,Microstructure evolution and phase transformation in thermally cycled Ni–Ti–Hf film,2016.0,49.8,34.4,6.988,Ni49.8Ti34.4Hf15.8 %,15.8
C. Zhao and X. Meng,Modern Physics Letters B,Microstructure evolution and phase transformation in thermally cycled Ni–Ti–Hf film,2016.0,49.8,34.4,6.988,Ni49.8Ti34.4Hf15.8 %,15.8
C. Zhao and X. Meng,Modern Physics Letters B,Microstructure evolution and phase transformation in thermally cycled Ni–Ti–Hf film,2016.0,49.8,34.4,6.988,Ni49.8Ti34.4Hf15.8 %,15.8
C. Zhao and X. Meng,Modern Physics Letters B,Microstructure evolution and phase transformation in thermally cycled Ni–Ti–Hf film,2016.0,49.8,34.4,6.988,Ni49.8Ti34.4Hf15.8 %,15.8
C. Zhao and X. Meng,Modern Physics Letters B,Microstructure evolution and phase transformation in thermally cycled Ni–Ti–Hf film,2016.0,49.8,34.4,6.988,Ni49.8Ti34.4Hf15.8 %,15.8
C. Zhao and X. Meng,Modern Physics Letters B,Microstructure evolution and phase transformation in thermally cycled Ni–Ti–Hf film,2016.0,49.8,34.4,6.988,Ni49.8Ti34.4Hf15.8 %,15.8
C. Zhao and X. Meng,Modern Physics Letters B,Microstructure evolution and phase transformation in thermally cycled Ni–Ti–Hf film,2016.0,49.8,34.4,6.988,Ni49.8Ti34.4Hf15.8 %,15.8
C. Zhao and X. Meng,Modern Physics Letters B,Microstructure evolution and phase transformation in thermally cycled Ni–Ti–Hf film,2016.0,49.8,34.4,6.988,Ni49.8Ti34.4Hf15.8 %,15.8
F. Dalle; G. Despert; P. Vermaut; R. Portier; A. Dezellus; P. Plaindoux and P. Ochin,Materials Science and Engineering: A,Ni49.8Ti42.2Hf8 shape memory alloy strips production by the twin roll casting technique,2003.0,49.8,42.2,6.988,Ni49.8Ti42.2Hf8.0 %,8.0
J. Frenzel; A. Wieczorek; I. Opahle; B. Maaß; R. Drautz and G. Eggeler,Acta Materialia,On the effect of alloy composition on martensite start temperatures and latent heats in Ni–Ti-based shape memory alloys,2015.0,49.8,48.2,6.988,Ni49.8Ti48.2Hf2.0 %,2.0
J. Frenzel; A. Wieczorek; I. Opahle; B. Maaß; R. Drautz and G. Eggeler,Acta Materialia,On the effect of alloy composition on martensite start temperatures and latent heats in Ni–Ti-based shape memory alloys,2015.0,49.8,46.2,6.988,Ni49.8Ti46.2Hf4.0 %,4.0
J. Frenzel; A. Wieczorek; I. Opahle; B. Maaß; R. Drautz and G. Eggeler,Acta Materialia,On the effect of alloy composition on martensite start temperatures and latent heats in Ni–Ti-based shape memory alloys,2015.0,49.8,44.2,6.988,Ni49.8Ti44.2Hf6.0 %,6.0
J. Frenzel; A. Wieczorek; I. Opahle; B. Maaß; R. Drautz and G. Eggeler,Acta Materialia,On the effect of alloy composition on martensite start temperatures and latent heats in Ni–Ti-based shape memory alloys,2015.0,49.8,42.2,6.988,Ni49.8Ti42.2Hf8.0 %,8.0
J. Frenzel; A. Wieczorek; I. Opahle; B. Maaß; R. Drautz and G. Eggeler,Acta Materialia,On the effect of alloy composition on martensite start temperatures and latent heats in Ni–Ti-based shape memory alloys,2015.0,49.8,40.2,6.988,Ni49.8Ti40.2Hf10.0 %,10.0
J. Frenzel; A. Wieczorek; I. Opahle; B. Maaß; R. Drautz and G. Eggeler,Acta Materialia,On the effect of alloy composition on martensite start temperatures and latent heats in Ni–Ti-based shape memory alloys,2015.0,49.8,39.2,6.988,Ni49.8Ti39.2Hf11.0 %,11.0
J. Frenzel; A. Wieczorek; I. Opahle; B. Maaß; R. Drautz and G. Eggeler,Acta Materialia,On the effect of alloy composition on martensite start temperatures and latent heats in Ni–Ti-based shape memory alloys,2015.0,49.8,35.2,6.988,Ni49.8Ti35.2Hf15.0 %,15.0
J. Frenzel; A. Wieczorek; I. Opahle; B. Maaß; R. Drautz and G. Eggeler,Acta Materialia,On the effect of alloy composition on martensite start temperatures and latent heats in Ni–Ti-based shape memory alloys,2015.0,49.8,30.2,6.988,Ni49.8Ti30.2Hf20.0 %,20.0
A. Shelyakov; A. A. Gulyaev; P. Potapov; E. L. Svistunov; D. Hodgson; N. M. Matveeva and J. Cederstrom,Shape Memory and Superelastic Technologies,Rapidly Quenched High Temperature Shape Memory NiTiHf Alloys,1997.0,49.8,40.7,6.988,Ni49.8Ti40.7Hf9.5 %,9.5
A. Shelyakov; A. A. Gulyaev; P. Potapov; E. L. Svistunov; D. Hodgson; N. M. Matveeva and J. Cederstrom,Shape Memory and Superelastic Technologies,Rapidly Quenched High Temperature Shape Memory NiTiHf Alloys,1997.0,49.8,40.7,6.988,Ni49.8Ti40.7Hf9.5 %,9.5
A. Shelyakov; A. A. Gulyaev; P. Potapov; E. L. Svistunov; D. Hodgson; N. M. Matveeva and J. Cederstrom,Shape Memory and Superelastic Technologies,Rapidly Quenched High Temperature Shape Memory NiTiHf Alloys,1997.0,49.8,40.7,6.988,Ni49.8Ti40.7Hf9.5 %,9.5
A. Shelyakov; A. A. Gulyaev; P. Potapov; E. L. Svistunov; D. Hodgson; N. M. Matveeva and J. Cederstrom,Shape Memory and Superelastic Technologies,Rapidly Quenched High Temperature Shape Memory NiTiHf Alloys,1997.0,49.8,40.7,6.988,Ni49.8Ti40.7Hf9.5 %,9.5
A. Shelyakov; A. A. Gulyaev; P. Potapov; E. L. Svistunov; D. Hodgson; N. M. Matveeva and J. Cederstrom,Shape Memory and Superelastic Technologies,Rapidly Quenched High Temperature Shape Memory NiTiHf Alloys,1997.0,49.8,40.7,6.988,Ni49.8Ti40.7Hf9.5 %,9.5
A. Shelyakov; A. A. Gulyaev; P. Potapov; E. L. Svistunov; D. Hodgson; N. M. Matveeva and J. Cederstrom,Shape Memory and Superelastic Technologies,Rapidly Quenched High Temperature Shape Memory NiTiHf Alloys,1997.0,49.8,40.7,6.988,Ni49.8Ti40.7Hf9.5 %,9.5
A. Shelyakov; A. A. Gulyaev; P. Potapov; E. L. Svistunov; D. Hodgson; N. M. Matveeva and J. Cederstrom,Shape Memory and Superelastic Technologies,Rapidly Quenched High Temperature Shape Memory NiTiHf Alloys,1997.0,49.8,40.7,6.988,Ni49.8Ti40.7Hf9.5 %,9.5
A. Shelyakov; A. A. Gulyaev; P. Potapov; E. L. Svistunov; D. Hodgson; N. M. Matveeva and J. Cederstrom,Shape Memory and Superelastic Technologies,Rapidly Quenched High Temperature Shape Memory NiTiHf Alloys,1997.0,49.8,40.7,6.988,Ni49.8Ti40.7Hf9.5 %,9.5
A. Shelyakov; A. A. Gulyaev; P. Potapov; E. L. Svistunov; D. Hodgson; N. M. Matveeva and J. Cederstrom,Shape Memory and Superelastic Technologies,Rapidly Quenched High Temperature Shape Memory NiTiHf Alloys,1997.0,49.8,40.7,6.988,Ni49.8Ti40.7Hf9.5 %,9.5
A. Shelyakov; A. A. Gulyaev; P. Potapov; E. L. Svistunov; D. Hodgson; N. M. Matveeva and J. Cederstrom,Shape Memory and Superelastic Technologies,Rapidly Quenched High Temperature Shape Memory NiTiHf Alloys,1997.0,49.8,40.7,6.988,Ni49.8Ti40.7Hf9.5 %,9.5
A. Shelyakov; A. A. Gulyaev; P. Potapov; E. L. Svistunov; D. Hodgson; N. M. Matveeva and J. Cederstrom,Shape Memory and Superelastic Technologies,Rapidly Quenched High Temperature Shape Memory NiTiHf Alloys,1997.0,49.8,40.7,6.988,Ni49.8Ti40.7Hf9.5 %,9.5
A. Shelyakov; A. A. Gulyaev; P. Potapov; E. L. Svistunov; D. Hodgson; N. M. Matveeva and J. Cederstrom,Shape Memory and Superelastic Technologies,Rapidly Quenched High Temperature Shape Memory NiTiHf Alloys,1997.0,49.8,40.7,6.988,Ni49.8Ti40.7Hf9.5 %,9.5
A. Shelyakov; A. A. Gulyaev; P. Potapov; E. L. Svistunov; D. Hodgson; N. M. Matveeva and J. Cederstrom,Shape Memory and Superelastic Technologies,Rapidly Quenched High Temperature Shape Memory NiTiHf Alloys,1997.0,49.8,39.2,6.988,Ni49.8Ti39.2Hf11.0 %,11.0
A. Shelyakov; A. A. Gulyaev; P. Potapov; E. L. Svistunov; D. Hodgson; N. M. Matveeva and J. Cederstrom,Shape Memory and Superelastic Technologies,Rapidly Quenched High Temperature Shape Memory NiTiHf Alloys,1997.0,49.8,39.2,6.988,Ni49.8Ti39.2Hf11.0 %,11.0
A. Shelyakov; A. A. Gulyaev; P. Potapov; E. L. Svistunov; D. Hodgson; N. M. Matveeva and J. Cederstrom,Shape Memory and Superelastic Technologies,Rapidly Quenched High Temperature Shape Memory NiTiHf Alloys,1997.0,49.8,39.2,6.988,Ni49.8Ti39.2Hf11.0 %,11.0
A. Shelyakov; A. A. Gulyaev; P. Potapov; E. L. Svistunov; D. Hodgson; N. M. Matveeva and J. Cederstrom,Shape Memory and Superelastic Technologies,Rapidly Quenched High Temperature Shape Memory NiTiHf Alloys,1997.0,49.8,39.2,6.988,Ni49.8Ti39.2Hf11.0 %,11.0
A. Shelyakov; A. A. Gulyaev; P. Potapov; E. L. Svistunov; D. Hodgson; N. M. Matveeva and J. Cederstrom,Shape Memory and Superelastic Technologies,Rapidly Quenched High Temperature Shape Memory NiTiHf Alloys,1997.0,49.8,39.2,6.988,Ni49.8Ti39.2Hf11.0 %,11.0
A. Shelyakov; A. A. Gulyaev; P. Potapov; E. L. Svistunov; D. Hodgson; N. M. Matveeva and J. Cederstrom,Shape Memory and Superelastic Technologies,Rapidly Quenched High Temperature Shape Memory NiTiHf Alloys,1997.0,49.8,39.2,6.988,Ni49.8Ti39.2Hf11.0 %,11.0
A. Shelyakov; A. A. Gulyaev; P. Potapov; E. L. Svistunov; D. Hodgson; N. M. Matveeva and J. Cederstrom,Shape Memory and Superelastic Technologies,Rapidly Quenched High Temperature Shape Memory NiTiHf Alloys,1997.0,49.8,39.2,6.988,Ni49.8Ti39.2Hf11.0 %,11.0
A. Shelyakov; A. A. Gulyaev; P. Potapov; E. L. Svistunov; D. Hodgson; N. M. Matveeva and J. Cederstrom,Shape Memory and Superelastic Technologies,Rapidly Quenched High Temperature Shape Memory NiTiHf Alloys,1997.0,49.8,35.2,6.988,Ni49.8Ti35.2Hf15.0 %,15.0
A. Shelyakov; A. A. Gulyaev; P. Potapov; E. L. Svistunov; D. Hodgson; N. M. Matveeva and J. Cederstrom,Shape Memory and Superelastic Technologies,Rapidly Quenched High Temperature Shape Memory NiTiHf Alloys,1997.0,49.8,35.2,6.988,Ni49.8Ti35.2Hf15.0 %,15.0
A. Shelyakov; A. A. Gulyaev; P. Potapov; E. L. Svistunov; D. Hodgson; N. M. Matveeva and J. Cederstrom,Shape Memory and Superelastic Technologies,Rapidly Quenched High Temperature Shape Memory NiTiHf Alloys,1997.0,49.8,35.2,6.988,Ni49.8Ti35.2Hf15.0 %,15.0
A. Shelyakov; A. A. Gulyaev; P. Potapov; E. L. Svistunov; D. Hodgson; N. M. Matveeva and J. Cederstrom,Shape Memory and Superelastic Technologies,Rapidly Quenched High Temperature Shape Memory NiTiHf Alloys,1997.0,49.8,35.2,6.988,Ni49.8Ti35.2Hf15.0 %,15.0
A. Shelyakov; A. A. Gulyaev; P. Potapov; E. L. Svistunov; D. Hodgson; N. M. Matveeva and J. Cederstrom,Shape Memory and Superelastic Technologies,Rapidly Quenched High Temperature Shape Memory NiTiHf Alloys,1997.0,49.8,35.2,6.988,Ni49.8Ti35.2Hf15.0 %,15.0
A. Shelyakov; A. A. Gulyaev; P. Potapov; E. L. Svistunov; D. Hodgson; N. M. Matveeva and J. Cederstrom,Shape Memory and Superelastic Technologies,Rapidly Quenched High Temperature Shape Memory NiTiHf Alloys,1997.0,49.8,35.2,6.988,Ni49.8Ti35.2Hf15.0 %,15.0
A. Shelyakov; A. A. Gulyaev; P. Potapov; E. L. Svistunov; D. Hodgson; N. M. Matveeva and J. Cederstrom,Shape Memory and Superelastic Technologies,Rapidly Quenched High Temperature Shape Memory NiTiHf Alloys,1997.0,49.8,35.2,6.988,Ni49.8Ti35.2Hf15.0 %,15.0
A. Shelyakov; A. A. Gulyaev; P. Potapov; E. L. Svistunov; D. Hodgson; N. M. Matveeva and J. Cederstrom,Shape Memory and Superelastic Technologies,Rapidly Quenched High Temperature Shape Memory NiTiHf Alloys,1997.0,49.8,30.2,6.988,Ni49.8Ti30.2Hf20.0 %,20.0
A. Shelyakov; A. A. Gulyaev; P. Potapov; E. L. Svistunov; D. Hodgson; N. M. Matveeva and J. Cederstrom,Shape Memory and Superelastic Technologies,Rapidly Quenched High Temperature Shape Memory NiTiHf Alloys,1997.0,49.8,30.2,6.988,Ni49.8Ti30.2Hf20.0 %,20.0
A. Shelyakov; A. A. Gulyaev; P. Potapov; E. L. Svistunov; D. Hodgson; N. M. Matveeva and J. Cederstrom,Shape Memory and Superelastic Technologies,Rapidly Quenched High Temperature Shape Memory NiTiHf Alloys,1997.0,49.8,30.2,6.988,Ni49.8Ti30.2Hf20.0 %,20.0
A. Shelyakov; A. A. Gulyaev; P. Potapov; E. L. Svistunov; D. Hodgson; N. M. Matveeva and J. Cederstrom,Shape Memory and Superelastic Technologies,Rapidly Quenched High Temperature Shape Memory NiTiHf Alloys,1997.0,49.8,30.2,6.988,Ni49.8Ti30.2Hf20.0 %,20.0
A. Shelyakov; A. A. Gulyaev; P. Potapov; E. L. Svistunov; D. Hodgson; N. M. Matveeva and J. Cederstrom,Shape Memory and Superelastic Technologies,Rapidly Quenched High Temperature Shape Memory NiTiHf Alloys,1997.0,49.8,30.2,6.988,Ni49.8Ti30.2Hf20.0 %,20.0
A. Shelyakov; A. A. Gulyaev; P. Potapov; E. L. Svistunov; D. Hodgson; N. M. Matveeva and J. Cederstrom,Shape Memory and Superelastic Technologies,Rapidly Quenched High Temperature Shape Memory NiTiHf Alloys,1997.0,49.8,30.2,6.988,Ni49.8Ti30.2Hf20.0 %,20.0
A. A. Simon,Mechanical Engineering,Shape memory response and microstructural evolution of a severe plastically deformed high temperature shape memory alloy (NiTiHf),2006.0,49.8,42.2,6.988,Ni49.8Ti42.2Hf8.0 %,8.0
A. A. Simon,Mechanical Engineering,Shape memory response and microstructural evolution of a severe plastically deformed high temperature shape memory alloy (NiTiHf),2006.0,49.8,42.2,6.988,Ni49.8Ti42.2Hf8.0 %,8.0
A. A. Simon,Mechanical Engineering,Shape memory response and microstructural evolution of a severe plastically deformed high temperature shape memory alloy (NiTiHf),2006.0,49.8,42.2,6.988,Ni49.8Ti42.2Hf8.0 %,8.0
A. A. Simon,Mechanical Engineering,Shape memory response and microstructural evolution of a severe plastically deformed high temperature shape memory alloy (NiTiHf),2006.0,49.8,42.2,6.988,Ni49.8Ti42.2Hf8.0 %,8.0
A. A. Simon,Mechanical Engineering,Shape memory response and microstructural evolution of a severe plastically deformed high temperature shape memory alloy (NiTiHf),2006.0,49.8,42.2,6.988,Ni49.8Ti42.2Hf8.0 %,8.0
A. A. Simon,Mechanical Engineering,Shape memory response and microstructural evolution of a severe plastically deformed high temperature shape memory alloy (NiTiHf),2006.0,49.8,42.2,6.988,Ni49.8Ti42.2Hf8.0 %,8.0
A. A. Simon,Mechanical Engineering,Shape memory response and microstructural evolution of a severe plastically deformed high temperature shape memory alloy (NiTiHf),2006.0,49.8,42.2,6.988,Ni49.8Ti42.2Hf8.0 %,8.0
A. A. Simon,Mechanical Engineering,Shape memory response and microstructural evolution of a severe plastically deformed high temperature shape memory alloy (NiTiHf),2006.0,49.8,42.2,6.988,Ni49.8Ti42.2Hf8.0 %,8.0
A. A. Simon,Mechanical Engineering,Shape memory response and microstructural evolution of a severe plastically deformed high temperature shape memory alloy (NiTiHf),2006.0,49.8,42.2,6.988,Ni49.8Ti42.2Hf8.0 %,8.0
A. A. Simon,Mechanical Engineering,Shape memory response and microstructural evolution of a severe plastically deformed high temperature shape memory alloy (NiTiHf),2006.0,49.8,42.2,6.988,Ni49.8Ti42.2Hf8.0 %,8.0
A. A. Simon,Mechanical Engineering,Shape memory response and microstructural evolution of a severe plastically deformed high temperature shape memory alloy (NiTiHf),2006.0,49.8,42.2,6.988,Ni49.8Ti42.2Hf8.0 %,8.0
A. A. Simon,Mechanical Engineering,Shape memory response and microstructural evolution of a severe plastically deformed high temperature shape memory alloy (NiTiHf),2006.0,49.8,42.2,6.988,Ni49.8Ti42.2Hf8.0 %,8.0
A. A. Simon,Mechanical Engineering,Shape memory response and microstructural evolution of a severe plastically deformed high temperature shape memory alloy (NiTiHf),2006.0,49.8,42.2,6.988,Ni49.8Ti42.2Hf8.0 %,8.0
A. A. Simon,Mechanical Engineering,Shape memory response and microstructural evolution of a severe plastically deformed high temperature shape memory alloy (NiTiHf),2006.0,49.8,42.2,6.988,Ni49.8Ti42.2Hf8.0 %,8.0
A. A. Simon,Mechanical Engineering,Shape memory response and microstructural evolution of a severe plastically deformed high temperature shape memory alloy (NiTiHf),2006.0,49.8,42.2,6.988,Ni49.8Ti42.2Hf8.0 %,8.0
A. A. Simon,Mechanical Engineering,Shape memory response and microstructural evolution of a severe plastically deformed high temperature shape memory alloy (NiTiHf),2006.0,49.8,42.2,6.988,Ni49.8Ti42.2Hf8.0 %,8.0
A. A. Simon,Mechanical Engineering,Shape memory response and microstructural evolution of a severe plastically deformed high temperature shape memory alloy (NiTiHf),2006.0,49.8,42.2,6.988,Ni49.8Ti42.2Hf8.0 %,8.0
A. A. Simon,Mechanical Engineering,Shape memory response and microstructural evolution of a severe plastically deformed high temperature shape memory alloy (NiTiHf),2006.0,49.8,42.2,6.988,Ni49.8Ti42.2Hf8.0 %,8.0
A. A. Simon,Mechanical Engineering,Shape memory response and microstructural evolution of a severe plastically deformed high temperature shape memory alloy (NiTiHf),2006.0,49.8,42.2,6.988,Ni49.8Ti42.2Hf8.0 %,8.0
A. A. Simon,Mechanical Engineering,Shape memory response and microstructural evolution of a severe plastically deformed high temperature shape memory alloy (NiTiHf),2006.0,49.8,42.2,6.988,Ni49.8Ti42.2Hf8.0 %,8.0
A. A. Simon,Mechanical Engineering,Shape memory response and microstructural evolution of a severe plastically deformed high temperature shape memory alloy (NiTiHf),2006.0,49.8,42.2,6.988,Ni49.8Ti42.2Hf8.0 %,8.0
A. A. Simon,Mechanical Engineering,Shape memory response and microstructural evolution of a severe plastically deformed high temperature shape memory alloy (NiTiHf),2006.0,49.8,42.2,6.988,Ni49.8Ti42.2Hf8.0 %,8.0
A. A. Simon,Mechanical Engineering,Shape memory response and microstructural evolution of a severe plastically deformed high temperature shape memory alloy (NiTiHf),2006.0,49.8,42.2,6.988,Ni49.8Ti42.2Hf8.0 %,8.0
A. A. Simon,Mechanical Engineering,Shape memory response and microstructural evolution of a severe plastically deformed high temperature shape memory alloy (NiTiHf),2006.0,49.8,42.2,6.988,Ni49.8Ti42.2Hf8.0 %,8.0
A. A. Simon,Mechanical Engineering,Shape memory response and microstructural evolution of a severe plastically deformed high temperature shape memory alloy (NiTiHf),2006.0,49.8,42.2,6.988,Ni49.8Ti42.2Hf8.0 %,8.0
A. A. Simon,Mechanical Engineering,Shape memory response and microstructural evolution of a severe plastically deformed high temperature shape memory alloy (NiTiHf),2006.0,49.8,42.2,6.988,Ni49.8Ti42.2Hf8.0 %,8.0
A. A. Simon,Mechanical Engineering,Shape memory response and microstructural evolution of a severe plastically deformed high temperature shape memory alloy (NiTiHf),2006.0,49.8,42.2,6.988,Ni49.8Ti42.2Hf8.0 %,8.0
A. A. Simon,Mechanical Engineering,Shape memory response and microstructural evolution of a severe plastically deformed high temperature shape memory alloy (NiTiHf),2006.0,49.8,42.2,6.988,Ni49.8Ti42.2Hf8.0 %,8.0
V. I. Kolomytsev,Scripta Metallurgica et Materialia,The effect of alloying by 3d; 4d; 5d transition metal klements on martensite transformation temperatures in compound TiNi,1994.0,49.8,49.3,6.988,Ni49.8Ti49.3Hf0.9 %,0.9
T. Umale; D. Salas; B. Tomes; R. Arroyave and I. Karaman,Scripta Materialia,The effects of wide range of compositional changes on the martensitic transformation characteristics of NiTiHf shape memory alloys,2019.0,49.8,45.2,6.988,Ni49.8Ti45.2Hf5.0 %,5.0
T. Umale; D. Salas; B. Tomes; R. Arroyave and I. Karaman,Scripta Materialia,The effects of wide range of compositional changes on the martensitic transformation characteristics of NiTiHf shape memory alloys,2019.0,49.8,40.2,6.988,Ni49.8Ti40.2Hf10.0 %,10.0
T. Umale; D. Salas; B. Tomes; R. Arroyave and I. Karaman,Scripta Materialia,The effects of wide range of compositional changes on the martensitic transformation characteristics of NiTiHf shape memory alloys,2019.0,49.8,35.2,6.988,Ni49.8Ti35.2Hf15.0 %,15.0
T. Umale; D. Salas; B. Tomes; R. Arroyave and I. Karaman,Scripta Materialia,The effects of wide range of compositional changes on the martensitic transformation characteristics of NiTiHf shape memory alloys,2019.0,49.8,30.2,6.988,Ni49.8Ti30.200000000000003Hf20.0 %,20.0
T. Umale; D. Salas; B. Tomes; R. Arroyave and I. Karaman,Scripta Materialia,The effects of wide range of compositional changes on the martensitic transformation characteristics of NiTiHf shape memory alloys,2019.0,49.8,25.2,6.988,Ni49.8Ti25.200000000000003Hf25.0 %,25.0
T. Umale; D. Salas; B. Tomes; R. Arroyave and I. Karaman,Scripta Materialia,The effects of wide range of compositional changes on the martensitic transformation characteristics of NiTiHf shape memory alloys,2019.0,49.8,20.2,6.988,Ni49.8Ti20.200000000000003Hf30.0 %,30.0
H. D. Gu; K. M. Leung and C. Y. Chung,Journal of Vacuum Science & Technology A ,Growth of high-temperature NiTi1−xHfxNiTi1−xHfx shape memory alloy thin films by laser ablation of composite targets,1998.0,49.9,27.5,6.994,Ni49.9Ti27.5Hf22.6 %,22.6
S. M. Tuominen,Shape Memory and Superelastic Technologies,High Transformation Temperature Ni-Ti-Hf Alloys,1994.0,49.9,42.1,6.994,Ni49.9Ti42.1Hf8.0 %,8.0
S. M. Tuominen,Shape Memory and Superelastic Technologies,High Transformation Temperature Ni-Ti-Hf Alloys,1994.0,49.9,40.1,6.994,Ni49.9Ti40.1Hf10.0 %,10.0
S. M. Tuominen,Shape Memory and Superelastic Technologies,High Transformation Temperature Ni-Ti-Hf Alloys,1994.0,49.9,38.1,6.994,Ni49.9Ti38.1Hf12.0 %,12.0
S. M. Tuominen,Shape Memory and Superelastic Technologies,High Transformation Temperature Ni-Ti-Hf Alloys,1994.0,49.9,34.1,6.994,Ni49.9Ti34.1Hf16.0 %,16.0
E. Cesari; J. Pons; R. Santamarta; C. Segui; D. Stroz and H. Morawiec,Applied Crystallography: Proceedings of the XVIII Conference,Ageing Effects in Ni-Ti Based Shape Memory Alloys,2001.0,50.0,32.0,7.0,Ni50.0Ti32.0Hf18.0 %,18.0
E. Cesari; J. Pons; R. Santamarta; C. Segui; D. Stroz and H. Morawiec,Applied Crystallography: Proceedings of the XVIII Conference,Ageing Effects in Ni-Ti Based Shape Memory Alloys,2001.0,50.0,32.0,7.0,Ni50.0Ti32.0Hf18.0 %,18.0
E. Cesari; J. Pons; R. Santamarta; C. Segui; D. Stroz and H. Morawiec,Applied Crystallography: Proceedings of the XVIII Conference,Ageing Effects in Ni-Ti Based Shape Memory Alloys,2001.0,50.0,32.0,7.0,Ni50.0Ti32.0Hf18.0 %,18.0
E. Cesari; J. Pons; R. Santamarta; C. Segui; D. Stroz and H. Morawiec,Applied Crystallography: Proceedings of the XVIII Conference,Ageing Effects in Ni-Ti Based Shape Memory Alloys,2001.0,50.0,32.0,7.0,Ni50.0Ti32.0Hf18.0 %,18.0
E. Cesari; J. Pons; R. Santamarta; C. Segui; D. Stroz and H. Morawiec,Applied Crystallography: Proceedings of the XVIII Conference,Ageing Effects in Ni-Ti Based Shape Memory Alloys,2001.0,50.0,32.0,7.0,Ni50.0Ti32.0Hf18.0 %,18.0
E. Cesari; J. Pons; R. Santamarta; C. Segui; D. Stroz and H. Morawiec,Applied Crystallography: Proceedings of the XVIII Conference,Ageing Effects in Ni-Ti Based Shape Memory Alloys,2001.0,50.0,32.0,7.0,Ni50.0Ti32.0Hf18.0 %,18.0
E. Cesari; J. Pons; R. Santamarta; C. Segui; D. Stroz and H. Morawiec,Applied Crystallography: Proceedings of the XVIII Conference,Ageing Effects in Ni-Ti Based Shape Memory Alloys,2001.0,50.0,32.0,7.0,Ni50.0Ti32.0Hf18.0 %,18.0
E. Cesari; J. Pons; R. Santamarta; C. Segui; D. Stroz and H. Morawiec,Applied Crystallography: Proceedings of the XVIII Conference,Ageing Effects in Ni-Ti Based Shape Memory Alloys,2001.0,50.0,32.0,7.0,Ni50.0Ti32.0Hf18.0 %,18.0
E. Cesari; J. Pons; R. Santamarta; C. Segui; D. Stroz and H. Morawiec,Applied Crystallography: Proceedings of the XVIII Conference,Ageing Effects in Ni-Ti Based Shape Memory Alloys,2001.0,50.0,32.0,7.0,Ni50.0Ti32.0Hf18.0 %,18.0
E. Cesari; J. Pons; R. Santamarta; C. Segui; D. Stroz and H. Morawiec,Applied Crystallography: Proceedings of the XVIII Conference,Ageing Effects in Ni-Ti Based Shape Memory Alloys,2001.0,50.0,32.0,7.0,Ni50.0Ti32.0Hf18.0 %,18.0
E. Cesari; J. Pons; R. Santamarta; C. Segui; D. Stroz and H. Morawiec,Applied Crystallography: Proceedings of the XVIII Conference,Ageing Effects in Ni-Ti Based Shape Memory Alloys,2001.0,50.0,32.0,7.0,Ni50.0Ti32.0Hf18.0 %,18.0
E. Cesari; J. Pons; R. Santamarta; C. Segui; D. Stroz and H. Morawiec,Applied Crystallography: Proceedings of the XVIII Conference,Ageing Effects in Ni-Ti Based Shape Memory Alloys,2001.0,50.0,32.0,7.0,Ni50.0Ti32.0Hf18.0 %,18.0
E. Cesari; J. Pons; R. Santamarta; C. Segui; D. Stroz and H. Morawiec,Applied Crystallography: Proceedings of the XVIII Conference,Ageing Effects in Ni-Ti Based Shape Memory Alloys,2001.0,50.0,32.0,7.0,Ni50.0Ti32.0Hf18.0 %,18.0
E. Cesari; J. Pons; R. Santamarta; C. Segui; D. Stroz and H. Morawiec,Applied Crystallography: Proceedings of the XVIII Conference,Ageing Effects in Ni-Ti Based Shape Memory Alloys,2001.0,50.0,32.0,7.0,Ni50.0Ti32.0Hf18.0 %,18.0
E. Cesari; J. Pons; R. Santamarta; C. Segui; D. Stroz and H. Morawiec,Applied Crystallography: Proceedings of the XVIII Conference,Ageing Effects in Ni-Ti Based Shape Memory Alloys,2001.0,50.0,32.0,7.0,Ni50.0Ti32.0Hf18.0 %,18.0
E. Cesari; J. Pons; R. Santamarta; C. Segui; D. Stroz and H. Morawiec,Applied Crystallography: Proceedings of the XVIII Conference,Ageing Effects in Ni-Ti Based Shape Memory Alloys,2001.0,50.0,32.0,7.0,Ni50.0Ti32.0Hf18.0 %,18.0
E. Cesari; J. Pons; R. Santamarta; C. Segui; D. Stroz and H. Morawiec,Applied Crystallography: Proceedings of the XVIII Conference,Ageing Effects in Ni-Ti Based Shape Memory Alloys,2001.0,50.0,32.0,7.0,Ni50.0Ti32.0Hf18.0 %,18.0
A. Manca; A. V. Shelyakov and G. Airoldi,Materials Transactions,Ageing in Parent Phase and Martensite Stabilization in a Ni50Ti30Hf20 Alloy,2003.0,50.0,30.0,7.0,Ni50.0Ti30.0Hf20.0 %,20.0
A. Manca; A. V. Shelyakov and G. Airoldi,Materials Transactions,Ageing in Parent Phase and Martensite Stabilization in a Ni50Ti30Hf20 Alloy,2003.0,50.0,30.0,7.0,Ni50.0Ti30.0Hf20.0 %,20.0
A. Manca; A. V. Shelyakov and G. Airoldi,Materials Transactions,Ageing in Parent Phase and Martensite Stabilization in a Ni50Ti30Hf20 Alloy,2003.0,50.0,30.0,7.0,Ni50.0Ti30.0Hf20.0 %,20.0
A. Manca; A. V. Shelyakov and G. Airoldi,Materials Transactions,Ageing in Parent Phase and Martensite Stabilization in a Ni50Ti30Hf20 Alloy,2003.0,50.0,30.0,7.0,Ni50.0Ti30.0Hf20.0 %,20.0
A. Manca; A. V. Shelyakov and G. Airoldi,Materials Transactions,Ageing in Parent Phase and Martensite Stabilization in a Ni50Ti30Hf20 Alloy,2003.0,50.0,30.0,7.0,Ni50.0Ti30.0Hf20.0 %,20.0
A. Manca; A. V. Shelyakov and G. Airoldi,Materials Transactions,Ageing in Parent Phase and Martensite Stabilization in a Ni50Ti30Hf20 Alloy,2003.0,50.0,30.0,7.0,Ni50.0Ti30.0Hf20.0 %,20.0
A. Manca; A. V. Shelyakov and G. Airoldi,Materials Transactions,Ageing in Parent Phase and Martensite Stabilization in a Ni50Ti30Hf20 Alloy,2003.0,50.0,30.0,7.0,Ni50.0Ti30.0Hf20.0 %,20.0
S. H. Kang and T. H. Nam,Metals and Materials International,Crystal structure of (TiHf)Ni phase formed in a 20Ti−50Ni−30Hf (at.%) alloy,2001.0,50.0,20.0,7.0,Ni50.0Ti20.0Hf30.0 %,30.0
R. Santamarta; A. Pasko; J. Pons; E. Cesari and P. Ochin,Materials Transactions,Crystallization in partially amorphous Ni50Ti32Hf18 melt spun ribbon,2004.0,50.0,32.0,7.0,Ni50.0Ti32.0Hf18.0 %,18.0
R. Santamarta; A. Pasko; J. Pons; E. Cesari and P. Ochin,Materials Transactions,Crystallization in partially amorphous Ni50Ti32Hf18 melt spun ribbon,2004.0,50.0,32.0,7.0,Ni50.0Ti32.0Hf18.0 %,18.0
R. Santamarta; A. Pasko; J. Pons; E. Cesari and P. Ochin,Materials Transactions,Crystallization in partially amorphous Ni50Ti32Hf18 melt spun ribbon,2004.0,50.0,32.0,7.0,Ni50.0Ti32.0Hf18.0 %,18.0
R. Santamarta; A. Pasko; J. Pons; E. Cesari and P. Ochin,Materials Transactions,Crystallization in partially amorphous Ni50Ti32Hf18 melt spun ribbon,2004.0,50.0,32.0,7.0,Ni50.0Ti32.0Hf18.0 %,18.0
R. Santamarta; A. Pasko; J. Pons; E. Cesari and P. Ochin,Materials Transactions,Crystallization in partially amorphous Ni50Ti32Hf18 melt spun ribbon,2004.0,50.0,32.0,7.0,Ni50.0Ti32.0Hf18.0 %,18.0
R. Santamarta; A. Pasko; J. Pons; E. Cesari and P. Ochin,Materials Transactions,Crystallization in partially amorphous Ni50Ti32Hf18 melt spun ribbon,2004.0,50.0,32.0,7.0,Ni50.0Ti32.0Hf18.0 %,18.0
R. Santamarta; A. Pasko; J. Pons; E. Cesari and P. Ochin,Materials Transactions,Crystallization in partially amorphous Ni50Ti32Hf18 melt spun ribbon,2004.0,50.0,32.0,7.0,Ni50.0Ti32.0Hf18.0 %,18.0
R. Santamarta; A. Pasko; J. Pons; E. Cesari and P. Ochin,Materials Transactions,Crystallization in partially amorphous Ni50Ti32Hf18 melt spun ribbon,2004.0,50.0,32.0,7.0,Ni50.0Ti32.0Hf18.0 %,18.0
R. Santamarta; A. Pasko; J. Pons; E. Cesari and P. Ochin,Materials Transactions,Crystallization in partially amorphous Ni50Ti32Hf18 melt spun ribbon,2004.0,50.0,32.0,7.0,Ni50.0Ti32.0Hf18.0 %,18.0
X. L. Meng; W. Cai; F. Chen and L. C. Zhao,Scripta Materialia,Effect of aging on martensitic transformation and microstructure in Ni-rich TiNiHf shape memory alloy,2006.0,50.0,30.0,7.0,Ni50.0Ti30.0Hf20.0 %,20.0
P. E. Thoma and J. J. Boehm,Materials Science and Engineering: A,Effect of composition on the amount of second phase and transformation temperatures of NixTi90−xHf10 shape memory alloys,1999.0,50.0,40.0,7.0,Ni50.0Ti40.0Hf10.0 %,10.0
R. Soares and W. B. Castro,Materials Science Forum,Effect of Cooling Rate on the Transformation Temperatures of Ni50Ti36Hf14 Melt Spun Ribbons,2018.0,50.0,36.0,7.0,Ni50.0Ti36.0Hf14.0 %,14.0
R. Soares and W. B. Castro,Materials Science Forum,Effect of Cooling Rate on the Transformation Temperatures of Ni50Ti36Hf14 Melt Spun Ribbons,2018.0,50.0,36.0,7.0,Ni50.0Ti36.0Hf14.0 %,14.0
R. Soares and W. B. Castro,Materials Science Forum,Effect of Cooling Rate on the Transformation Temperatures of Ni50Ti36Hf14 Melt Spun Ribbons,2018.0,50.0,36.0,7.0,Ni50.0Ti36.0Hf14.0 %,14.0
S. Kang; H.-J. Im and T.-H. Nam,Journal of the Korean Institute of Metals and Materials(South Korea),Effect of Hf-content on phase transformation behavior and microstructures of Ti-Ni-Hf shape memory alloys,1999.0,50.0,48.0,7.0,Ni50.0Ti48.0Hf2.0 %,2.0
S. Kang; H.-J. Im and T.-H. Nam,Journal of the Korean Institute of Metals and Materials(South Korea),Effect of Hf-content on phase transformation behavior and microstructures of Ti-Ni-Hf shape memory alloys,1999.0,50.0,45.0,7.0,Ni50.0Ti45.0Hf5.0 %,5.0
S. Kang; H.-J. Im and T.-H. Nam,Journal of the Korean Institute of Metals and Materials(South Korea),Effect of Hf-content on phase transformation behavior and microstructures of Ti-Ni-Hf shape memory alloys,1999.0,50.0,40.0,7.0,Ni50.0Ti40.0Hf10.0 %,10.0
S. Kang; H.-J. Im and T.-H. Nam,Journal of the Korean Institute of Metals and Materials(South Korea),Effect of Hf-content on phase transformation behavior and microstructures of Ti-Ni-Hf shape memory alloys,1999.0,50.0,35.0,7.0,Ni50.0Ti35.0Hf15.0 %,15.0
S. Kang; H.-J. Im and T.-H. Nam,Journal of the Korean Institute of Metals and Materials(South Korea),Effect of Hf-content on phase transformation behavior and microstructures of Ti-Ni-Hf shape memory alloys,1999.0,50.0,30.0,7.0,Ni50.0Ti30.0Hf20.0 %,20.0
N. Singh; A. Talapatra; A. Junkaew; T. Duong; S. Gibbons; S. Li; H. Thawabi; E. Olivos and R. Arróyave,Computational Materials Science,Effect of ternary additions to structural properties of NiTi alloys,2016.0,50.0,46.875,7.0,Ni50.0Ti46.875Hf3.125 %,3.125
N. Babacan; M. Bilal; C. Hayrettin; J. Liu; O. Benafan and I. Karaman,Acta Materialia,Effects of cold and warm rolling on the shape memory response of Ni50Ti30Hf20 high-temperature shape memory alloy,2018.0,50.0,30.0,7.0,Ni50.0Ti30.0Hf20.0 %,20.0
R. L. Soares and W. B. d. Castro,REM-International Engineering Journal,Effects of composition on transformation temperatures and microstructure of Ni-Ti-Hf shape memory alloys,2019.0,50.0,42.0,7.0,Ni50.0Ti42.0Hf8.0 %,8.0
R. L. Soares and W. B. d. Castro,REM-International Engineering Journal,Effects of composition on transformation temperatures and microstructure of Ni-Ti-Hf shape memory alloys,2019.0,50.0,39.0,7.0,Ni50.0Ti39.0Hf11.0 %,11.0
R. L. Soares and W. B. d. Castro,REM-International Engineering Journal,Effects of composition on transformation temperatures and microstructure of Ni-Ti-Hf shape memory alloys,2019.0,50.0,36.0,7.0,Ni50.0Ti36.0Hf14.0 %,14.0
R. L. Soares and W. B. d. Castro,REM-International Engineering Journal,Effects of composition on transformation temperatures and microstructure of Ni-Ti-Hf shape memory alloys,2019.0,50.0,33.0,7.0,Ni50.0Ti33.0Hf17.0 %,17.0
R. L. Soares and W. B. d. Castro,REM-International Engineering Journal,Effects of composition on transformation temperatures and microstructure of Ni-Ti-Hf shape memory alloys,2019.0,50.0,30.0,7.0,Ni50.0Ti30.0Hf20.0 %,20.0
N. A. Ley and M. L. Young,,Effects of Thermo-Mechanical Processing on Precipitate Evolution in Equiatomic and Ni-lean NiTiHf High Temperature Shape Memory Alloys,2019.0,50.0,40.0,7.0,Ni50.0Ti40.0Hf10.0 %,10.0
N. A. Ley and M. L. Young,,Effects of Thermo-Mechanical Processing on Precipitate Evolution in Equiatomic and Ni-lean NiTiHf High Temperature Shape Memory Alloys,2019.0,50.0,40.0,7.0,Ni50.0Ti40.0Hf10.0 %,10.0
N. A. Ley and M. L. Young,,Effects of Thermo-Mechanical Processing on Precipitate Evolution in Equiatomic and Ni-lean NiTiHf High Temperature Shape Memory Alloys,2019.0,50.0,40.0,7.0,Ni50.0Ti40.0Hf10.0 %,10.0
N. Kuranova; A. Pushin; A. Uksusnikov; E. Belosludtseva; N. Kourov; T. Kuntsevich and V. Pushin,Technical Physics,Fine structure and mechanical properties of the shape-memory Ni50Ti32Hf18 alloy rapidly quenched by spinning,2017.0,50.0,32.0,7.0,Ni50.0Ti32.0Hf18.0 %,18.0
H. D. Gu; K. M. Leung and C. Y. Chung,Journal of Vacuum Science & Technology A ,Growth of high-temperature NiTi1−xHfxNiTi1−xHfx shape memory alloy thin films by laser ablation of composite targets,1998.0,50.0,36.6,7.0,Ni50.0Ti36.6Hf13.4 %,13.4
D. N. Abujudom; M. Y. Kao; P. E. Thoma and D. R. Angst,US5114504,High transformation temperature shape memory alloy,1992.0,50.0,40.0,7.0,Ni50.0Ti40.0Hf10.0 %,10.0
D. N. Abujudom; M. Y. Kao; P. E. Thoma and D. R. Angst,US5114504,High transformation temperature shape memory alloy,1992.0,50.0,25.0,7.0,Ni50.0Ti25.0Hf25.0 %,25.0
M. A. Azeem and D. Dye,Intermetallics,In situ evaluation of the transformation behaviour of NiTi-based high temperature shape memory alloys,2014.0,50.0,35.0,7.0,Ni50.0Ti35.0Hf15.0 %,15.0
M. A. Azeem and D. Dye,Intermetallics,In situ evaluation of the transformation behaviour of NiTi-based high temperature shape memory alloys,2014.0,50.0,35.0,7.0,Ni50.0Ti35.0Hf15.0 %,15.0
M. A. Azeem and D. Dye,Intermetallics,In situ evaluation of the transformation behaviour of NiTi-based high temperature shape memory alloys,2014.0,50.0,35.0,7.0,Ni50.0Ti35.0Hf15.0 %,15.0
M. A. Azeem and D. Dye,Intermetallics,In situ evaluation of the transformation behaviour of NiTi-based high temperature shape memory alloys,2014.0,50.0,35.0,7.0,Ni50.0Ti35.0Hf15.0 %,15.0
M. A. Azeem and D. Dye,Intermetallics,In situ evaluation of the transformation behaviour of NiTi-based high temperature shape memory alloys,2014.0,50.0,35.0,7.0,Ni50.0Ti35.0Hf15.0 %,15.0
M. A. Azeem and D. Dye,Intermetallics,In situ evaluation of the transformation behaviour of NiTi-based high temperature shape memory alloys,2014.0,50.0,35.0,7.0,Ni50.0Ti35.0Hf15.0 %,15.0
M. Belbasi and M. T. Salehi,Journal of Materials Engineering and Performance,Influence of Chemical Composition and Melting Process on Hot Rolling of NiTiHf Shape Memory Alloy,2014.0,50.0,40.0,7.0,Ni50.0Ti40.0Hf10.0 %,10.0
M. Belbasi and M. T. Salehi,Journal of Materials Engineering and Performance,Influence of Chemical Composition and Melting Process on Hot Rolling of NiTiHf Shape Memory Alloy,2014.0,50.0,35.0,7.0,Ni50.0Ti35.0Hf15.0 %,15.0
S. H. Hong; J. T. Kim; H. J. Park; Y. S. Kim; J. Y. Suh; Y. S. Na; K. R. Lim; C. H. Shim; J. M. Park and K. B. Kim,Journal of Alloys and Compounds,Influence of Zr content on phase formation; transition and mechanical behavior of Ni-Ti-Hf-Zr high temperature shape memory alloys,2017.0,50.0,38.0,7.0,Ni50.0Ti38.0Hf12.0 %,12.0
S. H. Hong; J. T. Kim; H. J. Park; Y. S. Kim; J. Y. Suh; Y. S. Na; K. R. Lim; C. H. Shim; J. M. Park and K. B. Kim,Journal of Alloys and Compounds,Influence of Zr content on phase formation; transition and mechanical behavior of Ni-Ti-Hf-Zr high temperature shape memory alloys,2017.0,50.0,38.0,7.0,Ni50.0Ti38.0Hf12.0 %,12.0
P. Olier; J. C. Brachet; J. L. Bechade; C. Foucher and G. Guenin,Journal de Physique IV,Investigation of Transformation Temperatures Microstructure and Shape Memory Properties of NiTi; NiTiZr and NiTiHf Alloys,1995.0,50.0,40.0,7.0,Ni50.0Ti40.0Hf10.0 %,10.0
P. Olier; J. C. Brachet; J. L. Bechade; C. Foucher and G. Guenin,Journal de Physique IV,Investigation of Transformation Temperatures Microstructure and Shape Memory Properties of NiTi; NiTiZr and NiTiHf Alloys,1995.0,50.0,40.0,7.0,Ni50.0Ti40.0Hf10.0 %,10.0
P. Olier; J. C. Brachet; J. L. Bechade; C. Foucher and G. Guenin,Journal de Physique IV,Investigation of Transformation Temperatures Microstructure and Shape Memory Properties of NiTi; NiTiZr and NiTiHf Alloys,1995.0,50.0,38.0,7.0,Ni50.0Ti38.0Hf12.0 %,12.0
P. Olier; J. C. Brachet; J. L. Bechade; C. Foucher and G. Guenin,Journal de Physique IV,Investigation of Transformation Temperatures Microstructure and Shape Memory Properties of NiTi; NiTiZr and NiTiHf Alloys,1995.0,50.0,38.0,7.0,Ni50.0Ti38.0Hf12.0 %,12.0
P. Olier; J. C. Brachet; J. L. Bechade; C. Foucher and G. Guenin,Journal de Physique IV,Investigation of Transformation Temperatures Microstructure and Shape Memory Properties of NiTi; NiTiZr and NiTiHf Alloys,1995.0,50.0,38.0,7.0,Ni50.0Ti38.0Hf12.0 %,12.0
P. Olier; J. C. Brachet; J. L. Bechade; C. Foucher and G. Guenin,Journal de Physique IV,Investigation of Transformation Temperatures Microstructure and Shape Memory Properties of NiTi; NiTiZr and NiTiHf Alloys,1995.0,50.0,38.0,7.0,Ni50.0Ti38.0Hf12.0 %,12.0
P. Olier; J. C. Brachet; J. L. Bechade; C. Foucher and G. Guenin,Journal de Physique IV,Investigation of Transformation Temperatures Microstructure and Shape Memory Properties of NiTi; NiTiZr and NiTiHf Alloys,1995.0,50.0,38.0,7.0,Ni50.0Ti38.0Hf12.0 %,12.0
P. Olier; J. C. Brachet; J. L. Bechade; C. Foucher and G. Guenin,Journal de Physique IV,Investigation of Transformation Temperatures Microstructure and Shape Memory Properties of NiTi; NiTiZr and NiTiHf Alloys,1995.0,50.0,38.0,7.0,Ni50.0Ti38.0Hf12.0 %,12.0
P. Olier; J. C. Brachet; J. L. Bechade; C. Foucher and G. Guenin,Journal de Physique IV,Investigation of Transformation Temperatures Microstructure and Shape Memory Properties of NiTi; NiTiZr and NiTiHf Alloys,1995.0,50.0,38.0,7.0,Ni50.0Ti38.0Hf12.0 %,12.0
P. Olier; J. C. Brachet; J. L. Bechade; C. Foucher and G. Guenin,Journal de Physique IV,Investigation of Transformation Temperatures Microstructure and Shape Memory Properties of NiTi; NiTiZr and NiTiHf Alloys,1995.0,50.0,35.0,7.0,Ni50.0Ti35.0Hf15.0 %,15.0
P. Olier; J. C. Brachet; J. L. Bechade; C. Foucher and G. Guenin,Journal de Physique IV,Investigation of Transformation Temperatures Microstructure and Shape Memory Properties of NiTi; NiTiZr and NiTiHf Alloys,1995.0,50.0,35.0,7.0,Ni50.0Ti35.0Hf15.0 %,15.0
R. Santamarta; C. Seguı́; J. Pons and E. Cesari,Scripta Materialia,Martensite stabilisation in Ni50Ti32.2Hf17.7,1999.0,50.0,32.3,7.0,Ni50.0Ti32.3Hf17.7 %,17.7
R. Santamarta; C. Seguı́; J. Pons and E. Cesari,Scripta Materialia,Martensite stabilisation in Ni50Ti32.2Hf17.7,1999.0,50.0,32.3,7.0,Ni50.0Ti32.3Hf17.7 %,17.7
F. Dalle; A. Pasko; P. Vermaut; V. Kolomytsev; P. Ochin and R. Portier,Scripta Materialia,Melt Spun ribbons of Ti-Hf-Ni-Re shape memory alloys: first investigations,2000.0,50.0,32.0,7.0,Ni50.0Ti32.0Hf18.0 %,18.0
F. Dalle; A. Pasko; P. Vermaut; V. Kolomytsev; P. Ochin and R. Portier,Scripta Materialia,Melt Spun ribbons of Ti-Hf-Ni-Re shape memory alloys: first investigations,2000.0,50.0,32.0,7.0,Ni50.0Ti32.0Hf18.0 %,18.0
D. V. Golberg; K. Otsuka; T. Ueki; H. Horikawa and K. Mitose,US5641364,Method of Manufacturing High-Temperature Shape Memory Alloys,1997.0,50.0,30.0,7.0,Ni50.0Ti30.0Hf20.0 %,20.0
D. V. Golberg; K. Otsuka; T. Ueki; H. Horikawa and K. Mitose,US5641364,Method of Manufacturing High-Temperature Shape Memory Alloys,1997.0,50.0,20.0,7.0,Ni50.0Ti20.0Hf30.0 %,30.0
S. Besseghini; E. Villa and A. Tuissi,Materials Science and Engineering: A,Ni-Ti-Hf shape memory alloy: effect of aging and thermal cycling,1999.0,50.0,40.0,7.0,Ni50.0Ti40.0Hf10.0 %,10.0
S. Besseghini; E. Villa and A. Tuissi,Materials Science and Engineering: A,Ni-Ti-Hf shape memory alloy: effect of aging and thermal cycling,1999.0,50.0,40.0,7.0,Ni50.0Ti40.0Hf10.0 %,10.0
S. Besseghini; E. Villa and A. Tuissi,Materials Science and Engineering: A,Ni-Ti-Hf shape memory alloy: effect of aging and thermal cycling,1999.0,50.0,40.0,7.0,Ni50.0Ti40.0Hf10.0 %,10.0
S. Besseghini; E. Villa and A. Tuissi,Materials Science and Engineering: A,Ni-Ti-Hf shape memory alloy: effect of aging and thermal cycling,1999.0,50.0,40.0,7.0,Ni50.0Ti40.0Hf10.0 %,10.0
D. Canadinc; W. Trehern; H. Ozcan; C. Hayrettin; O. Karakoc; I. Karaman; F. Sun and Z. Chaudhry,Scripta Materialia,On the deformation response and cyclic stability of Ni50Ti35Hf15 high temperature shape memory alloy wires,2017.0,50.0,35.0,7.0,Ni50.0Ti35.0Hf15.0 %,15.0
D. Canadinc; W. Trehern; H. Ozcan; C. Hayrettin; O. Karakoc; I. Karaman; F. Sun and Z. Chaudhry,Scripta Materialia,On the deformation response and cyclic stability of Ni50Ti35Hf15 high temperature shape memory alloy wires,2017.0,50.0,35.0,7.0,Ni50.0Ti35.0Hf15.0 %,15.0
D. Canadinc; W. Trehern; H. Ozcan; C. Hayrettin; O. Karakoc; I. Karaman; F. Sun and Z. Chaudhry,Scripta Materialia,On the deformation response and cyclic stability of Ni50Ti35Hf15 high temperature shape memory alloy wires,2017.0,50.0,35.0,7.0,Ni50.0Ti35.0Hf15.0 %,15.0
D. Canadinc; W. Trehern; H. Ozcan; C. Hayrettin; O. Karakoc; I. Karaman; F. Sun and Z. Chaudhry,Scripta Materialia,On the deformation response and cyclic stability of Ni50Ti35Hf15 high temperature shape memory alloy wires,2017.0,50.0,35.0,7.0,Ni50.0Ti35.0Hf15.0 %,15.0
D. Canadinc; W. Trehern; H. Ozcan; C. Hayrettin; O. Karakoc; I. Karaman; F. Sun and Z. Chaudhry,Scripta Materialia,On the deformation response and cyclic stability of Ni50Ti35Hf15 high temperature shape memory alloy wires,2017.0,50.0,35.0,7.0,Ni50.0Ti35.0Hf15.0 %,15.0
D. Canadinc; W. Trehern; H. Ozcan; C. Hayrettin; O. Karakoc; I. Karaman; F. Sun and Z. Chaudhry,Scripta Materialia,On the deformation response and cyclic stability of Ni50Ti35Hf15 high temperature shape memory alloy wires,2017.0,50.0,35.0,7.0,Ni50.0Ti35.0Hf15.0 %,15.0
D. Canadinc; W. Trehern; H. Ozcan; C. Hayrettin; O. Karakoc; I. Karaman; F. Sun and Z. Chaudhry,Scripta Materialia,On the deformation response and cyclic stability of Ni50Ti35Hf15 high temperature shape memory alloy wires,2017.0,50.0,35.0,7.0,Ni50.0Ti35.0Hf15.0 %,15.0
D. Canadinc; W. Trehern; H. Ozcan; C. Hayrettin; O. Karakoc; I. Karaman; F. Sun and Z. Chaudhry,Scripta Materialia,On the deformation response and cyclic stability of Ni50Ti35Hf15 high temperature shape memory alloy wires,2017.0,50.0,35.0,7.0,Ni50.0Ti35.0Hf15.0 %,15.0
D. Canadinc; W. Trehern; H. Ozcan; C. Hayrettin; O. Karakoc; I. Karaman; F. Sun and Z. Chaudhry,Scripta Materialia,On the deformation response and cyclic stability of Ni50Ti35Hf15 high temperature shape memory alloy wires,2017.0,50.0,35.0,7.0,Ni50.0Ti35.0Hf15.0 %,15.0
D. Canadinc; W. Trehern; H. Ozcan; C. Hayrettin; O. Karakoc; I. Karaman; F. Sun and Z. Chaudhry,Scripta Materialia,On the deformation response and cyclic stability of Ni50Ti35Hf15 high temperature shape memory alloy wires,2017.0,50.0,35.0,7.0,Ni50.0Ti35.0Hf15.0 %,15.0
D. Canadinc; W. Trehern; H. Ozcan; C. Hayrettin; O. Karakoc; I. Karaman; F. Sun and Z. Chaudhry,Scripta Materialia,On the deformation response and cyclic stability of Ni50Ti35Hf15 high temperature shape memory alloy wires,2017.0,50.0,35.0,7.0,Ni50.0Ti35.0Hf15.0 %,15.0
D. Canadinc; W. Trehern; H. Ozcan; C. Hayrettin; O. Karakoc; I. Karaman; F. Sun and Z. Chaudhry,Scripta Materialia,On the deformation response and cyclic stability of Ni50Ti35Hf15 high temperature shape memory alloy wires,2017.0,50.0,35.0,7.0,Ni50.0Ti35.0Hf15.0 %,15.0
D. Canadinc; W. Trehern; H. Ozcan; C. Hayrettin; O. Karakoc; I. Karaman; F. Sun and Z. Chaudhry,Scripta Materialia,On the deformation response and cyclic stability of Ni50Ti35Hf15 high temperature shape memory alloy wires,2017.0,50.0,35.0,7.0,Ni50.0Ti35.0Hf15.0 %,15.0
X. L. Meng; W. Cai; Y. F. Zheng and L. C. Zhao,Materials Science and Engineering: A,Phase transformation and precipitation in aged Ti–Ni–Hf high-temperature shape memory alloys,2006.0,50.0,30.0,7.0,Ni50.0Ti30.0Hf20.0 %,20.0
B. Wang; R. Bhagat; X. Lan and R. Dashwood,Journal of The Electrochemical Society,Production of Ni-35Ti-15Hf alloy via the FFC Cambridge process,2011.0,50.0,35.0,7.0,Ni50.0Ti35.0Hf15.0 %,15.0
C. C. Wojcik,Journal of Materials Engineering and Performance,Properties and Heat Treatment of High Transition Temperature Ni-Ti-Hf Alloys,2009.0,50.0,44.0,7.0,Ni50.0Ti44.0Hf6.0 %,6.0
C. C. Wojcik,Journal of Materials Engineering and Performance,Properties and Heat Treatment of High Transition Temperature Ni-Ti-Hf Alloys,2009.0,50.0,44.0,7.0,Ni50.0Ti44.0Hf6.0 %,6.0
C. C. Wojcik,Journal of Materials Engineering and Performance,Properties and Heat Treatment of High Transition Temperature Ni-Ti-Hf Alloys,2009.0,50.0,44.0,7.0,Ni50.0Ti44.0Hf6.0 %,6.0
C. C. Wojcik,Journal of Materials Engineering and Performance,Properties and Heat Treatment of High Transition Temperature Ni-Ti-Hf Alloys,2009.0,50.0,44.0,7.0,Ni50.0Ti44.0Hf6.0 %,6.0
C. C. Wojcik,Journal of Materials Engineering and Performance,Properties and Heat Treatment of High Transition Temperature Ni-Ti-Hf Alloys,2009.0,50.0,44.0,7.0,Ni50.0Ti44.0Hf6.0 %,6.0
C. C. Wojcik,Journal of Materials Engineering and Performance,Properties and Heat Treatment of High Transition Temperature Ni-Ti-Hf Alloys,2009.0,50.0,44.0,7.0,Ni50.0Ti44.0Hf6.0 %,6.0
C. C. Wojcik,Journal of Materials Engineering and Performance,Properties and Heat Treatment of High Transition Temperature Ni-Ti-Hf Alloys,2009.0,50.0,44.0,7.0,Ni50.0Ti44.0Hf6.0 %,6.0
C. C. Wojcik,Journal of Materials Engineering and Performance,Properties and Heat Treatment of High Transition Temperature Ni-Ti-Hf Alloys,2009.0,50.0,42.0,7.0,Ni50.0Ti42.0Hf8.0 %,8.0
C. C. Wojcik,Journal of Materials Engineering and Performance,Properties and Heat Treatment of High Transition Temperature Ni-Ti-Hf Alloys,2009.0,50.0,40.0,7.0,Ni50.0Ti40.0Hf10.0 %,10.0
C. C. Wojcik,Journal of Materials Engineering and Performance,Properties and Heat Treatment of High Transition Temperature Ni-Ti-Hf Alloys,2009.0,50.0,40.0,7.0,Ni50.0Ti40.0Hf10.0 %,10.0
C. C. Wojcik,Journal of Materials Engineering and Performance,Properties and Heat Treatment of High Transition Temperature Ni-Ti-Hf Alloys,2009.0,50.0,40.0,7.0,Ni50.0Ti40.0Hf10.0 %,10.0
C. C. Wojcik,Journal of Materials Engineering and Performance,Properties and Heat Treatment of High Transition Temperature Ni-Ti-Hf Alloys,2009.0,50.0,40.0,7.0,Ni50.0Ti40.0Hf10.0 %,10.0
C. C. Wojcik,Journal of Materials Engineering and Performance,Properties and Heat Treatment of High Transition Temperature Ni-Ti-Hf Alloys,2009.0,50.0,40.0,7.0,Ni50.0Ti40.0Hf10.0 %,10.0
C. C. Wojcik,Journal of Materials Engineering and Performance,Properties and Heat Treatment of High Transition Temperature Ni-Ti-Hf Alloys,2009.0,50.0,40.0,7.0,Ni50.0Ti40.0Hf10.0 %,10.0
C. C. Wojcik,Journal of Materials Engineering and Performance,Properties and Heat Treatment of High Transition Temperature Ni-Ti-Hf Alloys,2009.0,50.0,40.0,7.0,Ni50.0Ti40.0Hf10.0 %,10.0
C. C. Wojcik,Journal of Materials Engineering and Performance,Properties and Heat Treatment of High Transition Temperature Ni-Ti-Hf Alloys,2009.0,50.0,40.0,7.0,Ni50.0Ti40.0Hf10.0 %,10.0
C. C. Wojcik,Journal of Materials Engineering and Performance,Properties and Heat Treatment of High Transition Temperature Ni-Ti-Hf Alloys,2009.0,50.0,40.0,7.0,Ni50.0Ti40.0Hf10.0 %,10.0
C. C. Wojcik,Journal of Materials Engineering and Performance,Properties and Heat Treatment of High Transition Temperature Ni-Ti-Hf Alloys,2009.0,50.0,40.0,7.0,Ni50.0Ti40.0Hf10.0 %,10.0
C. C. Wojcik,Journal of Materials Engineering and Performance,Properties and Heat Treatment of High Transition Temperature Ni-Ti-Hf Alloys,2009.0,50.0,40.0,7.0,Ni50.0Ti40.0Hf10.0 %,10.0
A. Johnson; V. Martynov and R. Minners,Journal de Physique IV,Sputter deposition of high transition temperature Ti-Ni-Hf alloy thin films,1995.0,50.0,40.0,7.0,Ni50.0Ti40.0Hf10.0 %,10.0
V. G. Pushin; N. N. Kuranova; A. V. Pushin; A. N. Uksusnikov; N. I. Kourov and T. E. Kuntsevich,Physics of Metals and Metallography,Structural and phase transformations; mechanical properties; and shape-memory effects in quasibinary Ni50Ti38Hf12 alloy obtained by quenching from the melt,2016.0,50.0,38.0,7.0,Ni50.0Ti38.0Hf12.0 %,12.0
V. G. Pushin; N. N. Kuranova; A. V. Pushin; A. N. Uksusnikov; N. I. Kourov and T. E. Kuntsevich,Physics of Metals and Metallography,Structural and phase transformations; mechanical properties; and shape-memory effects in quasibinary Ni50Ti38Hf12 alloy obtained by quenching from the melt,2016.0,50.0,38.0,7.0,Ni50.0Ti38.0Hf12.0 %,12.0
V. G. Pushin; N. N. Kuranova; A. V. Pushin; A. N. Uksusnikov; N. I. Kourov and T. E. Kuntsevich,Physics of Metals and Metallography,Structural and phase transformations; mechanical properties; and shape-memory effects in quasibinary Ni50Ti38Hf12 alloy obtained by quenching from the melt,2016.0,50.0,38.0,7.0,Ni50.0Ti38.0Hf12.0 %,12.0
V. G. Pushin; N. N. Kuranova; A. V. Pushin; A. N. Uksusnikov; N. I. Kourov and T. E. Kuntsevich,Physics of Metals and Metallography,Structural and phase transformations; mechanical properties; and shape-memory effects in quasibinary Ni50Ti38Hf12 alloy obtained by quenching from the melt,2016.0,50.0,38.0,7.0,Ni50.0Ti38.0Hf12.0 %,12.0
V. G. Pushin; N. N. Kuranova; A. V. Pushin; A. N. Uksusnikov; N. I. Kourov and T. E. Kuntsevich,Physics of Metals and Metallography,Structural and phase transformations; mechanical properties; and shape-memory effects in quasibinary Ni50Ti38Hf12 alloy obtained by quenching from the melt,2016.0,50.0,38.0,7.0,Ni50.0Ti38.0Hf12.0 %,12.0
E. Cesari; P. Ochin; R. Portier; V. Kolomystev; Y. Koval; A. Pasko and V. Soolshenko,Materials Science and Engineering: A,Structure and properties of Ti–Ni–Zr and Ti–Ni–Hf Melt Spun ribbons ,1999.0,50.0,32.0,7.0,Ni50.0Ti32.0Hf18.0 %,18.0
E. Cesari; P. Ochin; R. Portier; V. Kolomystev; Y. Koval; A. Pasko and V. Soolshenko,Materials Science and Engineering: A,Structure and properties of Ti–Ni–Zr and Ti–Ni–Hf Melt Spun ribbons ,1999.0,50.0,32.0,7.0,Ni50.0Ti32.0Hf18.0 %,18.0
E. Cesari; P. Ochin; R. Portier; V. Kolomystev; Y. Koval; A. Pasko and V. Soolshenko,Materials Science and Engineering: A,Structure and properties of Ti–Ni–Zr and Ti–Ni–Hf Melt Spun ribbons ,1999.0,50.0,32.0,7.0,Ni50.0Ti32.0Hf18.0 %,18.0
E. Cesari; P. Ochin; R. Portier; V. Kolomystev; Y. Koval; A. Pasko and V. Soolshenko,Materials Science and Engineering: A,Structure and properties of Ti–Ni–Zr and Ti–Ni–Hf Melt Spun ribbons ,1999.0,50.0,32.0,7.0,Ni50.0Ti32.0Hf18.0 %,18.0
E. Cesari; P. Ochin; R. Portier; V. Kolomystev; Y. Koval; A. Pasko and V. Soolshenko,Materials Science and Engineering: A,Structure and properties of Ti–Ni–Zr and Ti–Ni–Hf Melt Spun ribbons ,1999.0,50.0,32.0,7.0,Ni50.0Ti32.0Hf18.0 %,18.0
E. Cesari; P. Ochin; R. Portier; V. Kolomystev; Y. Koval; A. Pasko and V. Soolshenko,Materials Science and Engineering: A,Structure and properties of Ti–Ni–Zr and Ti–Ni–Hf Melt Spun ribbons ,1999.0,50.0,32.0,7.0,Ni50.0Ti32.0Hf18.0 %,18.0
E. Cesari; P. Ochin; R. Portier; V. Kolomystev; Y. Koval; A. Pasko and V. Soolshenko,Materials Science and Engineering: A,Structure and properties of Ti–Ni–Zr and Ti–Ni–Hf Melt Spun ribbons ,1999.0,50.0,32.0,7.0,Ni50.0Ti32.0Hf18.0 %,18.0
E. Cesari; P. Ochin; R. Portier; V. Kolomystev; Y. Koval; A. Pasko and V. Soolshenko,Materials Science and Engineering: A,Structure and properties of Ti–Ni–Zr and Ti–Ni–Hf Melt Spun ribbons ,1999.0,50.0,32.0,7.0,Ni50.0Ti32.0Hf18.0 %,18.0
E. Cesari; P. Ochin; R. Portier; V. Kolomystev; Y. Koval; A. Pasko and V. Soolshenko,Materials Science and Engineering: A,Structure and properties of Ti–Ni–Zr and Ti–Ni–Hf Melt Spun ribbons ,1999.0,50.0,32.0,7.0,Ni50.0Ti32.0Hf18.0 %,18.0
E. Cesari; P. Ochin; R. Portier; V. Kolomystev; Y. Koval; A. Pasko and V. Soolshenko,Materials Science and Engineering: A,Structure and properties of Ti–Ni–Zr and Ti–Ni–Hf Melt Spun ribbons ,1999.0,50.0,32.0,7.0,Ni50.0Ti32.0Hf18.0 %,18.0
E. Cesari; P. Ochin; R. Portier; V. Kolomystev; Y. Koval; A. Pasko and V. Soolshenko,Materials Science and Engineering: A,Structure and properties of Ti–Ni–Zr and Ti–Ni–Hf Melt Spun ribbons ,1999.0,50.0,32.0,7.0,Ni50.0Ti32.0Hf18.0 %,18.0
E. Cesari; P. Ochin; R. Portier; V. Kolomystev; Y. Koval; A. Pasko and V. Soolshenko,Materials Science and Engineering: A,Structure and properties of Ti–Ni–Zr and Ti–Ni–Hf Melt Spun ribbons ,1999.0,50.0,32.0,7.0,Ni50.0Ti32.0Hf18.0 %,18.0
E. Cesari; P. Ochin; R. Portier; V. Kolomystev; Y. Koval; A. Pasko and V. Soolshenko,Materials Science and Engineering: A,Structure and properties of Ti–Ni–Zr and Ti–Ni–Hf Melt Spun ribbons ,1999.0,50.0,32.0,7.0,Ni50.0Ti32.0Hf18.0 %,18.0
E. Cesari; P. Ochin; R. Portier; V. Kolomystev; Y. Koval; A. Pasko and V. Soolshenko,Materials Science and Engineering: A,Structure and properties of Ti–Ni–Zr and Ti–Ni–Hf Melt Spun ribbons ,1999.0,50.0,32.0,7.0,Ni50.0Ti32.0Hf18.0 %,18.0
E. Cesari; P. Ochin; R. Portier; V. Kolomystev; Y. Koval; A. Pasko and V. Soolshenko,Materials Science and Engineering: A,Structure and properties of Ti–Ni–Zr and Ti–Ni–Hf Melt Spun ribbons ,1999.0,50.0,32.0,7.0,Ni50.0Ti32.0Hf18.0 %,18.0
E. Cesari; P. Ochin; R. Portier; V. Kolomystev; Y. Koval; A. Pasko and V. Soolshenko,Materials Science and Engineering: A,Structure and properties of Ti–Ni–Zr and Ti–Ni–Hf Melt Spun ribbons ,1999.0,50.0,32.0,7.0,Ni50.0Ti32.0Hf18.0 %,18.0
V. G. Pushin; N. N. Kuranova; A. V. Pushin; A. N. Uksusnikov and N. I. Kourov,Technical Physics,Structure and thermoelastic martensitic transformations in ternary Ni–Ti–Hf alloys with a high-temperature shape memory effect,2016.0,50.0,38.0,7.0,Ni50.0Ti38.0Hf12.0 %,12.0
V. G. Pushin; N. N. Kuranova; A. V. Pushin; A. N. Uksusnikov and N. I. Kourov,Technical Physics,Structure and thermoelastic martensitic transformations in ternary Ni–Ti–Hf alloys with a high-temperature shape memory effect,2016.0,50.0,35.0,7.0,Ni50.0Ti35.0Hf15.0 %,15.0
V. G. Pushin; N. N. Kuranova; A. V. Pushin; A. N. Uksusnikov and N. I. Kourov,Technical Physics,Structure and thermoelastic martensitic transformations in ternary Ni–Ti–Hf alloys with a high-temperature shape memory effect,2016.0,50.0,32.0,7.0,Ni50.0Ti32.0Hf18.0 %,18.0
V. G. Pushin; N. N. Kuranova; A. V. Pushin; A. N. Uksusnikov and N. I. Kourov,Technical Physics,Structure and thermoelastic martensitic transformations in ternary Ni–Ti–Hf alloys with a high-temperature shape memory effect,2016.0,50.0,30.0,7.0,Ni50.0Ti30.0Hf20.0 %,20.0
B. C. Hornbuckle; T. T. Sasaki; G. S. Bigelow; R. D. Noebe; M. L. Weaver and G. B. Thompson,Materials Science and Engineering: A,Structure–property relationships in a precipitation strengthened Ni–29.7Ti–20Hf (at%) shape memory alloy,2015.0,50.0,29.7,7.0,Ni50.0Ti29.7Hf20.3 %,20.3
B. C. Hornbuckle; T. T. Sasaki; G. S. Bigelow; R. D. Noebe; M. L. Weaver and G. B. Thompson,Materials Science and Engineering: A,Structure–property relationships in a precipitation strengthened Ni–29.7Ti–20Hf (at%) shape memory alloy,2015.0,50.0,29.7,7.0,Ni50.0Ti29.7Hf20.3 %,20.3
B. C. Hornbuckle; T. T. Sasaki; G. S. Bigelow; R. D. Noebe; M. L. Weaver and G. B. Thompson,Materials Science and Engineering: A,Structure–property relationships in a precipitation strengthened Ni–29.7Ti–20Hf (at%) shape memory alloy,2015.0,50.0,29.7,7.0,Ni50.0Ti29.7Hf20.3 %,20.3
B. C. Hornbuckle; T. T. Sasaki; G. S. Bigelow; R. D. Noebe; M. L. Weaver and G. B. Thompson,Materials Science and Engineering: A,Structure–property relationships in a precipitation strengthened Ni–29.7Ti–20Hf (at%) shape memory alloy,2015.0,50.0,29.7,7.0,Ni50.0Ti29.7Hf20.3 %,20.3
B. C. Hornbuckle; T. T. Sasaki; G. S. Bigelow; R. D. Noebe; M. L. Weaver and G. B. Thompson,Materials Science and Engineering: A,Structure–property relationships in a precipitation strengthened Ni–29.7Ti–20Hf (at%) shape memory alloy,2015.0,50.0,29.7,7.0,Ni50.0Ti29.7Hf20.3 %,20.3
B. C. Hornbuckle; T. T. Sasaki; G. S. Bigelow; R. D. Noebe; M. L. Weaver and G. B. Thompson,Materials Science and Engineering: A,Structure–property relationships in a precipitation strengthened Ni–29.7Ti–20Hf (at%) shape memory alloy,2015.0,50.0,29.7,7.0,Ni50.0Ti29.7Hf20.3 %,20.3
B. C. Hornbuckle; T. T. Sasaki; G. S. Bigelow; R. D. Noebe; M. L. Weaver and G. B. Thompson,Materials Science and Engineering: A,Structure–property relationships in a precipitation strengthened Ni–29.7Ti–20Hf (at%) shape memory alloy,2015.0,50.0,29.7,7.0,Ni50.0Ti29.7Hf20.3 %,20.3
B. C. Hornbuckle; T. T. Sasaki; G. S. Bigelow; R. D. Noebe; M. L. Weaver and G. B. Thompson,Materials Science and Engineering: A,Structure–property relationships in a precipitation strengthened Ni–29.7Ti–20Hf (at%) shape memory alloy,2015.0,50.0,29.7,7.0,Ni50.0Ti29.7Hf20.3 %,20.3
B. C. Hornbuckle; T. T. Sasaki; G. S. Bigelow; R. D. Noebe; M. L. Weaver and G. B. Thompson,Materials Science and Engineering: A,Structure–property relationships in a precipitation strengthened Ni–29.7Ti–20Hf (at%) shape memory alloy,2015.0,50.0,29.7,7.0,Ni50.0Ti29.7Hf20.3 %,20.3
B. C. Hornbuckle; T. T. Sasaki; G. S. Bigelow; R. D. Noebe; M. L. Weaver and G. B. Thompson,Materials Science and Engineering: A,Structure–property relationships in a precipitation strengthened Ni–29.7Ti–20Hf (at%) shape memory alloy,2015.0,50.0,29.7,7.0,Ni50.0Ti29.7Hf20.3 %,20.3
B. C. Hornbuckle; T. T. Sasaki; G. S. Bigelow; R. D. Noebe; M. L. Weaver and G. B. Thompson,Materials Science and Engineering: A,Structure–property relationships in a precipitation strengthened Ni–29.7Ti–20Hf (at%) shape memory alloy,2015.0,50.0,29.7,7.0,Ni50.0Ti29.7Hf20.3 %,20.3
B. C. Hornbuckle; T. T. Sasaki; G. S. Bigelow; R. D. Noebe; M. L. Weaver and G. B. Thompson,Materials Science and Engineering: A,Structure–property relationships in a precipitation strengthened Ni–29.7Ti–20Hf (at%) shape memory alloy,2015.0,50.0,29.7,7.0,Ni50.0Ti29.7Hf20.3 %,20.3
B. C. Hornbuckle; T. T. Sasaki; G. S. Bigelow; R. D. Noebe; M. L. Weaver and G. B. Thompson,Materials Science and Engineering: A,Structure–property relationships in a precipitation strengthened Ni–29.7Ti–20Hf (at%) shape memory alloy,2015.0,50.0,29.7,7.0,Ni50.0Ti29.7Hf20.3 %,20.3
B. C. Hornbuckle; T. T. Sasaki; G. S. Bigelow; R. D. Noebe; M. L. Weaver and G. B. Thompson,Materials Science and Engineering: A,Structure–property relationships in a precipitation strengthened Ni–29.7Ti–20Hf (at%) shape memory alloy,2015.0,50.0,29.7,7.0,Ni50.0Ti29.7Hf20.3 %,20.3
B. C. Hornbuckle; T. T. Sasaki; G. S. Bigelow; R. D. Noebe; M. L. Weaver and G. B. Thompson,Materials Science and Engineering: A,Structure–property relationships in a precipitation strengthened Ni–29.7Ti–20Hf (at%) shape memory alloy,2015.0,50.0,29.7,7.0,Ni50.0Ti29.7Hf20.3 %,20.3
B. C. Hornbuckle; T. T. Sasaki; G. S. Bigelow; R. D. Noebe; M. L. Weaver and G. B. Thompson,Materials Science and Engineering: A,Structure–property relationships in a precipitation strengthened Ni–29.7Ti–20Hf (at%) shape memory alloy,2015.0,50.0,29.7,7.0,Ni50.0Ti29.7Hf20.3 %,20.3
B. C. Hornbuckle; T. T. Sasaki; G. S. Bigelow; R. D. Noebe; M. L. Weaver and G. B. Thompson,Materials Science and Engineering: A,Structure–property relationships in a precipitation strengthened Ni–29.7Ti–20Hf (at%) shape memory alloy,2015.0,50.0,29.7,7.0,Ni50.0Ti29.7Hf20.3 %,20.3
B. C. Hornbuckle; T. T. Sasaki; G. S. Bigelow; R. D. Noebe; M. L. Weaver and G. B. Thompson,Materials Science and Engineering: A,Structure–property relationships in a precipitation strengthened Ni–29.7Ti–20Hf (at%) shape memory alloy,2015.0,50.0,29.7,7.0,Ni50.0Ti29.7Hf20.3 %,20.3
B. C. Hornbuckle; T. T. Sasaki; G. S. Bigelow; R. D. Noebe; M. L. Weaver and G. B. Thompson,Materials Science and Engineering: A,Structure–property relationships in a precipitation strengthened Ni–29.7Ti–20Hf (at%) shape memory alloy,2015.0,50.0,29.7,7.0,Ni50.0Ti29.7Hf20.3 %,20.3
B. C. Hornbuckle; T. T. Sasaki; G. S. Bigelow; R. D. Noebe; M. L. Weaver and G. B. Thompson,Materials Science and Engineering: A,Structure–property relationships in a precipitation strengthened Ni–29.7Ti–20Hf (at%) shape memory alloy,2015.0,50.0,29.7,7.0,Ni50.0Ti29.7Hf20.3 %,20.3
B. C. Hornbuckle; T. T. Sasaki; G. S. Bigelow; R. D. Noebe; M. L. Weaver and G. B. Thompson,Materials Science and Engineering: A,Structure–property relationships in a precipitation strengthened Ni–29.7Ti–20Hf (at%) shape memory alloy,2015.0,50.0,29.7,7.0,Ni50.0Ti29.7Hf20.3 %,20.3
B. C. Hornbuckle; T. T. Sasaki; G. S. Bigelow; R. D. Noebe; M. L. Weaver and G. B. Thompson,Materials Science and Engineering: A,Structure–property relationships in a precipitation strengthened Ni–29.7Ti–20Hf (at%) shape memory alloy,2015.0,50.0,29.7,7.0,Ni50.0Ti29.7Hf20.3 %,20.3
B. C. Hornbuckle; T. T. Sasaki; G. S. Bigelow; R. D. Noebe; M. L. Weaver and G. B. Thompson,Materials Science and Engineering: A,Structure–property relationships in a precipitation strengthened Ni–29.7Ti–20Hf (at%) shape memory alloy,2015.0,50.0,29.7,7.0,Ni50.0Ti29.7Hf20.3 %,20.3
B. C. Hornbuckle; T. T. Sasaki; G. S. Bigelow; R. D. Noebe; M. L. Weaver and G. B. Thompson,Materials Science and Engineering: A,Structure–property relationships in a precipitation strengthened Ni–29.7Ti–20Hf (at%) shape memory alloy,2015.0,50.0,29.7,7.0,Ni50.0Ti29.7Hf20.3 %,20.3
B. C. Hornbuckle; T. T. Sasaki; G. S. Bigelow; R. D. Noebe; M. L. Weaver and G. B. Thompson,Materials Science and Engineering: A,Structure–property relationships in a precipitation strengthened Ni–29.7Ti–20Hf (at%) shape memory alloy,2015.0,50.0,29.7,7.0,Ni50.0Ti29.7Hf20.3 %,20.3
B. C. Hornbuckle; T. T. Sasaki; G. S. Bigelow; R. D. Noebe; M. L. Weaver and G. B. Thompson,Materials Science and Engineering: A,Structure–property relationships in a precipitation strengthened Ni–29.7Ti–20Hf (at%) shape memory alloy,2015.0,50.0,29.7,7.0,Ni50.0Ti29.7Hf20.3 %,20.3
B. C. Hornbuckle; T. T. Sasaki; G. S. Bigelow; R. D. Noebe; M. L. Weaver and G. B. Thompson,Materials Science and Engineering: A,Structure–property relationships in a precipitation strengthened Ni–29.7Ti–20Hf (at%) shape memory alloy,2015.0,50.0,29.7,7.0,Ni50.0Ti29.7Hf20.3 %,20.3
B. C. Hornbuckle; T. T. Sasaki; G. S. Bigelow; R. D. Noebe; M. L. Weaver and G. B. Thompson,Materials Science and Engineering: A,Structure–property relationships in a precipitation strengthened Ni–29.7Ti–20Hf (at%) shape memory alloy,2015.0,50.0,29.7,7.0,Ni50.0Ti29.7Hf20.3 %,20.3
B. C. Hornbuckle; T. T. Sasaki; G. S. Bigelow; R. D. Noebe; M. L. Weaver and G. B. Thompson,Materials Science and Engineering: A,Structure–property relationships in a precipitation strengthened Ni–29.7Ti–20Hf (at%) shape memory alloy,2015.0,50.0,29.7,7.0,Ni50.0Ti29.7Hf20.3 %,20.3
B. C. Hornbuckle; T. T. Sasaki; G. S. Bigelow; R. D. Noebe; M. L. Weaver and G. B. Thompson,Materials Science and Engineering: A,Structure–property relationships in a precipitation strengthened Ni–29.7Ti–20Hf (at%) shape memory alloy,2015.0,50.0,29.7,7.0,Ni50.0Ti29.7Hf20.3 %,20.3
B. C. Hornbuckle; T. T. Sasaki; G. S. Bigelow; R. D. Noebe; M. L. Weaver and G. B. Thompson,Materials Science and Engineering: A,Structure–property relationships in a precipitation strengthened Ni–29.7Ti–20Hf (at%) shape memory alloy,2015.0,50.0,29.7,7.0,Ni50.0Ti29.7Hf20.3 %,20.3
B. C. Hornbuckle; T. T. Sasaki; G. S. Bigelow; R. D. Noebe; M. L. Weaver and G. B. Thompson,Materials Science and Engineering: A,Structure–property relationships in a precipitation strengthened Ni–29.7Ti–20Hf (at%) shape memory alloy,2015.0,50.0,29.7,7.0,Ni50.0Ti29.7Hf20.3 %,20.3
B. C. Hornbuckle; T. T. Sasaki; G. S. Bigelow; R. D. Noebe; M. L. Weaver and G. B. Thompson,Materials Science and Engineering: A,Structure–property relationships in a precipitation strengthened Ni–29.7Ti–20Hf (at%) shape memory alloy,2015.0,50.0,29.7,7.0,Ni50.0Ti29.7Hf20.3 %,20.3
B. C. Hornbuckle; T. T. Sasaki; G. S. Bigelow; R. D. Noebe; M. L. Weaver and G. B. Thompson,Materials Science and Engineering: A,Structure–property relationships in a precipitation strengthened Ni–29.7Ti–20Hf (at%) shape memory alloy,2015.0,50.0,29.7,7.0,Ni50.0Ti29.7Hf20.3 %,20.3
B. C. Hornbuckle; T. T. Sasaki; G. S. Bigelow; R. D. Noebe; M. L. Weaver and G. B. Thompson,Materials Science and Engineering: A,Structure–property relationships in a precipitation strengthened Ni–29.7Ti–20Hf (at%) shape memory alloy,2015.0,50.0,29.7,7.0,Ni50.0Ti29.7Hf20.3 %,20.3
B. C. Hornbuckle; T. T. Sasaki; G. S. Bigelow; R. D. Noebe; M. L. Weaver and G. B. Thompson,Materials Science and Engineering: A,Structure–property relationships in a precipitation strengthened Ni–29.7Ti–20Hf (at%) shape memory alloy,2015.0,50.0,29.7,7.0,Ni50.0Ti29.7Hf20.3 %,20.3
B. C. Hornbuckle; T. T. Sasaki; G. S. Bigelow; R. D. Noebe; M. L. Weaver and G. B. Thompson,Materials Science and Engineering: A,Structure–property relationships in a precipitation strengthened Ni–29.7Ti–20Hf (at%) shape memory alloy,2015.0,50.0,29.7,7.0,Ni50.0Ti29.7Hf20.3 %,20.3
B. C. Hornbuckle; T. T. Sasaki; G. S. Bigelow; R. D. Noebe; M. L. Weaver and G. B. Thompson,Materials Science and Engineering: A,Structure–property relationships in a precipitation strengthened Ni–29.7Ti–20Hf (at%) shape memory alloy,2015.0,50.0,29.7,7.0,Ni50.0Ti29.7Hf20.3 %,20.3
B. C. Hornbuckle; T. T. Sasaki; G. S. Bigelow; R. D. Noebe; M. L. Weaver and G. B. Thompson,Materials Science and Engineering: A,Structure–property relationships in a precipitation strengthened Ni–29.7Ti–20Hf (at%) shape memory alloy,2015.0,50.0,29.7,7.0,Ni50.0Ti29.7Hf20.3 %,20.3
B. C. Hornbuckle; T. T. Sasaki; G. S. Bigelow; R. D. Noebe; M. L. Weaver and G. B. Thompson,Materials Science and Engineering: A,Structure–property relationships in a precipitation strengthened Ni–29.7Ti–20Hf (at%) shape memory alloy,2015.0,50.0,29.7,7.0,Ni50.0Ti29.7Hf20.3 %,20.3
B. C. Hornbuckle; T. T. Sasaki; G. S. Bigelow; R. D. Noebe; M. L. Weaver and G. B. Thompson,Materials Science and Engineering: A,Structure–property relationships in a precipitation strengthened Ni–29.7Ti–20Hf (at%) shape memory alloy,2015.0,50.0,29.7,7.0,Ni50.0Ti29.7Hf20.3 %,20.3
B. C. Hornbuckle; T. T. Sasaki; G. S. Bigelow; R. D. Noebe; M. L. Weaver and G. B. Thompson,Materials Science and Engineering: A,Structure–property relationships in a precipitation strengthened Ni–29.7Ti–20Hf (at%) shape memory alloy,2015.0,50.0,29.7,7.0,Ni50.0Ti29.7Hf20.3 %,20.3
B. C. Hornbuckle; T. T. Sasaki; G. S. Bigelow; R. D. Noebe; M. L. Weaver and G. B. Thompson,Materials Science and Engineering: A,Structure–property relationships in a precipitation strengthened Ni–29.7Ti–20Hf (at%) shape memory alloy,2015.0,50.0,29.7,7.0,Ni50.0Ti29.7Hf20.3 %,20.3
B. C. Hornbuckle; T. T. Sasaki; G. S. Bigelow; R. D. Noebe; M. L. Weaver and G. B. Thompson,Materials Science and Engineering: A,Structure–property relationships in a precipitation strengthened Ni–29.7Ti–20Hf (at%) shape memory alloy,2015.0,50.0,29.7,7.0,Ni50.0Ti29.7Hf20.3 %,20.3
B. C. Hornbuckle; T. T. Sasaki; G. S. Bigelow; R. D. Noebe; M. L. Weaver and G. B. Thompson,Materials Science and Engineering: A,Structure–property relationships in a precipitation strengthened Ni–29.7Ti–20Hf (at%) shape memory alloy,2015.0,50.0,29.7,7.0,Ni50.0Ti29.7Hf20.3 %,20.3
B. C. Hornbuckle; T. T. Sasaki; G. S. Bigelow; R. D. Noebe; M. L. Weaver and G. B. Thompson,Materials Science and Engineering: A,Structure–property relationships in a precipitation strengthened Ni–29.7Ti–20Hf (at%) shape memory alloy,2015.0,50.0,29.7,7.0,Ni50.0Ti29.7Hf20.3 %,20.3
B. C. Hornbuckle; T. T. Sasaki; G. S. Bigelow; R. D. Noebe; M. L. Weaver and G. B. Thompson,Materials Science and Engineering: A,Structure–property relationships in a precipitation strengthened Ni–29.7Ti–20Hf (at%) shape memory alloy,2015.0,50.0,29.7,7.0,Ni50.0Ti29.7Hf20.3 %,20.3
B. C. Hornbuckle; T. T. Sasaki; G. S. Bigelow; R. D. Noebe; M. L. Weaver and G. B. Thompson,Materials Science and Engineering: A,Structure–property relationships in a precipitation strengthened Ni–29.7Ti–20Hf (at%) shape memory alloy,2015.0,50.0,29.7,7.0,Ni50.0Ti29.7Hf20.3 %,20.3
B. C. Hornbuckle; T. T. Sasaki; G. S. Bigelow; R. D. Noebe; M. L. Weaver and G. B. Thompson,Materials Science and Engineering: A,Structure–property relationships in a precipitation strengthened Ni–29.7Ti–20Hf (at%) shape memory alloy,2015.0,50.0,29.7,7.0,Ni50.0Ti29.7Hf20.3 %,20.3
M. Zarinejad; Y. Liu and T. J. White,Intermetallics,The crystal chemistry of martensite in NiTiHf shape memory alloys,2008.0,50.0,40.0,7.0,Ni50.0Ti40.0Hf10.0 %,10.0
M. Zarinejad; Y. Liu and T. J. White,Intermetallics,The crystal chemistry of martensite in NiTiHf shape memory alloys,2008.0,50.0,35.0,7.0,Ni50.0Ti35.0Hf15.0 %,15.0
D. H. D. Hsu; B. C. Hornbuckle; B. Valderrama; F. Barrie; H. B. Henderson; G. B. Thompson and M. V. Manuel,Journal of Alloys and Compounds,The effect of aluminum additions on the thermal; microstructural; and mechanical behavior of NiTiHf shape memory alloys,2015.0,50.0,30.0,7.0,Ni50.0Ti30.0Hf20.0 %,20.0
D. H. D. Hsu; B. C. Hornbuckle; B. Valderrama; F. Barrie; H. B. Henderson; G. B. Thompson and M. V. Manuel,Journal of Alloys and Compounds,The effect of aluminum additions on the thermal; microstructural; and mechanical behavior of NiTiHf shape memory alloys,2015.0,50.0,30.0,7.0,Ni50.0Ti30.0Hf20.0 %,20.0
D. H. D. Hsu; B. C. Hornbuckle; B. Valderrama; F. Barrie; H. B. Henderson; G. B. Thompson and M. V. Manuel,Journal of Alloys and Compounds,The effect of aluminum additions on the thermal; microstructural; and mechanical behavior of NiTiHf shape memory alloys,2015.0,50.0,30.0,7.0,Ni50.0Ti30.0Hf20.0 %,20.0
D. H. D. Hsu; B. C. Hornbuckle; B. Valderrama; F. Barrie; H. B. Henderson; G. B. Thompson and M. V. Manuel,Journal of Alloys and Compounds,The effect of aluminum additions on the thermal; microstructural; and mechanical behavior of NiTiHf shape memory alloys,2015.0,50.0,30.0,7.0,Ni50.0Ti30.0Hf20.0 %,20.0
D. H. D. Hsu; B. C. Hornbuckle; B. Valderrama; F. Barrie; H. B. Henderson; G. B. Thompson and M. V. Manuel,Journal of Alloys and Compounds,The effect of aluminum additions on the thermal; microstructural; and mechanical behavior of NiTiHf shape memory alloys,2015.0,50.0,30.0,7.0,Ni50.0Ti30.0Hf20.0 %,20.0
D. H. D. Hsu; B. C. Hornbuckle; B. Valderrama; F. Barrie; H. B. Henderson; G. B. Thompson and M. V. Manuel,Journal of Alloys and Compounds,The effect of aluminum additions on the thermal; microstructural; and mechanical behavior of NiTiHf shape memory alloys,2015.0,50.0,30.0,7.0,Ni50.0Ti30.0Hf20.0 %,20.0
D. H. D. Hsu; B. C. Hornbuckle; B. Valderrama; F. Barrie; H. B. Henderson; G. B. Thompson and M. V. Manuel,Journal of Alloys and Compounds,The effect of aluminum additions on the thermal; microstructural; and mechanical behavior of NiTiHf shape memory alloys,2015.0,50.0,30.0,7.0,Ni50.0Ti30.0Hf20.0 %,20.0
D. H. D. Hsu; B. C. Hornbuckle; B. Valderrama; F. Barrie; H. B. Henderson; G. B. Thompson and M. V. Manuel,Journal of Alloys and Compounds,The effect of aluminum additions on the thermal; microstructural; and mechanical behavior of NiTiHf shape memory alloys,2015.0,50.0,30.0,7.0,Ni50.0Ti30.0Hf20.0 %,20.0
D. H. D. Hsu; B. C. Hornbuckle; B. Valderrama; F. Barrie; H. B. Henderson; G. B. Thompson and M. V. Manuel,Journal of Alloys and Compounds,The effect of aluminum additions on the thermal; microstructural; and mechanical behavior of NiTiHf shape memory alloys,2015.0,50.0,30.0,7.0,Ni50.0Ti30.0Hf20.0 %,20.0
D. H. D. Hsu; B. C. Hornbuckle; B. Valderrama; F. Barrie; H. B. Henderson; G. B. Thompson and M. V. Manuel,Journal of Alloys and Compounds,The effect of aluminum additions on the thermal; microstructural; and mechanical behavior of NiTiHf shape memory alloys,2015.0,50.0,30.0,7.0,Ni50.0Ti30.0Hf20.0 %,20.0
D. H. D. Hsu; B. C. Hornbuckle; B. Valderrama; F. Barrie; H. B. Henderson; G. B. Thompson and M. V. Manuel,Journal of Alloys and Compounds,The effect of aluminum additions on the thermal; microstructural; and mechanical behavior of NiTiHf shape memory alloys,2015.0,50.0,30.0,7.0,Ni50.0Ti30.0Hf20.0 %,20.0
D. H. D. Hsu; B. C. Hornbuckle; B. Valderrama; F. Barrie; H. B. Henderson; G. B. Thompson and M. V. Manuel,Journal of Alloys and Compounds,The effect of aluminum additions on the thermal; microstructural; and mechanical behavior of NiTiHf shape memory alloys,2015.0,50.0,30.0,7.0,Ni50.0Ti30.0Hf20.0 %,20.0
D. H. D. Hsu; B. C. Hornbuckle; B. Valderrama; F. Barrie; H. B. Henderson; G. B. Thompson and M. V. Manuel,Journal of Alloys and Compounds,The effect of aluminum additions on the thermal; microstructural; and mechanical behavior of NiTiHf shape memory alloys,2015.0,50.0,30.0,7.0,Ni50.0Ti30.0Hf20.0 %,20.0
D. H. D. Hsu; B. C. Hornbuckle; B. Valderrama; F. Barrie; H. B. Henderson; G. B. Thompson and M. V. Manuel,Journal of Alloys and Compounds,The effect of aluminum additions on the thermal; microstructural; and mechanical behavior of NiTiHf shape memory alloys,2015.0,50.0,30.0,7.0,Ni50.0Ti30.0Hf20.0 %,20.0
D. H. D. Hsu; B. C. Hornbuckle; B. Valderrama; F. Barrie; H. B. Henderson; G. B. Thompson and M. V. Manuel,Journal of Alloys and Compounds,The effect of aluminum additions on the thermal; microstructural; and mechanical behavior of NiTiHf shape memory alloys,2015.0,50.0,30.0,7.0,Ni50.0Ti30.0Hf20.0 %,20.0
D. H. D. Hsu; B. C. Hornbuckle; B. Valderrama; F. Barrie; H. B. Henderson; G. B. Thompson and M. V. Manuel,Journal of Alloys and Compounds,The effect of aluminum additions on the thermal; microstructural; and mechanical behavior of NiTiHf shape memory alloys,2015.0,50.0,30.0,7.0,Ni50.0Ti30.0Hf20.0 %,20.0
D. H. D. Hsu; B. C. Hornbuckle; B. Valderrama; F. Barrie; H. B. Henderson; G. B. Thompson and M. V. Manuel,Journal of Alloys and Compounds,The effect of aluminum additions on the thermal; microstructural; and mechanical behavior of NiTiHf shape memory alloys,2015.0,50.0,30.0,7.0,Ni50.0Ti30.0Hf20.0 %,20.0
D. H. D. Hsu; B. C. Hornbuckle; B. Valderrama; F. Barrie; H. B. Henderson; G. B. Thompson and M. V. Manuel,Journal of Alloys and Compounds,The effect of aluminum additions on the thermal; microstructural; and mechanical behavior of NiTiHf shape memory alloys,2015.0,50.0,30.0,7.0,Ni50.0Ti30.0Hf20.0 %,20.0
D. Angst; P. Thoma and M. Kao,Journal de Physique IV,The Effect of Hafnium Content on the Transformation Temperatures of Ni49Ti51-xHfx. Shape Memory Alloys,1995.0,50.0,40.0,7.0,Ni50.0Ti40.0Hf10.0 %,10.0
T. Umale; D. Salas; B. Tomes; R. Arroyave and I. Karaman,Scripta Materialia,The effects of wide range of compositional changes on the martensitic transformation characteristics of NiTiHf shape memory alloys,2019.0,50.0,45.0,7.0,Ni50.0Ti45.0Hf5.0 %,5.0
T. Umale; D. Salas; B. Tomes; R. Arroyave and I. Karaman,Scripta Materialia,The effects of wide range of compositional changes on the martensitic transformation characteristics of NiTiHf shape memory alloys,2019.0,50.0,40.0,7.0,Ni50.0Ti40.0Hf10.0 %,10.0
T. Umale; D. Salas; B. Tomes; R. Arroyave and I. Karaman,Scripta Materialia,The effects of wide range of compositional changes on the martensitic transformation characteristics of NiTiHf shape memory alloys,2019.0,50.0,35.0,7.0,Ni50.0Ti35.0Hf15.0 %,15.0
T. Umale; D. Salas; B. Tomes; R. Arroyave and I. Karaman,Scripta Materialia,The effects of wide range of compositional changes on the martensitic transformation characteristics of NiTiHf shape memory alloys,2019.0,50.0,30.0,7.0,Ni50.0Ti30.0Hf20.0 %,20.0
T. Umale; D. Salas; B. Tomes; R. Arroyave and I. Karaman,Scripta Materialia,The effects of wide range of compositional changes on the martensitic transformation characteristics of NiTiHf shape memory alloys,2019.0,50.0,25.0,7.0,Ni50.0Ti25.0Hf25.0 %,25.0
T. Umale; D. Salas; B. Tomes; R. Arroyave and I. Karaman,Scripta Materialia,The effects of wide range of compositional changes on the martensitic transformation characteristics of NiTiHf shape memory alloys,2019.0,50.0,20.0,7.0,Ni50.0Ti20.0Hf30.0 %,30.0
R. Santamarta; A. Pasko; J. Pons; E. Cesari and P. Ochin,Archives of Metallurgy and Materials,Thermal and microstructural evolution during the crystallization of a Ni50Ti32Hf18 melt spun ribbon,2004.0,50.0,32.0,7.0,Ni50.0Ti32.0Hf18.0 %,18.0
M. Zarinejad; Y. Liu and Y. Tong,Intermetallics,Transformation temperature changes due to second phase precipitation in NiTi-based shape memory alloys,2009.0,50.0,40.0,7.0,Ni50.0Ti40.0Hf10.0 %,10.0
M. Zarinejad; Y. Liu and Y. Tong,Intermetallics,Transformation temperature changes due to second phase precipitation in NiTi-based shape memory alloys,2009.0,50.0,40.0,7.0,Ni50.0Ti40.0Hf10.0 %,10.0
M. Zarinejad; Y. Liu and Y. Tong,Intermetallics,Transformation temperature changes due to second phase precipitation in NiTi-based shape memory alloys,2009.0,50.0,35.0,7.0,Ni50.0Ti35.0Hf15.0 %,15.0
M. Zarinejad; Y. Liu and Y. Tong,Intermetallics,Transformation temperature changes due to second phase precipitation in NiTi-based shape memory alloys,2009.0,50.0,35.0,7.0,Ni50.0Ti35.0Hf15.0 %,15.0
M. Zarinejad; Y. Liu and Y. Tong,Intermetallics,Transformation temperature changes due to second phase precipitation in NiTi-based shape memory alloys,2009.0,50.0,30.0,7.0,Ni50.0Ti30.0Hf20.0 %,20.0
M. Zarinejad; Y. Liu and Y. Tong,Intermetallics,Transformation temperature changes due to second phase precipitation in NiTi-based shape memory alloys,2009.0,50.0,30.0,7.0,Ni50.0Ti30.0Hf20.0 %,20.0
H. D. Gu; L. You; K. M. Leung; C. Y. Chung; K. S. Chan and J. K. L. Lai,Applied Surface Science,Growth of TiNiHf shape memory alloy thin films by laser ablation of composite targets,1998.0,50.04,36.63,7.0024,Ni50.04Ti36.63Hf13.33 %,13.33
R. Santamarta; A. Evirgen; A. M. Perez-Sierra; J. Pons; E. Cesari; I. Karaman and R. D. Noebe,Shape Memory and Superelasticity,Effect of Thermal Treatments on Ni–Mn–Ga and Ni-Rich Ni–Ti–Hf/Zr High-Temperature Shape Memory Alloys,2015.0,50.1,24.9,7.006,Ni50.1Ti24.9Hf25.0 %,25.0
R. Santamarta; A. Evirgen; A. M. Perez-Sierra; J. Pons; E. Cesari; I. Karaman and R. D. Noebe,Shape Memory and Superelasticity,Effect of Thermal Treatments on Ni–Mn–Ga and Ni-Rich Ni–Ti–Hf/Zr High-Temperature Shape Memory Alloys,2015.0,50.1,24.9,7.006,Ni50.1Ti24.9Hf25.0 %,25.0
R. Santamarta; R. Arróyave; J. Pons; A. Evirgen; I. Karaman; H. Karaca and R. Noebe,Acta Materialia,TEM study of structural and microstructural characteristics of a precipitate phase in Ni-rich Ni–Ti–Hf and Ni–Ti–Zr shape memory alloys,2013.0,50.1,24.9,7.006,Ni50.1Ti24.9Hf25.0 %,25.0
P. E. Thoma and J. J. Boehm,Materials Science and Engineering: A,Effect of composition on the amount of second phase and transformation temperatures of NixTi90−xHf10 shape memory alloys,1999.0,50.2,39.8,7.012,Ni50.2Ti39.8Hf10.0 %,10.0
J. H. Kim; C. H. Park; S. W. Kim; J. K. Hong; C.-S. Oh; Y. M. Jeon; K. M. Kim and J. T. Yeom,Journal of Nanoscience and Nanotechnology,Effects of Microstructure and Deformation Conditions on the Hot Formability of Ni–Ti–Hf Shape Memory Alloys,2014.0,50.2,39.8,7.012,Ni50.2Ti39.8Hf10.0 %,10.0
J. H. Kim; C. H. Park; S. W. Kim; J. K. Hong; C.-S. Oh; Y. M. Jeon; K. M. Kim and J. T. Yeom,Journal of Nanoscience and Nanotechnology,Effects of Microstructure and Deformation Conditions on the Hot Formability of Ni–Ti–Hf Shape Memory Alloys,2014.0,50.2,39.8,7.012,Ni50.2Ti39.8Hf10.0 %,10.0
J. H. Kim; C. H. Park; S. W. Kim; J. K. Hong; C.-S. Oh; Y. M. Jeon; K. M. Kim and J. T. Yeom,Journal of Nanoscience and Nanotechnology,Effects of Microstructure and Deformation Conditions on the Hot Formability of Ni–Ti–Hf Shape Memory Alloys,2014.0,50.2,39.8,7.012,Ni50.2Ti39.8Hf10.0 %,10.0
J. H. Kim; C. H. Park; S. W. Kim; J. K. Hong; C.-S. Oh; Y. M. Jeon; K. M. Kim and J. T. Yeom,Journal of Nanoscience and Nanotechnology,Effects of Microstructure and Deformation Conditions on the Hot Formability of Ni–Ti–Hf Shape Memory Alloys,2014.0,50.2,39.8,7.012,Ni50.2Ti39.8Hf10.0 %,10.0
J. H. Kim; C. H. Park; S. W. Kim; J. K. Hong; C.-S. Oh; Y. M. Jeon; K. M. Kim and J. T. Yeom,Journal of Nanoscience and Nanotechnology,Effects of Microstructure and Deformation Conditions on the Hot Formability of Ni–Ti–Hf Shape Memory Alloys,2014.0,50.2,37.8,7.012,Ni50.2Ti37.8Hf12.0 %,12.0
J. H. Kim; C. H. Park; S. W. Kim; J. K. Hong; C.-S. Oh; Y. M. Jeon; K. M. Kim and J. T. Yeom,Journal of Nanoscience and Nanotechnology,Effects of Microstructure and Deformation Conditions on the Hot Formability of Ni–Ti–Hf Shape Memory Alloys,2014.0,50.2,37.8,7.012,Ni50.2Ti37.8Hf12.0 %,12.0
J. H. Kim; C. H. Park; S. W. Kim; J. K. Hong; C.-S. Oh; Y. M. Jeon; K. M. Kim and J. T. Yeom,Journal of Nanoscience and Nanotechnology,Effects of Microstructure and Deformation Conditions on the Hot Formability of Ni–Ti–Hf Shape Memory Alloys,2014.0,50.2,37.8,7.012,Ni50.2Ti37.8Hf12.0 %,12.0
J. H. Kim; C. H. Park; S. W. Kim; J. K. Hong; C.-S. Oh; Y. M. Jeon; K. M. Kim and J. T. Yeom,Journal of Nanoscience and Nanotechnology,Effects of Microstructure and Deformation Conditions on the Hot Formability of Ni–Ti–Hf Shape Memory Alloys,2014.0,50.2,37.8,7.012,Ni50.2Ti37.8Hf12.0 %,12.0
J. H. Kim; C. H. Park; S. W. Kim; J. K. Hong; C.-S. Oh; Y. M. Jeon; K. M. Kim and J. T. Yeom,Journal of Nanoscience and Nanotechnology,Effects of Microstructure and Deformation Conditions on the Hot Formability of Ni–Ti–Hf Shape Memory Alloys,2014.0,50.2,35.8,7.012,Ni50.2Ti35.8Hf14.0 %,14.0
J. H. Kim; C. H. Park; S. W. Kim; J. K. Hong; C.-S. Oh; Y. M. Jeon; K. M. Kim and J. T. Yeom,Journal of Nanoscience and Nanotechnology,Effects of Microstructure and Deformation Conditions on the Hot Formability of Ni–Ti–Hf Shape Memory Alloys,2014.0,50.2,35.8,7.012,Ni50.2Ti35.8Hf14.0 %,14.0
J. H. Kim; C. H. Park; S. W. Kim; J. K. Hong; C.-S. Oh; Y. M. Jeon; K. M. Kim and J. T. Yeom,Journal of Nanoscience and Nanotechnology,Effects of Microstructure and Deformation Conditions on the Hot Formability of Ni–Ti–Hf Shape Memory Alloys,2014.0,50.2,35.8,7.012,Ni50.2Ti35.8Hf14.0 %,14.0
J. H. Kim; C. H. Park; S. W. Kim; J. K. Hong; C.-S. Oh; Y. M. Jeon; K. M. Kim and J. T. Yeom,Journal of Nanoscience and Nanotechnology,Effects of Microstructure and Deformation Conditions on the Hot Formability of Ni–Ti–Hf Shape Memory Alloys,2014.0,50.2,35.8,7.012,Ni50.2Ti35.8Hf14.0 %,14.0
A. I. Tagiltsev; N. Y. Surikov; E. Y. Panchenko; Y. I. Chumlyakov and I. Karaman,Russian Physics Journal,Special Features of Functional Properties of Heterophase High-Strength Ni50.2Ti37.3Hf12.5 Polycrystals and Single Crystals,2019.0,50.2,37.3,7.012,Ni50.2Ti37.3Hf12.5 %,12.5
A. I. Tagiltsev; N. Y. Surikov; E. Y. Panchenko; Y. I. Chumlyakov and I. Karaman,Russian Physics Journal,Special Features of Functional Properties of Heterophase High-Strength Ni50.2Ti37.3Hf12.5 Polycrystals and Single Crystals,2019.0,50.2,37.3,7.012,Ni50.2Ti37.3Hf12.5 %,12.5
A. I. Tagiltsev; N. Y. Surikov; E. Y. Panchenko; Y. I. Chumlyakov and I. Karaman,Russian Physics Journal,Special Features of Functional Properties of Heterophase High-Strength Ni50.2Ti37.3Hf12.5 Polycrystals and Single Crystals,2019.0,50.2,37.3,7.012,Ni50.2Ti37.3Hf12.5 %,12.5
A. I. Tagiltsev; N. Y. Surikov; E. Y. Panchenko; Y. I. Chumlyakov and I. Karaman,Russian Physics Journal,Special Features of Functional Properties of Heterophase High-Strength Ni50.2Ti37.3Hf12.5 Polycrystals and Single Crystals,2019.0,50.2,37.3,7.012,Ni50.2Ti37.3Hf12.5 %,12.5
A. I. Tagiltsev; N. Y. Surikov; E. Y. Panchenko; Y. I. Chumlyakov and I. Karaman,Russian Physics Journal,Special Features of Functional Properties of Heterophase High-Strength Ni50.2Ti37.3Hf12.5 Polycrystals and Single Crystals,2019.0,50.2,37.3,7.012,Ni50.2Ti37.3Hf12.5 %,12.5
A. I. Tagiltsev; N. Y. Surikov; E. Y. Panchenko; Y. I. Chumlyakov and I. Karaman,Russian Physics Journal,Special Features of Functional Properties of Heterophase High-Strength Ni50.2Ti37.3Hf12.5 Polycrystals and Single Crystals,2019.0,50.2,37.3,7.012,Ni50.2Ti37.3Hf12.5 %,12.5
A. I. Tagiltsev; N. Y. Surikov; E. Y. Panchenko; Y. I. Chumlyakov and I. Karaman,Russian Physics Journal,Special Features of Functional Properties of Heterophase High-Strength Ni50.2Ti37.3Hf12.5 Polycrystals and Single Crystals,2019.0,50.2,37.3,7.012,Ni50.2Ti37.3Hf12.5 %,12.5
A. I. Tagiltsev; N. Y. Surikov; E. Y. Panchenko; Y. I. Chumlyakov and I. Karaman,Russian Physics Journal,Special Features of Functional Properties of Heterophase High-Strength Ni50.2Ti37.3Hf12.5 Polycrystals and Single Crystals,2019.0,50.2,37.3,7.012,Ni50.2Ti37.3Hf12.5 %,12.5
A. I. Tagiltsev; N. Y. Surikov; E. Y. Panchenko; Y. I. Chumlyakov and I. Karaman,Russian Physics Journal,Special Features of Functional Properties of Heterophase High-Strength Ni50.2Ti37.3Hf12.5 Polycrystals and Single Crystals,2019.0,50.2,37.3,7.012,Ni50.2Ti37.3Hf12.5 %,12.5
D. Angst; P. Thoma and M. Kao,Journal de Physique IV,The Effect of Hafnium Content on the Transformation Temperatures of Ni49Ti51-xHfx. Shape Memory Alloys,1995.0,50.2,39.8,7.012,Ni50.2Ti39.8Hf10.0 %,10.0
D. N. Abujudom; M. Y. Kao; P. E. Thoma and D. R. Angst,US5114504,High transformation temperature shape memory alloy,1992.0,50.25,39.75,7.015,Ni50.25Ti39.75Hf10.0 %,10.0
D. N. Abujudom; M. Y. Kao; P. E. Thoma and D. R. Angst,US5114504,High transformation temperature shape memory alloy,1992.0,50.25,37.25,7.015,Ni50.25Ti37.25Hf12.5 %,12.5
D. N. Abujudom; M. Y. Kao; P. E. Thoma and D. R. Angst,US5114504,High transformation temperature shape memory alloy,1992.0,50.25,34.75,7.015,Ni50.25Ti34.75Hf15.0 %,15.0
J. S. Owusu-Danquah; A. F. Saleeb; B. Dhakal and S. A. Padula,Journal of Materials Engineering and Performance,A Comparative Study of Ni49.9Ti50.1 and Ni50.3Ti29.7Hf20 Tube Actuators,2015.0,50.3,29.7,7.018,Ni50.3Ti29.7Hf20.0 %,20.0
R. W. Wheeler III,Aerospace Engineering,Actuation Fatigue Characterization Methods and Lifetime Predictions of Shape Memory Alloy Actuators,2017.0,50.3,29.7,7.018,Ni50.3Ti29.7Hf20.0 %,20.0
R. W. Wheeler III,Aerospace Engineering,Actuation Fatigue Characterization Methods and Lifetime Predictions of Shape Memory Alloy Actuators,2017.0,50.3,29.7,7.018,Ni50.3Ti29.7Hf20.0 %,20.0
R. W. Wheeler III,Aerospace Engineering,Actuation Fatigue Characterization Methods and Lifetime Predictions of Shape Memory Alloy Actuators,2017.0,50.3,29.7,7.018,Ni50.3Ti29.7Hf20.0 %,20.0
R. W. Wheeler III,Aerospace Engineering,Actuation Fatigue Characterization Methods and Lifetime Predictions of Shape Memory Alloy Actuators,2017.0,50.3,29.7,7.018,Ni50.3Ti29.7Hf20.0 %,20.0
R. W. Wheeler III,Aerospace Engineering,Actuation Fatigue Characterization Methods and Lifetime Predictions of Shape Memory Alloy Actuators,2017.0,50.3,29.7,7.018,Ni50.3Ti29.7Hf20.0 %,20.0
R. W. Wheeler III,Aerospace Engineering,Actuation Fatigue Characterization Methods and Lifetime Predictions of Shape Memory Alloy Actuators,2017.0,50.3,29.7,7.018,Ni50.3Ti29.7Hf20.0 %,20.0
R. W. Wheeler III,Aerospace Engineering,Actuation Fatigue Characterization Methods and Lifetime Predictions of Shape Memory Alloy Actuators,2017.0,50.3,29.7,7.018,Ni50.3Ti29.7Hf20.0 %,20.0
R. W. Wheeler III,Aerospace Engineering,Actuation Fatigue Characterization Methods and Lifetime Predictions of Shape Memory Alloy Actuators,2017.0,50.3,29.7,7.018,Ni50.3Ti29.7Hf20.0 %,20.0
R. W. Wheeler III,Aerospace Engineering,Actuation Fatigue Characterization Methods and Lifetime Predictions of Shape Memory Alloy Actuators,2017.0,50.3,29.7,7.018,Ni50.3Ti29.7Hf20.0 %,20.0
R. W. Wheeler III,Aerospace Engineering,Actuation Fatigue Characterization Methods and Lifetime Predictions of Shape Memory Alloy Actuators,2017.0,50.3,29.7,7.018,Ni50.3Ti29.7Hf20.0 %,20.0
R. W. Wheeler III,Aerospace Engineering,Actuation Fatigue Characterization Methods and Lifetime Predictions of Shape Memory Alloy Actuators,2017.0,50.3,29.7,7.018,Ni50.3Ti29.7Hf20.0 %,20.0
R. W. Wheeler III,Aerospace Engineering,Actuation Fatigue Characterization Methods and Lifetime Predictions of Shape Memory Alloy Actuators,2017.0,50.3,29.7,7.018,Ni50.3Ti29.7Hf20.0 %,20.0
R. W. Wheeler III,Aerospace Engineering,Actuation Fatigue Characterization Methods and Lifetime Predictions of Shape Memory Alloy Actuators,2017.0,50.3,29.7,7.018,Ni50.3Ti29.7Hf20.0 %,20.0
R. W. Wheeler III,Aerospace Engineering,Actuation Fatigue Characterization Methods and Lifetime Predictions of Shape Memory Alloy Actuators,2017.0,50.3,29.7,7.018,Ni50.3Ti29.7Hf20.0 %,20.0
R. W. Wheeler III,Aerospace Engineering,Actuation Fatigue Characterization Methods and Lifetime Predictions of Shape Memory Alloy Actuators,2017.0,50.3,29.7,7.018,Ni50.3Ti29.7Hf20.0 %,20.0
R. W. Wheeler III,Aerospace Engineering,Actuation Fatigue Characterization Methods and Lifetime Predictions of Shape Memory Alloy Actuators,2017.0,50.3,29.7,7.018,Ni50.3Ti29.7Hf20.0 %,20.0
R. W. Wheeler III,Aerospace Engineering,Actuation Fatigue Characterization Methods and Lifetime Predictions of Shape Memory Alloy Actuators,2017.0,50.3,29.7,7.018,Ni50.3Ti29.7Hf20.0 %,20.0
R. W. Wheeler III,Aerospace Engineering,Actuation Fatigue Characterization Methods and Lifetime Predictions of Shape Memory Alloy Actuators,2017.0,50.3,29.7,7.018,Ni50.3Ti29.7Hf20.0 %,20.0
R. W. Wheeler III,Aerospace Engineering,Actuation Fatigue Characterization Methods and Lifetime Predictions of Shape Memory Alloy Actuators,2017.0,50.3,29.7,7.018,Ni50.3Ti29.7Hf20.0 %,20.0
R. W. Wheeler III,Aerospace Engineering,Actuation Fatigue Characterization Methods and Lifetime Predictions of Shape Memory Alloy Actuators,2017.0,50.3,29.7,7.018,Ni50.3Ti29.7Hf20.0 %,20.0
R. W. Wheeler III,Aerospace Engineering,Actuation Fatigue Characterization Methods and Lifetime Predictions of Shape Memory Alloy Actuators,2017.0,50.3,29.7,7.018,Ni50.3Ti29.7Hf20.0 %,20.0
R. W. Wheeler III,Aerospace Engineering,Actuation Fatigue Characterization Methods and Lifetime Predictions of Shape Memory Alloy Actuators,2017.0,50.3,29.7,7.018,Ni50.3Ti29.7Hf20.0 %,20.0
R. W. Wheeler III,Aerospace Engineering,Actuation Fatigue Characterization Methods and Lifetime Predictions of Shape Memory Alloy Actuators,2017.0,50.3,29.7,7.018,Ni50.3Ti29.7Hf20.0 %,20.0
R. W. Wheeler III,Aerospace Engineering,Actuation Fatigue Characterization Methods and Lifetime Predictions of Shape Memory Alloy Actuators,2017.0,50.3,29.7,7.018,Ni50.3Ti29.7Hf20.0 %,20.0
R. W. Wheeler III,Aerospace Engineering,Actuation Fatigue Characterization Methods and Lifetime Predictions of Shape Memory Alloy Actuators,2017.0,50.3,29.7,7.018,Ni50.3Ti29.7Hf20.0 %,20.0
R. W. Wheeler III,Aerospace Engineering,Actuation Fatigue Characterization Methods and Lifetime Predictions of Shape Memory Alloy Actuators,2017.0,50.3,29.7,7.018,Ni50.3Ti29.7Hf20.0 %,20.0
R. W. Wheeler III,Aerospace Engineering,Actuation Fatigue Characterization Methods and Lifetime Predictions of Shape Memory Alloy Actuators,2017.0,50.3,29.7,7.018,Ni50.3Ti29.7Hf20.0 %,20.0
R. W. Wheeler III,Aerospace Engineering,Actuation Fatigue Characterization Methods and Lifetime Predictions of Shape Memory Alloy Actuators,2017.0,50.3,29.7,7.018,Ni50.3Ti29.7Hf20.0 %,20.0
R. W. Wheeler III,Aerospace Engineering,Actuation Fatigue Characterization Methods and Lifetime Predictions of Shape Memory Alloy Actuators,2017.0,50.3,29.7,7.018,Ni50.3Ti29.7Hf20.0 %,20.0
R. W. Wheeler III,Aerospace Engineering,Actuation Fatigue Characterization Methods and Lifetime Predictions of Shape Memory Alloy Actuators,2017.0,50.3,29.7,7.018,Ni50.3Ti29.7Hf20.0 %,20.0
R. W. Wheeler III,Aerospace Engineering,Actuation Fatigue Characterization Methods and Lifetime Predictions of Shape Memory Alloy Actuators,2017.0,50.3,29.7,7.018,Ni50.3Ti29.7Hf20.0 %,20.0
R. W. Wheeler III,Aerospace Engineering,Actuation Fatigue Characterization Methods and Lifetime Predictions of Shape Memory Alloy Actuators,2017.0,50.3,29.7,7.018,Ni50.3Ti29.7Hf20.0 %,20.0
R. W. Wheeler III,Aerospace Engineering,Actuation Fatigue Characterization Methods and Lifetime Predictions of Shape Memory Alloy Actuators,2017.0,50.3,29.7,7.018,Ni50.3Ti29.7Hf20.0 %,20.0
R. W. Wheeler III,Aerospace Engineering,Actuation Fatigue Characterization Methods and Lifetime Predictions of Shape Memory Alloy Actuators,2017.0,50.3,29.7,7.018,Ni50.3Ti29.7Hf20.0 %,20.0
R. W. Wheeler III,Aerospace Engineering,Actuation Fatigue Characterization Methods and Lifetime Predictions of Shape Memory Alloy Actuators,2017.0,50.3,29.7,7.018,Ni50.3Ti29.7Hf20.0 %,20.0
R. W. Wheeler III,Aerospace Engineering,Actuation Fatigue Characterization Methods and Lifetime Predictions of Shape Memory Alloy Actuators,2017.0,50.3,29.7,7.018,Ni50.3Ti29.7Hf20.0 %,20.0
R. W. Wheeler III,Aerospace Engineering,Actuation Fatigue Characterization Methods and Lifetime Predictions of Shape Memory Alloy Actuators,2017.0,50.3,29.7,7.018,Ni50.3Ti29.7Hf20.0 %,20.0
R. W. Wheeler III,Aerospace Engineering,Actuation Fatigue Characterization Methods and Lifetime Predictions of Shape Memory Alloy Actuators,2017.0,50.3,29.7,7.018,Ni50.3Ti29.7Hf20.0 %,20.0
R. W. Wheeler III,Aerospace Engineering,Actuation Fatigue Characterization Methods and Lifetime Predictions of Shape Memory Alloy Actuators,2017.0,50.3,29.7,7.018,Ni50.3Ti29.7Hf20.0 %,20.0
R. W. Wheeler III,Aerospace Engineering,Actuation Fatigue Characterization Methods and Lifetime Predictions of Shape Memory Alloy Actuators,2017.0,50.3,29.7,7.018,Ni50.3Ti29.7Hf20.0 %,20.0
R. W. Wheeler III,Aerospace Engineering,Actuation Fatigue Characterization Methods and Lifetime Predictions of Shape Memory Alloy Actuators,2017.0,50.3,29.7,7.018,Ni50.3Ti29.7Hf20.0 %,20.0
R. W. Wheeler III,Aerospace Engineering,Actuation Fatigue Characterization Methods and Lifetime Predictions of Shape Memory Alloy Actuators,2017.0,50.3,29.7,7.018,Ni50.3Ti29.7Hf20.0 %,20.0
R. W. Wheeler III,Aerospace Engineering,Actuation Fatigue Characterization Methods and Lifetime Predictions of Shape Memory Alloy Actuators,2017.0,50.3,29.7,7.018,Ni50.3Ti29.7Hf20.0 %,20.0
R. W. Wheeler III,Aerospace Engineering,Actuation Fatigue Characterization Methods and Lifetime Predictions of Shape Memory Alloy Actuators,2017.0,50.3,29.7,7.018,Ni50.3Ti29.7Hf20.0 %,20.0
R. W. Wheeler III,Aerospace Engineering,Actuation Fatigue Characterization Methods and Lifetime Predictions of Shape Memory Alloy Actuators,2017.0,50.3,29.7,7.018,Ni50.3Ti29.7Hf20.0 %,20.0
R. W. Wheeler III,Aerospace Engineering,Actuation Fatigue Characterization Methods and Lifetime Predictions of Shape Memory Alloy Actuators,2017.0,50.3,29.7,7.018,Ni50.3Ti29.7Hf20.0 %,20.0
R. W. Wheeler III,Aerospace Engineering,Actuation Fatigue Characterization Methods and Lifetime Predictions of Shape Memory Alloy Actuators,2017.0,50.3,29.7,7.018,Ni50.3Ti29.7Hf20.0 %,20.0
R. W. Wheeler III,Aerospace Engineering,Actuation Fatigue Characterization Methods and Lifetime Predictions of Shape Memory Alloy Actuators,2017.0,50.3,29.7,7.018,Ni50.3Ti29.7Hf20.0 %,20.0
R. W. Wheeler III,Aerospace Engineering,Actuation Fatigue Characterization Methods and Lifetime Predictions of Shape Memory Alloy Actuators,2017.0,50.3,29.7,7.018,Ni50.3Ti29.7Hf20.0 %,20.0
R. W. Wheeler III,Aerospace Engineering,Actuation Fatigue Characterization Methods and Lifetime Predictions of Shape Memory Alloy Actuators,2017.0,50.3,29.7,7.018,Ni50.3Ti29.7Hf20.0 %,20.0
R. W. Wheeler III,Aerospace Engineering,Actuation Fatigue Characterization Methods and Lifetime Predictions of Shape Memory Alloy Actuators,2017.0,50.3,29.7,7.018,Ni50.3Ti29.7Hf20.0 %,20.0
R. W. Wheeler III,Aerospace Engineering,Actuation Fatigue Characterization Methods and Lifetime Predictions of Shape Memory Alloy Actuators,2017.0,50.3,29.7,7.018,Ni50.3Ti29.7Hf20.0 %,20.0
R. W. Wheeler III,Aerospace Engineering,Actuation Fatigue Characterization Methods and Lifetime Predictions of Shape Memory Alloy Actuators,2017.0,50.3,29.7,7.018,Ni50.3Ti29.7Hf20.0 %,20.0
R. W. Wheeler III,Aerospace Engineering,Actuation Fatigue Characterization Methods and Lifetime Predictions of Shape Memory Alloy Actuators,2017.0,50.3,29.7,7.018,Ni50.3Ti29.7Hf20.0 %,20.0
R. W. Wheeler III,Aerospace Engineering,Actuation Fatigue Characterization Methods and Lifetime Predictions of Shape Memory Alloy Actuators,2017.0,50.3,29.7,7.018,Ni50.3Ti29.7Hf20.0 %,20.0
R. W. Wheeler III,Aerospace Engineering,Actuation Fatigue Characterization Methods and Lifetime Predictions of Shape Memory Alloy Actuators,2017.0,50.3,29.7,7.018,Ni50.3Ti29.7Hf20.0 %,20.0
R. W. Wheeler III,Aerospace Engineering,Actuation Fatigue Characterization Methods and Lifetime Predictions of Shape Memory Alloy Actuators,2017.0,50.3,29.7,7.018,Ni50.3Ti29.7Hf20.0 %,20.0
R. W. Wheeler III,Aerospace Engineering,Actuation Fatigue Characterization Methods and Lifetime Predictions of Shape Memory Alloy Actuators,2017.0,50.3,29.7,7.018,Ni50.3Ti29.7Hf20.0 %,20.0
R. W. Wheeler III,Aerospace Engineering,Actuation Fatigue Characterization Methods and Lifetime Predictions of Shape Memory Alloy Actuators,2017.0,50.3,29.7,7.018,Ni50.3Ti29.7Hf20.0 %,20.0
R. W. Wheeler III,Aerospace Engineering,Actuation Fatigue Characterization Methods and Lifetime Predictions of Shape Memory Alloy Actuators,2017.0,50.3,29.7,7.018,Ni50.3Ti29.7Hf20.0 %,20.0
R. W. Wheeler III,Aerospace Engineering,Actuation Fatigue Characterization Methods and Lifetime Predictions of Shape Memory Alloy Actuators,2017.0,50.3,29.7,7.018,Ni50.3Ti29.7Hf20.0 %,20.0
M. Moshref-Javadi; S. H. Seyedein; M. T. Salehi and M. R. Aboutalebi,Acta Materialia,Age-induced multi-stage transformation in a Ni-rich NiTiHf alloy,2013.0,50.3,34.7,7.018,Ni50.3Ti34.7Hf15.0 %,15.0
M. Moshref-Javadi; S. H. Seyedein; M. T. Salehi and M. R. Aboutalebi,Acta Materialia,Age-induced multi-stage transformation in a Ni-rich NiTiHf alloy,2013.0,50.3,34.7,7.018,Ni50.3Ti34.7Hf15.0 %,15.0
M. Moshref-Javadi; S. H. Seyedein; M. T. Salehi and M. R. Aboutalebi,Acta Materialia,Age-induced multi-stage transformation in a Ni-rich NiTiHf alloy,2013.0,50.3,34.7,7.018,Ni50.3Ti34.7Hf15.0 %,15.0
M. Moshref-Javadi; S. H. Seyedein; M. T. Salehi and M. R. Aboutalebi,Acta Materialia,Age-induced multi-stage transformation in a Ni-rich NiTiHf alloy,2013.0,50.3,34.7,7.018,Ni50.3Ti34.7Hf15.0 %,15.0
M. Moshref-Javadi; S. H. Seyedein; M. T. Salehi and M. R. Aboutalebi,Acta Materialia,Age-induced multi-stage transformation in a Ni-rich NiTiHf alloy,2013.0,50.3,34.7,7.018,Ni50.3Ti34.7Hf15.0 %,15.0
M. Moshref-Javadi; S. H. Seyedein; M. T. Salehi and M. R. Aboutalebi,Acta Materialia,Age-induced multi-stage transformation in a Ni-rich NiTiHf alloy,2013.0,50.3,34.7,7.018,Ni50.3Ti34.7Hf15.0 %,15.0
M. Moshref-Javadi; S. H. Seyedein; M. T. Salehi and M. R. Aboutalebi,Acta Materialia,Age-induced multi-stage transformation in a Ni-rich NiTiHf alloy,2013.0,50.3,34.7,7.018,Ni50.3Ti34.7Hf15.0 %,15.0
M. Moshref-Javadi; S. H. Seyedein; M. T. Salehi and M. R. Aboutalebi,Acta Materialia,Age-induced multi-stage transformation in a Ni-rich NiTiHf alloy,2013.0,50.3,34.7,7.018,Ni50.3Ti34.7Hf15.0 %,15.0
M. Moshref-Javadi; S. H. Seyedein; M. T. Salehi and M. R. Aboutalebi,Acta Materialia,Age-induced multi-stage transformation in a Ni-rich NiTiHf alloy,2013.0,50.3,34.7,7.018,Ni50.3Ti34.7Hf15.0 %,15.0
M. Moshref-Javadi; S. H. Seyedein; M. T. Salehi and M. R. Aboutalebi,Acta Materialia,Age-induced multi-stage transformation in a Ni-rich NiTiHf alloy,2013.0,50.3,34.7,7.018,Ni50.3Ti34.7Hf15.0 %,15.0
M. Moshref-Javadi; S. H. Seyedein; M. T. Salehi and M. R. Aboutalebi,Acta Materialia,Age-induced multi-stage transformation in a Ni-rich NiTiHf alloy,2013.0,50.3,34.7,7.018,Ni50.3Ti34.7Hf15.0 %,15.0
M. Moshref-Javadi; S. H. Seyedein; M. T. Salehi and M. R. Aboutalebi,Acta Materialia,Age-induced multi-stage transformation in a Ni-rich NiTiHf alloy,2013.0,50.3,34.7,7.018,Ni50.3Ti34.7Hf15.0 %,15.0
M. Moshref-Javadi; S. H. Seyedein; M. T. Salehi and M. R. Aboutalebi,Acta Materialia,Age-induced multi-stage transformation in a Ni-rich NiTiHf alloy,2013.0,50.3,34.7,7.018,Ni50.3Ti34.7Hf15.0 %,15.0
M. Moshref-Javadi; S. H. Seyedein; M. T. Salehi and M. R. Aboutalebi,Acta Materialia,Age-induced multi-stage transformation in a Ni-rich NiTiHf alloy,2013.0,50.3,34.7,7.018,Ni50.3Ti34.7Hf15.0 %,15.0
M. Moshref-Javadi; S. H. Seyedein; M. T. Salehi and M. R. Aboutalebi,Acta Materialia,Age-induced multi-stage transformation in a Ni-rich NiTiHf alloy,2013.0,50.3,34.7,7.018,Ni50.3Ti34.7Hf15.0 %,15.0
M. Moshref-Javadi; S. H. Seyedein; M. T. Salehi and M. R. Aboutalebi,Acta Materialia,Age-induced multi-stage transformation in a Ni-rich NiTiHf alloy,2013.0,50.3,34.7,7.018,Ni50.3Ti34.7Hf15.0 %,15.0
M. Moshref-Javadi; S. H. Seyedein; M. T. Salehi and M. R. Aboutalebi,Acta Materialia,Age-induced multi-stage transformation in a Ni-rich NiTiHf alloy,2013.0,50.3,34.7,7.018,Ni50.3Ti34.7Hf15.0 %,15.0
M. Moshref-Javadi; S. H. Seyedein; M. T. Salehi and M. R. Aboutalebi,Acta Materialia,Age-induced multi-stage transformation in a Ni-rich NiTiHf alloy,2013.0,50.3,34.7,7.018,Ni50.3Ti34.7Hf15.0 %,15.0
M. Moshref-Javadi; S. H. Seyedein; M. T. Salehi and M. R. Aboutalebi,Acta Materialia,Age-induced multi-stage transformation in a Ni-rich NiTiHf alloy,2013.0,50.3,34.7,7.018,Ni50.3Ti34.7Hf15.0 %,15.0
M. Moshref-Javadi; S. H. Seyedein; M. T. Salehi and M. R. Aboutalebi,Acta Materialia,Age-induced multi-stage transformation in a Ni-rich NiTiHf alloy,2013.0,50.3,34.7,7.018,Ni50.3Ti34.7Hf15.0 %,15.0
M. Moshref-Javadi; S. H. Seyedein; M. T. Salehi and M. R. Aboutalebi,Acta Materialia,Age-induced multi-stage transformation in a Ni-rich NiTiHf alloy,2013.0,50.3,34.7,7.018,Ni50.3Ti34.7Hf15.0 %,15.0
M. Moshref-Javadi; S. H. Seyedein; M. T. Salehi and M. R. Aboutalebi,Acta Materialia,Age-induced multi-stage transformation in a Ni-rich NiTiHf alloy,2013.0,50.3,34.7,7.018,Ni50.3Ti34.7Hf15.0 %,15.0
M. Moshref-Javadi; S. H. Seyedein; M. T. Salehi and M. R. Aboutalebi,Acta Materialia,Age-induced multi-stage transformation in a Ni-rich NiTiHf alloy,2013.0,50.3,34.7,7.018,Ni50.3Ti34.7Hf15.0 %,15.0
M. Moshref-Javadi; S. H. Seyedein; M. T. Salehi and M. R. Aboutalebi,Acta Materialia,Age-induced multi-stage transformation in a Ni-rich NiTiHf alloy,2013.0,50.3,34.7,7.018,Ni50.3Ti34.7Hf15.0 %,15.0
M. Moshref-Javadi; S. H. Seyedein; M. T. Salehi and M. R. Aboutalebi,Acta Materialia,Age-induced multi-stage transformation in a Ni-rich NiTiHf alloy,2013.0,50.3,34.7,7.018,Ni50.3Ti34.7Hf15.0 %,15.0
M. Moshref-Javadi; S. H. Seyedein; M. T. Salehi and M. R. Aboutalebi,Acta Materialia,Age-induced multi-stage transformation in a Ni-rich NiTiHf alloy,2013.0,50.3,34.7,7.018,Ni50.3Ti34.7Hf15.0 %,15.0
M. Moshref-Javadi; S. H. Seyedein; M. T. Salehi and M. R. Aboutalebi,Acta Materialia,Age-induced multi-stage transformation in a Ni-rich NiTiHf alloy,2013.0,50.3,34.7,7.018,Ni50.3Ti34.7Hf15.0 %,15.0
M. Moshref-Javadi; S. H. Seyedein; M. T. Salehi and M. R. Aboutalebi,Acta Materialia,Age-induced multi-stage transformation in a Ni-rich NiTiHf alloy,2013.0,50.3,34.7,7.018,Ni50.3Ti34.7Hf15.0 %,15.0
M. Moshref-Javadi; S. H. Seyedein; M. T. Salehi and M. R. Aboutalebi,Acta Materialia,Age-induced multi-stage transformation in a Ni-rich NiTiHf alloy,2013.0,50.3,34.7,7.018,Ni50.3Ti34.7Hf15.0 %,15.0
M. Moshref-Javadi; S. H. Seyedein; M. T. Salehi and M. R. Aboutalebi,Acta Materialia,Age-induced multi-stage transformation in a Ni-rich NiTiHf alloy,2013.0,50.3,34.7,7.018,Ni50.3Ti34.7Hf15.0 %,15.0
M. Moshref-Javadi; S. H. Seyedein; M. T. Salehi and M. R. Aboutalebi,Acta Materialia,Age-induced multi-stage transformation in a Ni-rich NiTiHf alloy,2013.0,50.3,34.7,7.018,Ni50.3Ti34.7Hf15.0 %,15.0
M. Moshref-Javadi; S. H. Seyedein; M. T. Salehi and M. R. Aboutalebi,Acta Materialia,Age-induced multi-stage transformation in a Ni-rich NiTiHf alloy,2013.0,50.3,34.7,7.018,Ni50.3Ti34.7Hf15.0 %,15.0
M. Moshref-Javadi; S. H. Seyedein; M. T. Salehi and M. R. Aboutalebi,Acta Materialia,Age-induced multi-stage transformation in a Ni-rich NiTiHf alloy,2013.0,50.3,34.7,7.018,Ni50.3Ti34.7Hf15.0 %,15.0
M. Moshref-Javadi; S. H. Seyedein; M. T. Salehi and M. R. Aboutalebi,Acta Materialia,Age-induced multi-stage transformation in a Ni-rich NiTiHf alloy,2013.0,50.3,34.7,7.018,Ni50.3Ti34.7Hf15.0 %,15.0
M. Moshref-Javadi; S. H. Seyedein; M. T. Salehi and M. R. Aboutalebi,Acta Materialia,Age-induced multi-stage transformation in a Ni-rich NiTiHf alloy,2013.0,50.3,34.7,7.018,Ni50.3Ti34.7Hf15.0 %,15.0
M. Moshref-Javadi; S. H. Seyedein; M. T. Salehi and M. R. Aboutalebi,Acta Materialia,Age-induced multi-stage transformation in a Ni-rich NiTiHf alloy,2013.0,50.3,34.7,7.018,Ni50.3Ti34.7Hf15.0 %,15.0
M. Moshref-Javadi; S. H. Seyedein; M. T. Salehi and M. R. Aboutalebi,Acta Materialia,Age-induced multi-stage transformation in a Ni-rich NiTiHf alloy,2013.0,50.3,34.7,7.018,Ni50.3Ti34.7Hf15.0 %,15.0
M. Moshref-Javadi; S. H. Seyedein; M. T. Salehi and M. R. Aboutalebi,Acta Materialia,Age-induced multi-stage transformation in a Ni-rich NiTiHf alloy,2013.0,50.3,34.7,7.018,Ni50.3Ti34.7Hf15.0 %,15.0
M. Moshref-Javadi; S. H. Seyedein; M. T. Salehi and M. R. Aboutalebi,Acta Materialia,Age-induced multi-stage transformation in a Ni-rich NiTiHf alloy,2013.0,50.3,34.7,7.018,Ni50.3Ti34.7Hf15.0 %,15.0
M. Moshref-Javadi; S. H. Seyedein; M. T. Salehi and M. R. Aboutalebi,Acta Materialia,Age-induced multi-stage transformation in a Ni-rich NiTiHf alloy,2013.0,50.3,34.7,7.018,Ni50.3Ti34.7Hf15.0 %,15.0
M. Moshref-Javadi; S. H. Seyedein; M. T. Salehi and M. R. Aboutalebi,Acta Materialia,Age-induced multi-stage transformation in a Ni-rich NiTiHf alloy,2013.0,50.3,34.7,7.018,Ni50.3Ti34.7Hf15.0 %,15.0
M. Moshref-Javadi; S. H. Seyedein; M. T. Salehi and M. R. Aboutalebi,Acta Materialia,Age-induced multi-stage transformation in a Ni-rich NiTiHf alloy,2013.0,50.3,34.7,7.018,Ni50.3Ti34.7Hf15.0 %,15.0
M. Moshref-Javadi; S. H. Seyedein; M. T. Salehi and M. R. Aboutalebi,Acta Materialia,Age-induced multi-stage transformation in a Ni-rich NiTiHf alloy,2013.0,50.3,34.7,7.018,Ni50.3Ti34.7Hf15.0 %,15.0
M. Moshref-Javadi; S. H. Seyedein; M. T. Salehi and M. R. Aboutalebi,Acta Materialia,Age-induced multi-stage transformation in a Ni-rich NiTiHf alloy,2013.0,50.3,34.7,7.018,Ni50.3Ti34.7Hf15.0 %,15.0
M. Moshref-Javadi; S. H. Seyedein; M. T. Salehi and M. R. Aboutalebi,Acta Materialia,Age-induced multi-stage transformation in a Ni-rich NiTiHf alloy,2013.0,50.3,34.7,7.018,Ni50.3Ti34.7Hf15.0 %,15.0
G. S. Ded,Mechanical Engineering,Characterization of Ni-rich NiTiHf based high temperature shape memory alloys,2010.0,50.3,29.7,7.018,Ni50.3Ti29.7Hf20.0 %,20.0
G. S. Ded,Mechanical Engineering,Characterization of Ni-rich NiTiHf based high temperature shape memory alloys,2010.0,50.3,29.7,7.018,Ni50.3Ti29.7Hf20.0 %,20.0
G. S. Ded,Mechanical Engineering,Characterization of Ni-rich NiTiHf based high temperature shape memory alloys,2010.0,50.3,29.7,7.018,Ni50.3Ti29.7Hf20.0 %,20.0
G. S. Ded,Mechanical Engineering,Characterization of Ni-rich NiTiHf based high temperature shape memory alloys,2010.0,50.3,29.7,7.018,Ni50.3Ti29.7Hf20.0 %,20.0
G. S. Ded,Mechanical Engineering,Characterization of Ni-rich NiTiHf based high temperature shape memory alloys,2010.0,50.3,29.7,7.018,Ni50.3Ti29.7Hf20.0 %,20.0
G. S. Ded,Mechanical Engineering,Characterization of Ni-rich NiTiHf based high temperature shape memory alloys,2010.0,50.3,29.7,7.018,Ni50.3Ti29.7Hf20.0 %,20.0
G. S. Ded,Mechanical Engineering,Characterization of Ni-rich NiTiHf based high temperature shape memory alloys,2010.0,50.3,29.7,7.018,Ni50.3Ti29.7Hf20.0 %,20.0
G. S. Ded,Mechanical Engineering,Characterization of Ni-rich NiTiHf based high temperature shape memory alloys,2010.0,50.3,29.7,7.018,Ni50.3Ti29.7Hf20.0 %,20.0
G. S. Ded,Mechanical Engineering,Characterization of Ni-rich NiTiHf based high temperature shape memory alloys,2010.0,50.3,29.7,7.018,Ni50.3Ti29.7Hf20.0 %,20.0
G. S. Ded,Mechanical Engineering,Characterization of Ni-rich NiTiHf based high temperature shape memory alloys,2010.0,50.3,29.7,7.018,Ni50.3Ti29.7Hf20.0 %,20.0
G. S. Ded,Mechanical Engineering,Characterization of Ni-rich NiTiHf based high temperature shape memory alloys,2010.0,50.3,29.7,7.018,Ni50.3Ti29.7Hf20.0 %,20.0
G. S. Ded,Mechanical Engineering,Characterization of Ni-rich NiTiHf based high temperature shape memory alloys,2010.0,50.3,29.7,7.018,Ni50.3Ti29.7Hf20.0 %,20.0
G. S. Ded,Mechanical Engineering,Characterization of Ni-rich NiTiHf based high temperature shape memory alloys,2010.0,50.3,29.7,7.018,Ni50.3Ti29.7Hf20.0 %,20.0
G. S. Ded,Mechanical Engineering,Characterization of Ni-rich NiTiHf based high temperature shape memory alloys,2010.0,50.3,29.7,7.018,Ni50.3Ti29.7Hf20.0 %,20.0
G. S. Ded,Mechanical Engineering,Characterization of Ni-rich NiTiHf based high temperature shape memory alloys,2010.0,50.3,29.7,7.018,Ni50.3Ti29.7Hf20.0 %,20.0
G. S. Ded,Mechanical Engineering,Characterization of Ni-rich NiTiHf based high temperature shape memory alloys,2010.0,50.3,29.7,7.018,Ni50.3Ti29.7Hf20.0 %,20.0
G. S. Ded,Mechanical Engineering,Characterization of Ni-rich NiTiHf based high temperature shape memory alloys,2010.0,50.3,29.7,7.018,Ni50.3Ti29.7Hf20.0 %,20.0
G. S. Ded,Mechanical Engineering,Characterization of Ni-rich NiTiHf based high temperature shape memory alloys,2010.0,50.3,29.7,7.018,Ni50.3Ti29.7Hf20.0 %,20.0
G. S. Ded,Mechanical Engineering,Characterization of Ni-rich NiTiHf based high temperature shape memory alloys,2010.0,50.3,29.7,7.018,Ni50.3Ti29.7Hf20.0 %,20.0
G. S. Ded,Mechanical Engineering,Characterization of Ni-rich NiTiHf based high temperature shape memory alloys,2010.0,50.3,29.7,7.018,Ni50.3Ti29.7Hf20.0 %,20.0
G. S. Ded,Mechanical Engineering,Characterization of Ni-rich NiTiHf based high temperature shape memory alloys,2010.0,50.3,29.7,7.018,Ni50.3Ti29.7Hf20.0 %,20.0
G. S. Ded,Mechanical Engineering,Characterization of Ni-rich NiTiHf based high temperature shape memory alloys,2010.0,50.3,29.7,7.018,Ni50.3Ti29.7Hf20.0 %,20.0
G. S. Ded,Mechanical Engineering,Characterization of Ni-rich NiTiHf based high temperature shape memory alloys,2010.0,50.3,29.7,7.018,Ni50.3Ti29.7Hf20.0 %,20.0
G. S. Ded,Mechanical Engineering,Characterization of Ni-rich NiTiHf based high temperature shape memory alloys,2010.0,50.3,29.7,7.018,Ni50.3Ti29.7Hf20.0 %,20.0
G. S. Ded,Mechanical Engineering,Characterization of Ni-rich NiTiHf based high temperature shape memory alloys,2010.0,50.3,29.7,7.018,Ni50.3Ti29.7Hf20.0 %,20.0
G. S. Ded,Mechanical Engineering,Characterization of Ni-rich NiTiHf based high temperature shape memory alloys,2010.0,50.3,29.7,7.018,Ni50.3Ti29.7Hf20.0 %,20.0
G. S. Ded,Mechanical Engineering,Characterization of Ni-rich NiTiHf based high temperature shape memory alloys,2010.0,50.3,29.7,7.018,Ni50.3Ti29.7Hf20.0 %,20.0
G. S. Ded,Mechanical Engineering,Characterization of Ni-rich NiTiHf based high temperature shape memory alloys,2010.0,50.3,29.7,7.018,Ni50.3Ti29.7Hf20.0 %,20.0
G. S. Ded,Mechanical Engineering,Characterization of Ni-rich NiTiHf based high temperature shape memory alloys,2010.0,50.3,29.7,7.018,Ni50.3Ti29.7Hf20.0 %,20.0
G. S. Ded,Mechanical Engineering,Characterization of Ni-rich NiTiHf based high temperature shape memory alloys,2010.0,50.3,29.7,7.018,Ni50.3Ti29.7Hf20.0 %,20.0
G. S. Ded,Mechanical Engineering,Characterization of Ni-rich NiTiHf based high temperature shape memory alloys,2010.0,50.3,29.7,7.018,Ni50.3Ti29.7Hf20.0 %,20.0
G. S. Ded,Mechanical Engineering,Characterization of Ni-rich NiTiHf based high temperature shape memory alloys,2010.0,50.3,29.7,7.018,Ni50.3Ti29.7Hf20.0 %,20.0
G. S. Ded,Mechanical Engineering,Characterization of Ni-rich NiTiHf based high temperature shape memory alloys,2010.0,50.3,29.7,7.018,Ni50.3Ti29.7Hf20.0 %,20.0
G. S. Ded,Mechanical Engineering,Characterization of Ni-rich NiTiHf based high temperature shape memory alloys,2010.0,50.3,29.7,7.018,Ni50.3Ti29.7Hf20.0 %,20.0
G. S. Ded,Mechanical Engineering,Characterization of Ni-rich NiTiHf based high temperature shape memory alloys,2010.0,50.3,29.7,7.018,Ni50.3Ti29.7Hf20.0 %,20.0
G. S. Ded,Mechanical Engineering,Characterization of Ni-rich NiTiHf based high temperature shape memory alloys,2010.0,50.3,29.7,7.018,Ni50.3Ti29.7Hf20.0 %,20.0
G. S. Ded,Mechanical Engineering,Characterization of Ni-rich NiTiHf based high temperature shape memory alloys,2010.0,50.3,29.7,7.018,Ni50.3Ti29.7Hf20.0 %,20.0
G. S. Ded,Mechanical Engineering,Characterization of Ni-rich NiTiHf based high temperature shape memory alloys,2010.0,50.3,29.7,7.018,Ni50.3Ti29.7Hf20.0 %,20.0
G. S. Ded,Mechanical Engineering,Characterization of Ni-rich NiTiHf based high temperature shape memory alloys,2010.0,50.3,29.7,7.018,Ni50.3Ti29.7Hf20.0 %,20.0
G. S. Ded,Mechanical Engineering,Characterization of Ni-rich NiTiHf based high temperature shape memory alloys,2010.0,50.3,29.7,7.018,Ni50.3Ti29.7Hf20.0 %,20.0
G. S. Ded,Mechanical Engineering,Characterization of Ni-rich NiTiHf based high temperature shape memory alloys,2010.0,50.3,29.7,7.018,Ni50.3Ti29.7Hf20.0 %,20.0
G. S. Ded,Mechanical Engineering,Characterization of Ni-rich NiTiHf based high temperature shape memory alloys,2010.0,50.3,29.7,7.018,Ni50.3Ti29.7Hf20.0 %,20.0
G. S. Ded,Mechanical Engineering,Characterization of Ni-rich NiTiHf based high temperature shape memory alloys,2010.0,50.3,29.7,7.018,Ni50.3Ti29.7Hf20.0 %,20.0
G. S. Ded,Mechanical Engineering,Characterization of Ni-rich NiTiHf based high temperature shape memory alloys,2010.0,50.3,29.7,7.018,Ni50.3Ti29.7Hf20.0 %,20.0
G. S. Ded,Mechanical Engineering,Characterization of Ni-rich NiTiHf based high temperature shape memory alloys,2010.0,50.3,29.7,7.018,Ni50.3Ti29.7Hf20.0 %,20.0
G. S. Ded,Mechanical Engineering,Characterization of Ni-rich NiTiHf based high temperature shape memory alloys,2010.0,50.3,29.7,7.018,Ni50.3Ti29.7Hf20.0 %,20.0
G. S. Ded,Mechanical Engineering,Characterization of Ni-rich NiTiHf based high temperature shape memory alloys,2010.0,50.3,29.7,7.018,Ni50.3Ti29.7Hf20.0 %,20.0
G. S. Ded,Mechanical Engineering,Characterization of Ni-rich NiTiHf based high temperature shape memory alloys,2010.0,50.3,29.7,7.018,Ni50.3Ti29.7Hf20.0 %,20.0
G. S. Ded,Mechanical Engineering,Characterization of Ni-rich NiTiHf based high temperature shape memory alloys,2010.0,50.3,29.7,7.018,Ni50.3Ti29.7Hf20.0 %,20.0
G. S. Ded,Mechanical Engineering,Characterization of Ni-rich NiTiHf based high temperature shape memory alloys,2010.0,50.3,29.7,7.018,Ni50.3Ti29.7Hf20.0 %,20.0
G. S. Ded,Mechanical Engineering,Characterization of Ni-rich NiTiHf based high temperature shape memory alloys,2010.0,50.3,29.7,7.018,Ni50.3Ti29.7Hf20.0 %,20.0
G. S. Ded,Mechanical Engineering,Characterization of Ni-rich NiTiHf based high temperature shape memory alloys,2010.0,50.3,29.7,7.018,Ni50.3Ti29.7Hf20.0 %,20.0
G. S. Ded,Mechanical Engineering,Characterization of Ni-rich NiTiHf based high temperature shape memory alloys,2010.0,50.3,29.7,7.018,Ni50.3Ti29.7Hf20.0 %,20.0
G. S. Ded,Mechanical Engineering,Characterization of Ni-rich NiTiHf based high temperature shape memory alloys,2010.0,50.3,29.7,7.018,Ni50.3Ti29.7Hf20.0 %,20.0
G. S. Ded,Mechanical Engineering,Characterization of Ni-rich NiTiHf based high temperature shape memory alloys,2010.0,50.3,29.7,7.018,Ni50.3Ti29.7Hf20.0 %,20.0
G. S. Ded,Mechanical Engineering,Characterization of Ni-rich NiTiHf based high temperature shape memory alloys,2010.0,50.3,29.7,7.018,Ni50.3Ti29.7Hf20.0 %,20.0
G. S. Ded,Mechanical Engineering,Characterization of Ni-rich NiTiHf based high temperature shape memory alloys,2010.0,50.3,29.7,7.018,Ni50.3Ti29.7Hf20.0 %,20.0
G. S. Ded,Mechanical Engineering,Characterization of Ni-rich NiTiHf based high temperature shape memory alloys,2010.0,50.3,29.7,7.018,Ni50.3Ti29.7Hf20.0 %,20.0
G. S. Ded,Mechanical Engineering,Characterization of Ni-rich NiTiHf based high temperature shape memory alloys,2010.0,50.3,29.7,7.018,Ni50.3Ti29.7Hf20.0 %,20.0
G. S. Ded,Mechanical Engineering,Characterization of Ni-rich NiTiHf based high temperature shape memory alloys,2010.0,50.3,29.7,7.018,Ni50.3Ti29.7Hf20.0 %,20.0
G. S. Ded,Mechanical Engineering,Characterization of Ni-rich NiTiHf based high temperature shape memory alloys,2010.0,50.3,29.7,7.018,Ni50.3Ti29.7Hf20.0 %,20.0
G. S. Ded,Mechanical Engineering,Characterization of Ni-rich NiTiHf based high temperature shape memory alloys,2010.0,50.3,29.7,7.018,Ni50.3Ti29.7Hf20.0 %,20.0
G. S. Ded,Mechanical Engineering,Characterization of Ni-rich NiTiHf based high temperature shape memory alloys,2010.0,50.3,29.7,7.018,Ni50.3Ti29.7Hf20.0 %,20.0
D. R. Coughlin; P. J. Phillips; G. S. Bigelow; A. Garg; R. D. Noebe and M. J. Mills,Scripta Materialia,Characterization of the microstructure and mechanical properties of a 50.3Ni–29.7Ti–20Hf shape memory alloy,2012.0,50.3,29.7,7.018,Ni50.3Ti29.7Hf20.0 %,20.0
D. R. Coughlin; P. J. Phillips; G. S. Bigelow; A. Garg; R. D. Noebe and M. J. Mills,Scripta Materialia,Characterization of the microstructure and mechanical properties of a 50.3Ni–29.7Ti–20Hf shape memory alloy,2012.0,50.3,29.7,7.018,Ni50.3Ti29.7Hf20.0 %,20.0
D. R. Coughlin; P. J. Phillips; G. S. Bigelow; A. Garg; R. D. Noebe and M. J. Mills,Scripta Materialia,Characterization of the microstructure and mechanical properties of a 50.3Ni–29.7Ti–20Hf shape memory alloy,2012.0,50.3,29.7,7.018,Ni50.3Ti29.7Hf20.0 %,20.0
D. R. Coughlin; P. J. Phillips; G. S. Bigelow; A. Garg; R. D. Noebe and M. J. Mills,Scripta Materialia,Characterization of the microstructure and mechanical properties of a 50.3Ni–29.7Ti–20Hf shape memory alloy,2012.0,50.3,29.7,7.018,Ni50.3Ti29.7Hf20.0 %,20.0
D. R. Coughlin; P. J. Phillips; G. S. Bigelow; A. Garg; R. D. Noebe and M. J. Mills,Scripta Materialia,Characterization of the microstructure and mechanical properties of a 50.3Ni–29.7Ti–20Hf shape memory alloy,2012.0,50.3,29.7,7.018,Ni50.3Ti29.7Hf20.0 %,20.0
D. R. Coughlin; P. J. Phillips; G. S. Bigelow; A. Garg; R. D. Noebe and M. J. Mills,Scripta Materialia,Characterization of the microstructure and mechanical properties of a 50.3Ni–29.7Ti–20Hf shape memory alloy,2012.0,50.3,29.7,7.018,Ni50.3Ti29.7Hf20.0 %,20.0
D. R. Coughlin; P. J. Phillips; G. S. Bigelow; A. Garg; R. D. Noebe and M. J. Mills,Scripta Materialia,Characterization of the microstructure and mechanical properties of a 50.3Ni–29.7Ti–20Hf shape memory alloy,2012.0,50.3,29.7,7.018,Ni50.3Ti29.7Hf20.0 %,20.0
D. R. Coughlin; P. J. Phillips; G. S. Bigelow; A. Garg; R. D. Noebe and M. J. Mills,Scripta Materialia,Characterization of the microstructure and mechanical properties of a 50.3Ni–29.7Ti–20Hf shape memory alloy,2012.0,50.3,29.7,7.018,Ni50.3Ti29.7Hf20.0 %,20.0
D. R. Coughlin; P. J. Phillips; G. S. Bigelow; A. Garg; R. D. Noebe and M. J. Mills,Scripta Materialia,Characterization of the microstructure and mechanical properties of a 50.3Ni–29.7Ti–20Hf shape memory alloy,2012.0,50.3,29.7,7.018,Ni50.3Ti29.7Hf20.0 %,20.0
D. R. Coughlin; P. J. Phillips; G. S. Bigelow; A. Garg; R. D. Noebe and M. J. Mills,Scripta Materialia,Characterization of the microstructure and mechanical properties of a 50.3Ni–29.7Ti–20Hf shape memory alloy,2012.0,50.3,29.7,7.018,Ni50.3Ti29.7Hf20.0 %,20.0
D. R. Coughlin; P. J. Phillips; G. S. Bigelow; A. Garg; R. D. Noebe and M. J. Mills,Scripta Materialia,Characterization of the microstructure and mechanical properties of a 50.3Ni–29.7Ti–20Hf shape memory alloy,2012.0,50.3,29.7,7.018,Ni50.3Ti29.7Hf20.0 %,20.0
D. R. Coughlin; P. J. Phillips; G. S. Bigelow; A. Garg; R. D. Noebe and M. J. Mills,Scripta Materialia,Characterization of the microstructure and mechanical properties of a 50.3Ni–29.7Ti–20Hf shape memory alloy,2012.0,50.3,29.7,7.018,Ni50.3Ti29.7Hf20.0 %,20.0
D. R. Coughlin; P. J. Phillips; G. S. Bigelow; A. Garg; R. D. Noebe and M. J. Mills,Scripta Materialia,Characterization of the microstructure and mechanical properties of a 50.3Ni–29.7Ti–20Hf shape memory alloy,2012.0,50.3,29.7,7.018,Ni50.3Ti29.7Hf20.0 %,20.0
D. R. Coughlin; P. J. Phillips; G. S. Bigelow; A. Garg; R. D. Noebe and M. J. Mills,Scripta Materialia,Characterization of the microstructure and mechanical properties of a 50.3Ni–29.7Ti–20Hf shape memory alloy,2012.0,50.3,29.7,7.018,Ni50.3Ti29.7Hf20.0 %,20.0
D. R. Coughlin; P. J. Phillips; G. S. Bigelow; A. Garg; R. D. Noebe and M. J. Mills,Scripta Materialia,Characterization of the microstructure and mechanical properties of a 50.3Ni–29.7Ti–20Hf shape memory alloy,2012.0,50.3,29.7,7.018,Ni50.3Ti29.7Hf20.0 %,20.0
D. R. Coughlin; P. J. Phillips; G. S. Bigelow; A. Garg; R. D. Noebe and M. J. Mills,Scripta Materialia,Characterization of the microstructure and mechanical properties of a 50.3Ni–29.7Ti–20Hf shape memory alloy,2012.0,50.3,29.7,7.018,Ni50.3Ti29.7Hf20.0 %,20.0
D. R. Coughlin; P. J. Phillips; G. S. Bigelow; A. Garg; R. D. Noebe and M. J. Mills,Scripta Materialia,Characterization of the microstructure and mechanical properties of a 50.3Ni–29.7Ti–20Hf shape memory alloy,2012.0,50.3,29.7,7.018,Ni50.3Ti29.7Hf20.0 %,20.0
D. R. Coughlin; P. J. Phillips; G. S. Bigelow; A. Garg; R. D. Noebe and M. J. Mills,Scripta Materialia,Characterization of the microstructure and mechanical properties of a 50.3Ni–29.7Ti–20Hf shape memory alloy,2012.0,50.3,29.7,7.018,Ni50.3Ti29.7Hf20.0 %,20.0
D. R. Coughlin; P. J. Phillips; G. S. Bigelow; A. Garg; R. D. Noebe and M. J. Mills,Scripta Materialia,Characterization of the microstructure and mechanical properties of a 50.3Ni–29.7Ti–20Hf shape memory alloy,2012.0,50.3,29.7,7.018,Ni50.3Ti29.7Hf20.0 %,20.0
D. R. Coughlin; P. J. Phillips; G. S. Bigelow; A. Garg; R. D. Noebe and M. J. Mills,Scripta Materialia,Characterization of the microstructure and mechanical properties of a 50.3Ni–29.7Ti–20Hf shape memory alloy,2012.0,50.3,29.7,7.018,Ni50.3Ti29.7Hf20.0 %,20.0
B. Amin-Ahmadi; J. G. Pauza; A. Shamimi; T. W. Duerig; R. D. Noebe and A. P. Stebner,Scripta Materialia,Coherency strains of H-phase precipitates and their influence on functional properties of nickel-titanium-hafnium shape memory alloys,2018.0,50.3,41.7,7.018,Ni50.3Ti41.7Hf8.0 %,8.0
B. Amin-Ahmadi; J. G. Pauza; A. Shamimi; T. W. Duerig; R. D. Noebe and A. P. Stebner,Scripta Materialia,Coherency strains of H-phase precipitates and their influence on functional properties of nickel-titanium-hafnium shape memory alloys,2018.0,50.3,41.7,7.018,Ni50.3Ti41.7Hf8.0 %,8.0
B. Amin-Ahmadi; J. G. Pauza; A. Shamimi; T. W. Duerig; R. D. Noebe and A. P. Stebner,Scripta Materialia,Coherency strains of H-phase precipitates and their influence on functional properties of nickel-titanium-hafnium shape memory alloys,2018.0,50.3,41.7,7.018,Ni50.3Ti41.7Hf8.0 %,8.0
B. Amin-Ahmadi; J. G. Pauza; A. Shamimi; T. W. Duerig; R. D. Noebe and A. P. Stebner,Scripta Materialia,Coherency strains of H-phase precipitates and their influence on functional properties of nickel-titanium-hafnium shape memory alloys,2018.0,50.3,41.7,7.018,Ni50.3Ti41.7Hf8.0 %,8.0
B. Amin-Ahmadi; J. G. Pauza; A. Shamimi; T. W. Duerig; R. D. Noebe and A. P. Stebner,Scripta Materialia,Coherency strains of H-phase precipitates and their influence on functional properties of nickel-titanium-hafnium shape memory alloys,2018.0,50.3,41.7,7.018,Ni50.3Ti41.7Hf8.0 %,8.0
B. Amin-Ahmadi; J. G. Pauza; A. Shamimi; T. W. Duerig; R. D. Noebe and A. P. Stebner,Scripta Materialia,Coherency strains of H-phase precipitates and their influence on functional properties of nickel-titanium-hafnium shape memory alloys,2018.0,50.3,41.7,7.018,Ni50.3Ti41.7Hf8.0 %,8.0
B. Amin-Ahmadi; J. G. Pauza; A. Shamimi; T. W. Duerig; R. D. Noebe and A. P. Stebner,Scripta Materialia,Coherency strains of H-phase precipitates and their influence on functional properties of nickel-titanium-hafnium shape memory alloys,2018.0,50.3,41.7,7.018,Ni50.3Ti41.7Hf8.0 %,8.0
B. Amin-Ahmadi; J. G. Pauza; A. Shamimi; T. W. Duerig; R. D. Noebe and A. P. Stebner,Scripta Materialia,Coherency strains of H-phase precipitates and their influence on functional properties of nickel-titanium-hafnium shape memory alloys,2018.0,50.3,41.7,7.018,Ni50.3Ti41.7Hf8.0 %,8.0
B. Amin-Ahmadi; J. G. Pauza; A. Shamimi; T. W. Duerig; R. D. Noebe and A. P. Stebner,Scripta Materialia,Coherency strains of H-phase precipitates and their influence on functional properties of nickel-titanium-hafnium shape memory alloys,2018.0,50.3,41.7,7.018,Ni50.3Ti41.7Hf8.0 %,8.0
B. Amin-Ahmadi; J. G. Pauza; A. Shamimi; T. W. Duerig; R. D. Noebe and A. P. Stebner,Scripta Materialia,Coherency strains of H-phase precipitates and their influence on functional properties of nickel-titanium-hafnium shape memory alloys,2018.0,50.3,41.7,7.018,Ni50.3Ti41.7Hf8.0 %,8.0
B. Amin-Ahmadi; J. G. Pauza; A. Shamimi; T. W. Duerig; R. D. Noebe and A. P. Stebner,Scripta Materialia,Coherency strains of H-phase precipitates and their influence on functional properties of nickel-titanium-hafnium shape memory alloys,2018.0,50.3,41.7,7.018,Ni50.3Ti41.7Hf8.0 %,8.0
B. Amin-Ahmadi; J. G. Pauza; A. Shamimi; T. W. Duerig; R. D. Noebe and A. P. Stebner,Scripta Materialia,Coherency strains of H-phase precipitates and their influence on functional properties of nickel-titanium-hafnium shape memory alloys,2018.0,50.3,41.7,7.018,Ni50.3Ti41.7Hf8.0 %,8.0
A. N. Bucsek; G. A. Hudish; G. S. Bigelow; R. D. Noebe and A. P. Stebner,Shape Memory and Superelasticity,Composition; Compatibility; and the Functional Performances of Ternary NiTiX High-Temperature Shape Memory Alloys,2016.0,50.3,25.6,7.018,Ni50.3Ti25.6Hf24.1 %,24.1
A. N. Bucsek; G. A. Hudish; G. S. Bigelow; R. D. Noebe and A. P. Stebner,Shape Memory and Superelasticity,Composition; Compatibility; and the Functional Performances of Ternary NiTiX High-Temperature Shape Memory Alloys,2016.0,50.3,25.6,7.018,Ni50.3Ti25.6Hf24.1 %,24.1
A. N. Bucsek; G. A. Hudish; G. S. Bigelow; R. D. Noebe and A. P. Stebner,Shape Memory and Superelasticity,Composition; Compatibility; and the Functional Performances of Ternary NiTiX High-Temperature Shape Memory Alloys,2016.0,50.3,25.6,7.018,Ni50.3Ti25.6Hf24.1 %,24.1
A. N. Bucsek; G. A. Hudish; G. S. Bigelow; R. D. Noebe and A. P. Stebner,Shape Memory and Superelasticity,Composition; Compatibility; and the Functional Performances of Ternary NiTiX High-Temperature Shape Memory Alloys,2016.0,50.3,25.6,7.018,Ni50.3Ti25.6Hf24.1 %,24.1
A. N. Bucsek; G. A. Hudish; G. S. Bigelow; R. D. Noebe and A. P. Stebner,Shape Memory and Superelasticity,Composition; Compatibility; and the Functional Performances of Ternary NiTiX High-Temperature Shape Memory Alloys,2016.0,50.3,25.6,7.018,Ni50.3Ti25.6Hf24.1 %,24.1
O. Benafan; R. D. Noebe; T. J. Halsmer; S. A. Padula; G. S. Bigelow; D. J. Gaydosh and A. Garg,Shape Memory and Superelasticity,Constant-Strain Thermal Cycling of a Ni50.3Ti29.7Hf20 High-Temperature Shape Memory Alloy,2016.0,50.3,29.7,7.018,Ni50.3Ti29.7Hf20.0 %,20.0
O. Benafan and D. J. Gaydosh,Smart Materials and Structures,Constant-torque thermal cycling and two-way shape memory effect in Ni50. 3Ti29. 7Hf20 torque tubes,2018.0,50.3,29.7,7.018,Ni50.3Ti29.7Hf20.0 %,20.0
M. Prasher; D. Sen; J. Bahadur; R. Tewari and M. Krishnan,Journal of Alloys and Compounds,Correlative SANS and TEM investigation on precipitation kinetics of H-phase in Ni50.3Ti29.7Hf20 high temperature shape memory alloy,2019.0,50.3,29.7,7.018,Ni50.3Ti29.7Hf20.0 %,20.0
M. Prasher; D. Sen; J. Bahadur; R. Tewari and M. Krishnan,Journal of Alloys and Compounds,Correlative SANS and TEM investigation on precipitation kinetics of H-phase in Ni50.3Ti29.7Hf20 high temperature shape memory alloy,2019.0,50.3,29.7,7.018,Ni50.3Ti29.7Hf20.0 %,20.0
M. Prasher; D. Sen; J. Bahadur; R. Tewari and M. Krishnan,Journal of Alloys and Compounds,Correlative SANS and TEM investigation on precipitation kinetics of H-phase in Ni50.3Ti29.7Hf20 high temperature shape memory alloy,2019.0,50.3,29.7,7.018,Ni50.3Ti29.7Hf20.0 %,20.0
M. Prasher; D. Sen; J. Bahadur; R. Tewari and M. Krishnan,Journal of Alloys and Compounds,Correlative SANS and TEM investigation on precipitation kinetics of H-phase in Ni50.3Ti29.7Hf20 high temperature shape memory alloy,2019.0,50.3,29.7,7.018,Ni50.3Ti29.7Hf20.0 %,20.0
M. Prasher; D. Sen; J. Bahadur; R. Tewari and M. Krishnan,Journal of Alloys and Compounds,Correlative SANS and TEM investigation on precipitation kinetics of H-phase in Ni50.3Ti29.7Hf20 high temperature shape memory alloy,2019.0,50.3,29.7,7.018,Ni50.3Ti29.7Hf20.0 %,20.0
M. Prasher; D. Sen; J. Bahadur; R. Tewari and M. Krishnan,Journal of Alloys and Compounds,Correlative SANS and TEM investigation on precipitation kinetics of H-phase in Ni50.3Ti29.7Hf20 high temperature shape memory alloy,2019.0,50.3,29.7,7.018,Ni50.3Ti29.7Hf20.0 %,20.0
M. Prasher; D. Sen; J. Bahadur; R. Tewari and M. Krishnan,Journal of Alloys and Compounds,Correlative SANS and TEM investigation on precipitation kinetics of H-phase in Ni50.3Ti29.7Hf20 high temperature shape memory alloy,2019.0,50.3,29.7,7.018,Ni50.3Ti29.7Hf20.0 %,20.0
M. Prasher; D. Sen; J. Bahadur; R. Tewari and M. Krishnan,Journal of Alloys and Compounds,Correlative SANS and TEM investigation on precipitation kinetics of H-phase in Ni50.3Ti29.7Hf20 high temperature shape memory alloy,2019.0,50.3,29.7,7.018,Ni50.3Ti29.7Hf20.0 %,20.0
M. Prasher; D. Sen; J. Bahadur; R. Tewari and M. Krishnan,Journal of Alloys and Compounds,Correlative SANS and TEM investigation on precipitation kinetics of H-phase in Ni50.3Ti29.7Hf20 high temperature shape memory alloy,2019.0,50.3,29.7,7.018,Ni50.3Ti29.7Hf20.0 %,20.0
M. Prasher; D. Sen; J. Bahadur; R. Tewari and M. Krishnan,Journal of Alloys and Compounds,Correlative SANS and TEM investigation on precipitation kinetics of H-phase in Ni50.3Ti29.7Hf20 high temperature shape memory alloy,2019.0,50.3,29.7,7.018,Ni50.3Ti29.7Hf20.0 %,20.0
M. Prasher; D. Sen; J. Bahadur; R. Tewari and M. Krishnan,Journal of Alloys and Compounds,Correlative SANS and TEM investigation on precipitation kinetics of H-phase in Ni50.3Ti29.7Hf20 high temperature shape memory alloy,2019.0,50.3,29.7,7.018,Ni50.3Ti29.7Hf20.0 %,20.0
M. Prasher; D. Sen; J. Bahadur; R. Tewari and M. Krishnan,Journal of Alloys and Compounds,Correlative SANS and TEM investigation on precipitation kinetics of H-phase in Ni50.3Ti29.7Hf20 high temperature shape memory alloy,2019.0,50.3,29.7,7.018,Ni50.3Ti29.7Hf20.0 %,20.0
M. Prasher; D. Sen; J. Bahadur; R. Tewari and M. Krishnan,Journal of Alloys and Compounds,Correlative SANS and TEM investigation on precipitation kinetics of H-phase in Ni50.3Ti29.7Hf20 high temperature shape memory alloy,2019.0,50.3,29.7,7.018,Ni50.3Ti29.7Hf20.0 %,20.0
M. Prasher; D. Sen; J. Bahadur; R. Tewari and M. Krishnan,Journal of Alloys and Compounds,Correlative SANS and TEM investigation on precipitation kinetics of H-phase in Ni50.3Ti29.7Hf20 high temperature shape memory alloy,2019.0,50.3,29.7,7.018,Ni50.3Ti29.7Hf20.0 %,20.0
B. Amin-Ahmadi; R. D. Noebe and A. P. Stebner,Scripta Materialia,Crack propagation mechanisms of an aged nickel-titanium-hafnium shape memory alloy,2019.0,50.3,41.2,7.018,Ni50.3Ti41.2Hf8.5 %,8.5
B. Amin-Ahmadi; T. Gallmeyer; J. G. Pauza; T. W. Duerig; R. D. Noebe and A. P. Stebner,Scripta Materialia,Effect of a pre-aging treatment on the mechanical behaviors of Ni 50.3 Ti 49.7− x Hf x (x≤ 9at.%) Shape memory alloys,2018.0,50.3,43.7,7.018,Ni50.3Ti43.7Hf6.0 %,6.0
B. Amin-Ahmadi; T. Gallmeyer; J. G. Pauza; T. W. Duerig; R. D. Noebe and A. P. Stebner,Scripta Materialia,Effect of a pre-aging treatment on the mechanical behaviors of Ni 50.3 Ti 49.7− x Hf x (x≤ 9at.%) Shape memory alloys,2018.0,50.3,43.7,7.018,Ni50.3Ti43.7Hf6.0 %,6.0
B. Amin-Ahmadi; T. Gallmeyer; J. G. Pauza; T. W. Duerig; R. D. Noebe and A. P. Stebner,Scripta Materialia,Effect of a pre-aging treatment on the mechanical behaviors of Ni 50.3 Ti 49.7− x Hf x (x≤ 9at.%) Shape memory alloys,2018.0,50.3,43.7,7.018,Ni50.3Ti43.7Hf6.0 %,6.0
B. Amin-Ahmadi; T. Gallmeyer; J. G. Pauza; T. W. Duerig; R. D. Noebe and A. P. Stebner,Scripta Materialia,Effect of a pre-aging treatment on the mechanical behaviors of Ni 50.3 Ti 49.7− x Hf x (x≤ 9at.%) Shape memory alloys,2018.0,50.3,43.7,7.018,Ni50.3Ti43.7Hf6.0 %,6.0
B. Amin-Ahmadi; T. Gallmeyer; J. G. Pauza; T. W. Duerig; R. D. Noebe and A. P. Stebner,Scripta Materialia,Effect of a pre-aging treatment on the mechanical behaviors of Ni 50.3 Ti 49.7− x Hf x (x≤ 9at.%) Shape memory alloys,2018.0,50.3,41.7,7.018,Ni50.3Ti41.7Hf8.0 %,8.0
B. Amin-Ahmadi; T. Gallmeyer; J. G. Pauza; T. W. Duerig; R. D. Noebe and A. P. Stebner,Scripta Materialia,Effect of a pre-aging treatment on the mechanical behaviors of Ni 50.3 Ti 49.7− x Hf x (x≤ 9at.%) Shape memory alloys,2018.0,50.3,41.7,7.018,Ni50.3Ti41.7Hf8.0 %,8.0
B. Amin-Ahmadi; T. Gallmeyer; J. G. Pauza; T. W. Duerig; R. D. Noebe and A. P. Stebner,Scripta Materialia,Effect of a pre-aging treatment on the mechanical behaviors of Ni 50.3 Ti 49.7− x Hf x (x≤ 9at.%) Shape memory alloys,2018.0,50.3,41.7,7.018,Ni50.3Ti41.7Hf8.0 %,8.0
B. Amin-Ahmadi; T. Gallmeyer; J. G. Pauza; T. W. Duerig; R. D. Noebe and A. P. Stebner,Scripta Materialia,Effect of a pre-aging treatment on the mechanical behaviors of Ni 50.3 Ti 49.7− x Hf x (x≤ 9at.%) Shape memory alloys,2018.0,50.3,41.7,7.018,Ni50.3Ti41.7Hf8.0 %,8.0
B. Amin-Ahmadi; T. Gallmeyer; J. G. Pauza; T. W. Duerig; R. D. Noebe and A. P. Stebner,Scripta Materialia,Effect of a pre-aging treatment on the mechanical behaviors of Ni 50.3 Ti 49.7− x Hf x (x≤ 9at.%) Shape memory alloys,2018.0,50.3,41.2,7.018,Ni50.3Ti41.2Hf8.5 %,8.5
B. Amin-Ahmadi; T. Gallmeyer; J. G. Pauza; T. W. Duerig; R. D. Noebe and A. P. Stebner,Scripta Materialia,Effect of a pre-aging treatment on the mechanical behaviors of Ni 50.3 Ti 49.7− x Hf x (x≤ 9at.%) Shape memory alloys,2018.0,50.3,41.2,7.018,Ni50.3Ti41.2Hf8.5 %,8.5
B. Amin-Ahmadi; T. Gallmeyer; J. G. Pauza; T. W. Duerig; R. D. Noebe and A. P. Stebner,Scripta Materialia,Effect of a pre-aging treatment on the mechanical behaviors of Ni 50.3 Ti 49.7− x Hf x (x≤ 9at.%) Shape memory alloys,2018.0,50.3,41.2,7.018,Ni50.3Ti41.2Hf8.5 %,8.5
B. Amin-Ahmadi; T. Gallmeyer; J. G. Pauza; T. W. Duerig; R. D. Noebe and A. P. Stebner,Scripta Materialia,Effect of a pre-aging treatment on the mechanical behaviors of Ni 50.3 Ti 49.7− x Hf x (x≤ 9at.%) Shape memory alloys,2018.0,50.3,41.2,7.018,Ni50.3Ti41.2Hf8.5 %,8.5
B. Amin-Ahmadi; T. Gallmeyer; J. G. Pauza; T. W. Duerig; R. D. Noebe and A. P. Stebner,Scripta Materialia,Effect of a pre-aging treatment on the mechanical behaviors of Ni 50.3 Ti 49.7− x Hf x (x≤ 9at.%) Shape memory alloys,2018.0,50.3,40.7,7.018,Ni50.3Ti40.7Hf9.0 %,9.0
B. Amin-Ahmadi; T. Gallmeyer; J. G. Pauza; T. W. Duerig; R. D. Noebe and A. P. Stebner,Scripta Materialia,Effect of a pre-aging treatment on the mechanical behaviors of Ni 50.3 Ti 49.7− x Hf x (x≤ 9at.%) Shape memory alloys,2018.0,50.3,40.7,7.018,Ni50.3Ti40.7Hf9.0 %,9.0
B. Amin-Ahmadi; T. Gallmeyer; J. G. Pauza; T. W. Duerig; R. D. Noebe and A. P. Stebner,Scripta Materialia,Effect of a pre-aging treatment on the mechanical behaviors of Ni 50.3 Ti 49.7− x Hf x (x≤ 9at.%) Shape memory alloys,2018.0,50.3,40.7,7.018,Ni50.3Ti40.7Hf9.0 %,9.0
B. Amin-Ahmadi; T. Gallmeyer; J. G. Pauza; T. W. Duerig; R. D. Noebe and A. P. Stebner,Scripta Materialia,Effect of a pre-aging treatment on the mechanical behaviors of Ni 50.3 Ti 49.7− x Hf x (x≤ 9at.%) Shape memory alloys,2018.0,50.3,40.7,7.018,Ni50.3Ti40.7Hf9.0 %,9.0
H. H. Saygili; H. O. Tugrul and B. Kockar,Shape Memory and Superelasticity,Effect of Aging Heat Treatment on the High Cycle Fatigue Life of Ni50.3Ti29.7Hf20 High-Temperature Shape Memory Alloy,2019.0,50.3,29.7,7.018,Ni50.3Ti29.7Hf20.0 %,20.0
H. H. Saygili; H. O. Tugrul and B. Kockar,Shape Memory and Superelasticity,Effect of Aging Heat Treatment on the High Cycle Fatigue Life of Ni50.3Ti29.7Hf20 High-Temperature Shape Memory Alloy,2019.0,50.3,29.7,7.018,Ni50.3Ti29.7Hf20.0 %,20.0
H. H. Saygili; H. O. Tugrul and B. Kockar,Shape Memory and Superelasticity,Effect of Aging Heat Treatment on the High Cycle Fatigue Life of Ni50.3Ti29.7Hf20 High-Temperature Shape Memory Alloy,2019.0,50.3,29.7,7.018,Ni50.3Ti29.7Hf20.0 %,20.0
H. H. Saygili; H. O. Tugrul and B. Kockar,Shape Memory and Superelasticity,Effect of Aging Heat Treatment on the High Cycle Fatigue Life of Ni50.3Ti29.7Hf20 High-Temperature Shape Memory Alloy,2019.0,50.3,29.7,7.018,Ni50.3Ti29.7Hf20.0 %,20.0
H. H. Saygili; H. O. Tugrul and B. Kockar,Shape Memory and Superelasticity,Effect of Aging Heat Treatment on the High Cycle Fatigue Life of Ni50.3Ti29.7Hf20 High-Temperature Shape Memory Alloy,2019.0,50.3,29.7,7.018,Ni50.3Ti29.7Hf20.0 %,20.0
H. H. Saygili; H. O. Tugrul and B. Kockar,Shape Memory and Superelasticity,Effect of Aging Heat Treatment on the High Cycle Fatigue Life of Ni50.3Ti29.7Hf20 High-Temperature Shape Memory Alloy,2019.0,50.3,29.7,7.018,Ni50.3Ti29.7Hf20.0 %,20.0
H. H. Saygili; H. O. Tugrul and B. Kockar,Shape Memory and Superelasticity,Effect of Aging Heat Treatment on the High Cycle Fatigue Life of Ni50.3Ti29.7Hf20 High-Temperature Shape Memory Alloy,2019.0,50.3,29.7,7.018,Ni50.3Ti29.7Hf20.0 %,20.0
H. H. Saygili; H. O. Tugrul and B. Kockar,Shape Memory and Superelasticity,Effect of Aging Heat Treatment on the High Cycle Fatigue Life of Ni50.3Ti29.7Hf20 High-Temperature Shape Memory Alloy,2019.0,50.3,29.7,7.018,Ni50.3Ti29.7Hf20.0 %,20.0
H. H. Saygili; H. O. Tugrul and B. Kockar,Shape Memory and Superelasticity,Effect of Aging Heat Treatment on the High Cycle Fatigue Life of Ni50.3Ti29.7Hf20 High-Temperature Shape Memory Alloy,2019.0,50.3,29.7,7.018,Ni50.3Ti29.7Hf20.0 %,20.0
H. H. Saygili; H. O. Tugrul and B. Kockar,Shape Memory and Superelasticity,Effect of Aging Heat Treatment on the High Cycle Fatigue Life of Ni50.3Ti29.7Hf20 High-Temperature Shape Memory Alloy,2019.0,50.3,29.7,7.018,Ni50.3Ti29.7Hf20.0 %,20.0
H. H. Saygili; H. O. Tugrul and B. Kockar,Shape Memory and Superelasticity,Effect of Aging Heat Treatment on the High Cycle Fatigue Life of Ni50.3Ti29.7Hf20 High-Temperature Shape Memory Alloy,2019.0,50.3,29.7,7.018,Ni50.3Ti29.7Hf20.0 %,20.0
H. H. Saygili; H. O. Tugrul and B. Kockar,Shape Memory and Superelasticity,Effect of Aging Heat Treatment on the High Cycle Fatigue Life of Ni50.3Ti29.7Hf20 High-Temperature Shape Memory Alloy,2019.0,50.3,29.7,7.018,Ni50.3Ti29.7Hf20.0 %,20.0
H. H. Saygili; H. O. Tugrul and B. Kockar,Shape Memory and Superelasticity,Effect of Aging Heat Treatment on the High Cycle Fatigue Life of Ni50.3Ti29.7Hf20 High-Temperature Shape Memory Alloy,2019.0,50.3,29.7,7.018,Ni50.3Ti29.7Hf20.0 %,20.0
H. H. Saygili; H. O. Tugrul and B. Kockar,Shape Memory and Superelasticity,Effect of Aging Heat Treatment on the High Cycle Fatigue Life of Ni50.3Ti29.7Hf20 High-Temperature Shape Memory Alloy,2019.0,50.3,29.7,7.018,Ni50.3Ti29.7Hf20.0 %,20.0
H. H. Saygili; H. O. Tugrul and B. Kockar,Shape Memory and Superelasticity,Effect of Aging Heat Treatment on the High Cycle Fatigue Life of Ni50.3Ti29.7Hf20 High-Temperature Shape Memory Alloy,2019.0,50.3,29.7,7.018,Ni50.3Ti29.7Hf20.0 %,20.0
H. H. Saygili; H. O. Tugrul and B. Kockar,Shape Memory and Superelasticity,Effect of Aging Heat Treatment on the High Cycle Fatigue Life of Ni50.3Ti29.7Hf20 High-Temperature Shape Memory Alloy,2019.0,50.3,29.7,7.018,Ni50.3Ti29.7Hf20.0 %,20.0
H. H. Saygili; H. O. Tugrul and B. Kockar,Shape Memory and Superelasticity,Effect of Aging Heat Treatment on the High Cycle Fatigue Life of Ni50.3Ti29.7Hf20 High-Temperature Shape Memory Alloy,2019.0,50.3,29.7,7.018,Ni50.3Ti29.7Hf20.0 %,20.0
H. H. Saygili; H. O. Tugrul and B. Kockar,Shape Memory and Superelasticity,Effect of Aging Heat Treatment on the High Cycle Fatigue Life of Ni50.3Ti29.7Hf20 High-Temperature Shape Memory Alloy,2019.0,50.3,29.7,7.018,Ni50.3Ti29.7Hf20.0 %,20.0
H. H. Saygili; H. O. Tugrul and B. Kockar,Shape Memory and Superelasticity,Effect of Aging Heat Treatment on the High Cycle Fatigue Life of Ni50.3Ti29.7Hf20 High-Temperature Shape Memory Alloy,2019.0,50.3,29.7,7.018,Ni50.3Ti29.7Hf20.0 %,20.0
A. Evirgen; F. Basner; I. Karaman; R. D. Noebe; J. Pons and R. Santamarta,Functional Materials Letters,Effect of aging on the martensitic transformation characteristics of a Ni-rich NiTiHf high temperature shape memory alloy,2012.0,50.3,34.7,7.018,Ni50.3Ti34.7Hf15.0 %,15.0
A. Evirgen; F. Basner; I. Karaman; R. D. Noebe; J. Pons and R. Santamarta,Functional Materials Letters,Effect of aging on the martensitic transformation characteristics of a Ni-rich NiTiHf high temperature shape memory alloy,2012.0,50.3,34.7,7.018,Ni50.3Ti34.7Hf15.0 %,15.0
A. Evirgen; F. Basner; I. Karaman; R. D. Noebe; J. Pons and R. Santamarta,Functional Materials Letters,Effect of aging on the martensitic transformation characteristics of a Ni-rich NiTiHf high temperature shape memory alloy,2012.0,50.3,34.7,7.018,Ni50.3Ti34.7Hf15.0 %,15.0
A. Evirgen; F. Basner; I. Karaman; R. D. Noebe; J. Pons and R. Santamarta,Functional Materials Letters,Effect of aging on the martensitic transformation characteristics of a Ni-rich NiTiHf high temperature shape memory alloy,2012.0,50.3,34.7,7.018,Ni50.3Ti34.7Hf15.0 %,15.0
A. Evirgen; F. Basner; I. Karaman; R. D. Noebe; J. Pons and R. Santamarta,Functional Materials Letters,Effect of aging on the martensitic transformation characteristics of a Ni-rich NiTiHf high temperature shape memory alloy,2012.0,50.3,34.7,7.018,Ni50.3Ti34.7Hf15.0 %,15.0
A. Evirgen; F. Basner; I. Karaman; R. D. Noebe; J. Pons and R. Santamarta,Functional Materials Letters,Effect of aging on the martensitic transformation characteristics of a Ni-rich NiTiHf high temperature shape memory alloy,2012.0,50.3,34.7,7.018,Ni50.3Ti34.7Hf15.0 %,15.0
A. Evirgen; F. Basner; I. Karaman; R. D. Noebe; J. Pons and R. Santamarta,Functional Materials Letters,Effect of aging on the martensitic transformation characteristics of a Ni-rich NiTiHf high temperature shape memory alloy,2012.0,50.3,34.7,7.018,Ni50.3Ti34.7Hf15.0 %,15.0
A. Evirgen; F. Basner; I. Karaman; R. D. Noebe; J. Pons and R. Santamarta,Functional Materials Letters,Effect of aging on the martensitic transformation characteristics of a Ni-rich NiTiHf high temperature shape memory alloy,2012.0,50.3,34.7,7.018,Ni50.3Ti34.7Hf15.0 %,15.0
A. Evirgen; F. Basner; I. Karaman; R. D. Noebe; J. Pons and R. Santamarta,Functional Materials Letters,Effect of aging on the martensitic transformation characteristics of a Ni-rich NiTiHf high temperature shape memory alloy,2012.0,50.3,34.7,7.018,Ni50.3Ti34.7Hf15.0 %,15.0
A. Evirgen; F. Basner; I. Karaman; R. D. Noebe; J. Pons and R. Santamarta,Functional Materials Letters,Effect of aging on the martensitic transformation characteristics of a Ni-rich NiTiHf high temperature shape memory alloy,2012.0,50.3,34.7,7.018,Ni50.3Ti34.7Hf15.0 %,15.0
A. Evirgen; F. Basner; I. Karaman; R. D. Noebe; J. Pons and R. Santamarta,Functional Materials Letters,Effect of aging on the martensitic transformation characteristics of a Ni-rich NiTiHf high temperature shape memory alloy,2012.0,50.3,34.7,7.018,Ni50.3Ti34.7Hf15.0 %,15.0
A. Evirgen; F. Basner; I. Karaman; R. D. Noebe; J. Pons and R. Santamarta,Functional Materials Letters,Effect of aging on the martensitic transformation characteristics of a Ni-rich NiTiHf high temperature shape memory alloy,2012.0,50.3,34.7,7.018,Ni50.3Ti34.7Hf15.0 %,15.0
A. Evirgen; F. Basner; I. Karaman; R. D. Noebe; J. Pons and R. Santamarta,Functional Materials Letters,Effect of aging on the martensitic transformation characteristics of a Ni-rich NiTiHf high temperature shape memory alloy,2012.0,50.3,34.7,7.018,Ni50.3Ti34.7Hf15.0 %,15.0
A. Evirgen; F. Basner; I. Karaman; R. D. Noebe; J. Pons and R. Santamarta,Functional Materials Letters,Effect of aging on the martensitic transformation characteristics of a Ni-rich NiTiHf high temperature shape memory alloy,2012.0,50.3,34.7,7.018,Ni50.3Ti34.7Hf15.0 %,15.0
A. Evirgen; F. Basner; I. Karaman; R. D. Noebe; J. Pons and R. Santamarta,Functional Materials Letters,Effect of aging on the martensitic transformation characteristics of a Ni-rich NiTiHf high temperature shape memory alloy,2012.0,50.3,34.7,7.018,Ni50.3Ti34.7Hf15.0 %,15.0
A. Evirgen; F. Basner; I. Karaman; R. D. Noebe; J. Pons and R. Santamarta,Functional Materials Letters,Effect of aging on the martensitic transformation characteristics of a Ni-rich NiTiHf high temperature shape memory alloy,2012.0,50.3,34.7,7.018,Ni50.3Ti34.7Hf15.0 %,15.0
A. Evirgen; F. Basner; I. Karaman; R. D. Noebe; J. Pons and R. Santamarta,Functional Materials Letters,Effect of aging on the martensitic transformation characteristics of a Ni-rich NiTiHf high temperature shape memory alloy,2012.0,50.3,34.7,7.018,Ni50.3Ti34.7Hf15.0 %,15.0
A. Evirgen; F. Basner; I. Karaman; R. D. Noebe; J. Pons and R. Santamarta,Functional Materials Letters,Effect of aging on the martensitic transformation characteristics of a Ni-rich NiTiHf high temperature shape memory alloy,2012.0,50.3,34.7,7.018,Ni50.3Ti34.7Hf15.0 %,15.0
A. Evirgen; F. Basner; I. Karaman; R. D. Noebe; J. Pons and R. Santamarta,Functional Materials Letters,Effect of aging on the martensitic transformation characteristics of a Ni-rich NiTiHf high temperature shape memory alloy,2012.0,50.3,34.7,7.018,Ni50.3Ti34.7Hf15.0 %,15.0
A. Evirgen; F. Basner; I. Karaman; R. D. Noebe; J. Pons and R. Santamarta,Functional Materials Letters,Effect of aging on the martensitic transformation characteristics of a Ni-rich NiTiHf high temperature shape memory alloy,2012.0,50.3,34.7,7.018,Ni50.3Ti34.7Hf15.0 %,15.0
A. Evirgen; F. Basner; I. Karaman; R. D. Noebe; J. Pons and R. Santamarta,Functional Materials Letters,Effect of aging on the martensitic transformation characteristics of a Ni-rich NiTiHf high temperature shape memory alloy,2012.0,50.3,34.7,7.018,Ni50.3Ti34.7Hf15.0 %,15.0
A. Evirgen; F. Basner; I. Karaman; R. D. Noebe; J. Pons and R. Santamarta,Functional Materials Letters,Effect of aging on the martensitic transformation characteristics of a Ni-rich NiTiHf high temperature shape memory alloy,2012.0,50.3,34.7,7.018,Ni50.3Ti34.7Hf15.0 %,15.0
A. Evirgen; F. Basner; I. Karaman; R. D. Noebe; J. Pons and R. Santamarta,Functional Materials Letters,Effect of aging on the martensitic transformation characteristics of a Ni-rich NiTiHf high temperature shape memory alloy,2012.0,50.3,34.7,7.018,Ni50.3Ti34.7Hf15.0 %,15.0
A. Evirgen; F. Basner; I. Karaman; R. D. Noebe; J. Pons and R. Santamarta,Functional Materials Letters,Effect of aging on the martensitic transformation characteristics of a Ni-rich NiTiHf high temperature shape memory alloy,2012.0,50.3,34.7,7.018,Ni50.3Ti34.7Hf15.0 %,15.0
A. Evirgen; F. Basner; I. Karaman; R. D. Noebe; J. Pons and R. Santamarta,Functional Materials Letters,Effect of aging on the martensitic transformation characteristics of a Ni-rich NiTiHf high temperature shape memory alloy,2012.0,50.3,34.7,7.018,Ni50.3Ti34.7Hf15.0 %,15.0
A. Evirgen; F. Basner; I. Karaman; R. D. Noebe; J. Pons and R. Santamarta,Functional Materials Letters,Effect of aging on the martensitic transformation characteristics of a Ni-rich NiTiHf high temperature shape memory alloy,2012.0,50.3,34.7,7.018,Ni50.3Ti34.7Hf15.0 %,15.0
A. Evirgen; F. Basner; I. Karaman; R. D. Noebe; J. Pons and R. Santamarta,Functional Materials Letters,Effect of aging on the martensitic transformation characteristics of a Ni-rich NiTiHf high temperature shape memory alloy,2012.0,50.3,34.7,7.018,Ni50.3Ti34.7Hf15.0 %,15.0
A. Evirgen; F. Basner; I. Karaman; R. D. Noebe; J. Pons and R. Santamarta,Functional Materials Letters,Effect of aging on the martensitic transformation characteristics of a Ni-rich NiTiHf high temperature shape memory alloy,2012.0,50.3,34.7,7.018,Ni50.3Ti34.7Hf15.0 %,15.0
A. Evirgen; F. Basner; I. Karaman; R. D. Noebe; J. Pons and R. Santamarta,Functional Materials Letters,Effect of aging on the martensitic transformation characteristics of a Ni-rich NiTiHf high temperature shape memory alloy,2012.0,50.3,34.7,7.018,Ni50.3Ti34.7Hf15.0 %,15.0
A. Evirgen; F. Basner; I. Karaman; R. D. Noebe; J. Pons and R. Santamarta,Functional Materials Letters,Effect of aging on the martensitic transformation characteristics of a Ni-rich NiTiHf high temperature shape memory alloy,2012.0,50.3,34.7,7.018,Ni50.3Ti34.7Hf15.0 %,15.0
A. Evirgen; F. Basner; I. Karaman; R. D. Noebe; J. Pons and R. Santamarta,Functional Materials Letters,Effect of aging on the martensitic transformation characteristics of a Ni-rich NiTiHf high temperature shape memory alloy,2012.0,50.3,34.7,7.018,Ni50.3Ti34.7Hf15.0 %,15.0
A. Evirgen; F. Basner; I. Karaman; R. D. Noebe; J. Pons and R. Santamarta,Functional Materials Letters,Effect of aging on the martensitic transformation characteristics of a Ni-rich NiTiHf high temperature shape memory alloy,2012.0,50.3,34.7,7.018,Ni50.3Ti34.7Hf15.0 %,15.0
A. Evirgen; F. Basner; I. Karaman; R. D. Noebe; J. Pons and R. Santamarta,Functional Materials Letters,Effect of aging on the martensitic transformation characteristics of a Ni-rich NiTiHf high temperature shape memory alloy,2012.0,50.3,34.7,7.018,Ni50.3Ti34.7Hf15.0 %,15.0
A. Evirgen; F. Basner; I. Karaman; R. D. Noebe; J. Pons and R. Santamarta,Functional Materials Letters,Effect of aging on the martensitic transformation characteristics of a Ni-rich NiTiHf high temperature shape memory alloy,2012.0,50.3,34.7,7.018,Ni50.3Ti34.7Hf15.0 %,15.0
A. Evirgen; F. Basner; I. Karaman; R. D. Noebe; J. Pons and R. Santamarta,Functional Materials Letters,Effect of aging on the martensitic transformation characteristics of a Ni-rich NiTiHf high temperature shape memory alloy,2012.0,50.3,34.7,7.018,Ni50.3Ti34.7Hf15.0 %,15.0
A. Evirgen; F. Basner; I. Karaman; R. D. Noebe; J. Pons and R. Santamarta,Functional Materials Letters,Effect of aging on the martensitic transformation characteristics of a Ni-rich NiTiHf high temperature shape memory alloy,2012.0,50.3,34.7,7.018,Ni50.3Ti34.7Hf15.0 %,15.0
A. Evirgen; F. Basner; I. Karaman; R. D. Noebe; J. Pons and R. Santamarta,Functional Materials Letters,Effect of aging on the martensitic transformation characteristics of a Ni-rich NiTiHf high temperature shape memory alloy,2012.0,50.3,34.7,7.018,Ni50.3Ti34.7Hf15.0 %,15.0
A. Evirgen; F. Basner; I. Karaman; R. D. Noebe; J. Pons and R. Santamarta,Functional Materials Letters,Effect of aging on the martensitic transformation characteristics of a Ni-rich NiTiHf high temperature shape memory alloy,2012.0,50.3,34.7,7.018,Ni50.3Ti34.7Hf15.0 %,15.0
A. Evirgen; F. Basner; I. Karaman; R. D. Noebe; J. Pons and R. Santamarta,Functional Materials Letters,Effect of aging on the martensitic transformation characteristics of a Ni-rich NiTiHf high temperature shape memory alloy,2012.0,50.3,34.7,7.018,Ni50.3Ti34.7Hf15.0 %,15.0
A. Evirgen; F. Basner; I. Karaman; R. D. Noebe; J. Pons and R. Santamarta,Functional Materials Letters,Effect of aging on the martensitic transformation characteristics of a Ni-rich NiTiHf high temperature shape memory alloy,2012.0,50.3,34.7,7.018,Ni50.3Ti34.7Hf15.0 %,15.0
A. Evirgen; F. Basner; I. Karaman; R. D. Noebe; J. Pons and R. Santamarta,Functional Materials Letters,Effect of aging on the martensitic transformation characteristics of a Ni-rich NiTiHf high temperature shape memory alloy,2012.0,50.3,34.7,7.018,Ni50.3Ti34.7Hf15.0 %,15.0
R. Santamarta; A. Evirgen; A. M. Perez-Sierra; J. Pons; E. Cesari; I. Karaman and R. D. Noebe,Shape Memory and Superelasticity,Effect of Thermal Treatments on Ni–Mn–Ga and Ni-Rich Ni–Ti–Hf/Zr High-Temperature Shape Memory Alloys,2015.0,50.3,29.7,7.018,Ni50.3Ti29.7Hf20.0 %,20.0
R. Santamarta; A. Evirgen; A. M. Perez-Sierra; J. Pons; E. Cesari; I. Karaman and R. D. Noebe,Shape Memory and Superelasticity,Effect of Thermal Treatments on Ni–Mn–Ga and Ni-Rich Ni–Ti–Hf/Zr High-Temperature Shape Memory Alloys,2015.0,50.3,29.7,7.018,Ni50.3Ti29.7Hf20.0 %,20.0
R. Santamarta; A. Evirgen; A. M. Perez-Sierra; J. Pons; E. Cesari; I. Karaman and R. D. Noebe,Shape Memory and Superelasticity,Effect of Thermal Treatments on Ni–Mn–Ga and Ni-Rich Ni–Ti–Hf/Zr High-Temperature Shape Memory Alloys,2015.0,50.3,29.7,7.018,Ni50.3Ti29.7Hf20.0 %,20.0
R. Santamarta; A. Evirgen; A. M. Perez-Sierra; J. Pons; E. Cesari; I. Karaman and R. D. Noebe,Shape Memory and Superelasticity,Effect of Thermal Treatments on Ni–Mn–Ga and Ni-Rich Ni–Ti–Hf/Zr High-Temperature Shape Memory Alloys,2015.0,50.3,29.7,7.018,Ni50.3Ti29.7Hf20.0 %,20.0
R. Santamarta; A. Evirgen; A. M. Perez-Sierra; J. Pons; E. Cesari; I. Karaman and R. D. Noebe,Shape Memory and Superelasticity,Effect of Thermal Treatments on Ni–Mn–Ga and Ni-Rich Ni–Ti–Hf/Zr High-Temperature Shape Memory Alloys,2015.0,50.3,29.7,7.018,Ni50.3Ti29.7Hf20.0 %,20.0
R. Santamarta; A. Evirgen; A. M. Perez-Sierra; J. Pons; E. Cesari; I. Karaman and R. D. Noebe,Shape Memory and Superelasticity,Effect of Thermal Treatments on Ni–Mn–Ga and Ni-Rich Ni–Ti–Hf/Zr High-Temperature Shape Memory Alloys,2015.0,50.3,29.7,7.018,Ni50.3Ti29.7Hf20.0 %,20.0
S. M. Saghaian; H. E. Karaca; H. Tobe; M. Souri; R. Noebe and Y. I. Chumlyakov,Acta Materialia,Effects of aging on the shape memory behavior of Ni-rich Ni50.3Ti29.7Hf20 single crystals,2015.0,50.3,29.7,7.018,Ni50.3Ti29.7Hf20.0 %,20.0
H. E. Karaca; S. M. Saghaian; G. Ded; H. Tobe; B. Basaran; H. J. Maier; R. D. Noebe and Y. I. Chumlyakov,Acta Materialia,Effects of nanoprecipitation on the shape memory and material properties of an Ni-rich NiTiHf high temperature shape memory alloy,2013.0,50.3,29.7,7.018,Ni50.3Ti29.7Hf20.0 %,20.0
H. E. Karaca; S. M. Saghaian; G. Ded; H. Tobe; B. Basaran; H. J. Maier; R. D. Noebe and Y. I. Chumlyakov,Acta Materialia,Effects of nanoprecipitation on the shape memory and material properties of an Ni-rich NiTiHf high temperature shape memory alloy,2013.0,50.3,29.7,7.018,Ni50.3Ti29.7Hf20.0 %,20.0
H. E. Karaca; S. M. Saghaian; G. Ded; H. Tobe; B. Basaran; H. J. Maier; R. D. Noebe and Y. I. Chumlyakov,Acta Materialia,Effects of nanoprecipitation on the shape memory and material properties of an Ni-rich NiTiHf high temperature shape memory alloy,2013.0,50.3,29.7,7.018,Ni50.3Ti29.7Hf20.0 %,20.0
H. E. Karaca; S. M. Saghaian; G. Ded; H. Tobe; B. Basaran; H. J. Maier; R. D. Noebe and Y. I. Chumlyakov,Acta Materialia,Effects of nanoprecipitation on the shape memory and material properties of an Ni-rich NiTiHf high temperature shape memory alloy,2013.0,50.3,29.7,7.018,Ni50.3Ti29.7Hf20.0 %,20.0
H. E. Karaca; S. M. Saghaian; G. Ded; H. Tobe; B. Basaran; H. J. Maier; R. D. Noebe and Y. I. Chumlyakov,Acta Materialia,Effects of nanoprecipitation on the shape memory and material properties of an Ni-rich NiTiHf high temperature shape memory alloy,2013.0,50.3,29.7,7.018,Ni50.3Ti29.7Hf20.0 %,20.0
H. E. Karaca; S. M. Saghaian; G. Ded; H. Tobe; B. Basaran; H. J. Maier; R. D. Noebe and Y. I. Chumlyakov,Acta Materialia,Effects of nanoprecipitation on the shape memory and material properties of an Ni-rich NiTiHf high temperature shape memory alloy,2013.0,50.3,29.7,7.018,Ni50.3Ti29.7Hf20.0 %,20.0
H. E. Karaca; S. M. Saghaian; G. Ded; H. Tobe; B. Basaran; H. J. Maier; R. D. Noebe and Y. I. Chumlyakov,Acta Materialia,Effects of nanoprecipitation on the shape memory and material properties of an Ni-rich NiTiHf high temperature shape memory alloy,2013.0,50.3,29.7,7.018,Ni50.3Ti29.7Hf20.0 %,20.0
H. E. Karaca; S. M. Saghaian; G. Ded; H. Tobe; B. Basaran; H. J. Maier; R. D. Noebe and Y. I. Chumlyakov,Acta Materialia,Effects of nanoprecipitation on the shape memory and material properties of an Ni-rich NiTiHf high temperature shape memory alloy,2013.0,50.3,29.7,7.018,Ni50.3Ti29.7Hf20.0 %,20.0
H. E. Karaca; S. M. Saghaian; G. Ded; H. Tobe; B. Basaran; H. J. Maier; R. D. Noebe and Y. I. Chumlyakov,Acta Materialia,Effects of nanoprecipitation on the shape memory and material properties of an Ni-rich NiTiHf high temperature shape memory alloy,2013.0,50.3,29.7,7.018,Ni50.3Ti29.7Hf20.0 %,20.0
H. E. Karaca; S. M. Saghaian; G. Ded; H. Tobe; B. Basaran; H. J. Maier; R. D. Noebe and Y. I. Chumlyakov,Acta Materialia,Effects of nanoprecipitation on the shape memory and material properties of an Ni-rich NiTiHf high temperature shape memory alloy,2013.0,50.3,29.7,7.018,Ni50.3Ti29.7Hf20.0 %,20.0
H. E. Karaca; S. M. Saghaian; G. Ded; H. Tobe; B. Basaran; H. J. Maier; R. D. Noebe and Y. I. Chumlyakov,Acta Materialia,Effects of nanoprecipitation on the shape memory and material properties of an Ni-rich NiTiHf high temperature shape memory alloy,2013.0,50.3,29.7,7.018,Ni50.3Ti29.7Hf20.0 %,20.0
H. E. Karaca; S. M. Saghaian; G. Ded; H. Tobe; B. Basaran; H. J. Maier; R. D. Noebe and Y. I. Chumlyakov,Acta Materialia,Effects of nanoprecipitation on the shape memory and material properties of an Ni-rich NiTiHf high temperature shape memory alloy,2013.0,50.3,29.7,7.018,Ni50.3Ti29.7Hf20.0 %,20.0
H. E. Karaca; S. M. Saghaian; G. Ded; H. Tobe; B. Basaran; H. J. Maier; R. D. Noebe and Y. I. Chumlyakov,Acta Materialia,Effects of nanoprecipitation on the shape memory and material properties of an Ni-rich NiTiHf high temperature shape memory alloy,2013.0,50.3,29.7,7.018,Ni50.3Ti29.7Hf20.0 %,20.0
H. E. Karaca; S. M. Saghaian; G. Ded; H. Tobe; B. Basaran; H. J. Maier; R. D. Noebe and Y. I. Chumlyakov,Acta Materialia,Effects of nanoprecipitation on the shape memory and material properties of an Ni-rich NiTiHf high temperature shape memory alloy,2013.0,50.3,29.7,7.018,Ni50.3Ti29.7Hf20.0 %,20.0
H. E. Karaca; S. M. Saghaian; G. Ded; H. Tobe; B. Basaran; H. J. Maier; R. D. Noebe and Y. I. Chumlyakov,Acta Materialia,Effects of nanoprecipitation on the shape memory and material properties of an Ni-rich NiTiHf high temperature shape memory alloy,2013.0,50.3,29.7,7.018,Ni50.3Ti29.7Hf20.0 %,20.0
H. E. Karaca; S. M. Saghaian; G. Ded; H. Tobe; B. Basaran; H. J. Maier; R. D. Noebe and Y. I. Chumlyakov,Acta Materialia,Effects of nanoprecipitation on the shape memory and material properties of an Ni-rich NiTiHf high temperature shape memory alloy,2013.0,50.3,29.7,7.018,Ni50.3Ti29.7Hf20.0 %,20.0
H. E. Karaca; S. M. Saghaian; G. Ded; H. Tobe; B. Basaran; H. J. Maier; R. D. Noebe and Y. I. Chumlyakov,Acta Materialia,Effects of nanoprecipitation on the shape memory and material properties of an Ni-rich NiTiHf high temperature shape memory alloy,2013.0,50.3,29.7,7.018,Ni50.3Ti29.7Hf20.0 %,20.0
H. E. Karaca; S. M. Saghaian; G. Ded; H. Tobe; B. Basaran; H. J. Maier; R. D. Noebe and Y. I. Chumlyakov,Acta Materialia,Effects of nanoprecipitation on the shape memory and material properties of an Ni-rich NiTiHf high temperature shape memory alloy,2013.0,50.3,29.7,7.018,Ni50.3Ti29.7Hf20.0 %,20.0
H. E. Karaca; S. M. Saghaian; G. Ded; H. Tobe; B. Basaran; H. J. Maier; R. D. Noebe and Y. I. Chumlyakov,Acta Materialia,Effects of nanoprecipitation on the shape memory and material properties of an Ni-rich NiTiHf high temperature shape memory alloy,2013.0,50.3,29.7,7.018,Ni50.3Ti29.7Hf20.0 %,20.0
H. E. Karaca; S. M. Saghaian; G. Ded; H. Tobe; B. Basaran; H. J. Maier; R. D. Noebe and Y. I. Chumlyakov,Acta Materialia,Effects of nanoprecipitation on the shape memory and material properties of an Ni-rich NiTiHf high temperature shape memory alloy,2013.0,50.3,29.7,7.018,Ni50.3Ti29.7Hf20.0 %,20.0
H. E. Karaca; S. M. Saghaian; G. Ded; H. Tobe; B. Basaran; H. J. Maier; R. D. Noebe and Y. I. Chumlyakov,Acta Materialia,Effects of nanoprecipitation on the shape memory and material properties of an Ni-rich NiTiHf high temperature shape memory alloy,2013.0,50.3,29.7,7.018,Ni50.3Ti29.7Hf20.0 %,20.0
H. E. Karaca; S. M. Saghaian; G. Ded; H. Tobe; B. Basaran; H. J. Maier; R. D. Noebe and Y. I. Chumlyakov,Acta Materialia,Effects of nanoprecipitation on the shape memory and material properties of an Ni-rich NiTiHf high temperature shape memory alloy,2013.0,50.3,29.7,7.018,Ni50.3Ti29.7Hf20.0 %,20.0
H. E. Karaca; S. M. Saghaian; G. Ded; H. Tobe; B. Basaran; H. J. Maier; R. D. Noebe and Y. I. Chumlyakov,Acta Materialia,Effects of nanoprecipitation on the shape memory and material properties of an Ni-rich NiTiHf high temperature shape memory alloy,2013.0,50.3,29.7,7.018,Ni50.3Ti29.7Hf20.0 %,20.0
H. E. Karaca; S. M. Saghaian; G. Ded; H. Tobe; B. Basaran; H. J. Maier; R. D. Noebe and Y. I. Chumlyakov,Acta Materialia,Effects of nanoprecipitation on the shape memory and material properties of an Ni-rich NiTiHf high temperature shape memory alloy,2013.0,50.3,29.7,7.018,Ni50.3Ti29.7Hf20.0 %,20.0
H. E. Karaca; S. M. Saghaian; G. Ded; H. Tobe; B. Basaran; H. J. Maier; R. D. Noebe and Y. I. Chumlyakov,Acta Materialia,Effects of nanoprecipitation on the shape memory and material properties of an Ni-rich NiTiHf high temperature shape memory alloy,2013.0,50.3,29.7,7.018,Ni50.3Ti29.7Hf20.0 %,20.0
H. E. Karaca; S. M. Saghaian; G. Ded; H. Tobe; B. Basaran; H. J. Maier; R. D. Noebe and Y. I. Chumlyakov,Acta Materialia,Effects of nanoprecipitation on the shape memory and material properties of an Ni-rich NiTiHf high temperature shape memory alloy,2013.0,50.3,29.7,7.018,Ni50.3Ti29.7Hf20.0 %,20.0
H. E. Karaca; S. M. Saghaian; G. Ded; H. Tobe; B. Basaran; H. J. Maier; R. D. Noebe and Y. I. Chumlyakov,Acta Materialia,Effects of nanoprecipitation on the shape memory and material properties of an Ni-rich NiTiHf high temperature shape memory alloy,2013.0,50.3,29.7,7.018,Ni50.3Ti29.7Hf20.0 %,20.0
H. E. Karaca; S. M. Saghaian; G. Ded; H. Tobe; B. Basaran; H. J. Maier; R. D. Noebe and Y. I. Chumlyakov,Acta Materialia,Effects of nanoprecipitation on the shape memory and material properties of an Ni-rich NiTiHf high temperature shape memory alloy,2013.0,50.3,29.7,7.018,Ni50.3Ti29.7Hf20.0 %,20.0
H. E. Karaca; S. M. Saghaian; G. Ded; H. Tobe; B. Basaran; H. J. Maier; R. D. Noebe and Y. I. Chumlyakov,Acta Materialia,Effects of nanoprecipitation on the shape memory and material properties of an Ni-rich NiTiHf high temperature shape memory alloy,2013.0,50.3,29.7,7.018,Ni50.3Ti29.7Hf20.0 %,20.0
H. E. Karaca; S. M. Saghaian; G. Ded; H. Tobe; B. Basaran; H. J. Maier; R. D. Noebe and Y. I. Chumlyakov,Acta Materialia,Effects of nanoprecipitation on the shape memory and material properties of an Ni-rich NiTiHf high temperature shape memory alloy,2013.0,50.3,29.7,7.018,Ni50.3Ti29.7Hf20.0 %,20.0
H. E. Karaca; S. M. Saghaian; G. Ded; H. Tobe; B. Basaran; H. J. Maier; R. D. Noebe and Y. I. Chumlyakov,Acta Materialia,Effects of nanoprecipitation on the shape memory and material properties of an Ni-rich NiTiHf high temperature shape memory alloy,2013.0,50.3,29.7,7.018,Ni50.3Ti29.7Hf20.0 %,20.0
H. E. Karaca; S. M. Saghaian; G. Ded; H. Tobe; B. Basaran; H. J. Maier; R. D. Noebe and Y. I. Chumlyakov,Acta Materialia,Effects of nanoprecipitation on the shape memory and material properties of an Ni-rich NiTiHf high temperature shape memory alloy,2013.0,50.3,29.7,7.018,Ni50.3Ti29.7Hf20.0 %,20.0
H. E. Karaca; S. M. Saghaian; G. Ded; H. Tobe; B. Basaran; H. J. Maier; R. D. Noebe and Y. I. Chumlyakov,Acta Materialia,Effects of nanoprecipitation on the shape memory and material properties of an Ni-rich NiTiHf high temperature shape memory alloy,2013.0,50.3,29.7,7.018,Ni50.3Ti29.7Hf20.0 %,20.0
H. E. Karaca; S. M. Saghaian; G. Ded; H. Tobe; B. Basaran; H. J. Maier; R. D. Noebe and Y. I. Chumlyakov,Acta Materialia,Effects of nanoprecipitation on the shape memory and material properties of an Ni-rich NiTiHf high temperature shape memory alloy,2013.0,50.3,29.7,7.018,Ni50.3Ti29.7Hf20.0 %,20.0
H. E. Karaca; S. M. Saghaian; G. Ded; H. Tobe; B. Basaran; H. J. Maier; R. D. Noebe and Y. I. Chumlyakov,Acta Materialia,Effects of nanoprecipitation on the shape memory and material properties of an Ni-rich NiTiHf high temperature shape memory alloy,2013.0,50.3,29.7,7.018,Ni50.3Ti29.7Hf20.0 %,20.0
H. E. Karaca; S. M. Saghaian; G. Ded; H. Tobe; B. Basaran; H. J. Maier; R. D. Noebe and Y. I. Chumlyakov,Acta Materialia,Effects of nanoprecipitation on the shape memory and material properties of an Ni-rich NiTiHf high temperature shape memory alloy,2013.0,50.3,29.7,7.018,Ni50.3Ti29.7Hf20.0 %,20.0
H. E. Karaca; S. M. Saghaian; G. Ded; H. Tobe; B. Basaran; H. J. Maier; R. D. Noebe and Y. I. Chumlyakov,Acta Materialia,Effects of nanoprecipitation on the shape memory and material properties of an Ni-rich NiTiHf high temperature shape memory alloy,2013.0,50.3,29.7,7.018,Ni50.3Ti29.7Hf20.0 %,20.0
H. E. Karaca; S. M. Saghaian; G. Ded; H. Tobe; B. Basaran; H. J. Maier; R. D. Noebe and Y. I. Chumlyakov,Acta Materialia,Effects of nanoprecipitation on the shape memory and material properties of an Ni-rich NiTiHf high temperature shape memory alloy,2013.0,50.3,29.7,7.018,Ni50.3Ti29.7Hf20.0 %,20.0
H. E. Karaca; S. M. Saghaian; G. Ded; H. Tobe; B. Basaran; H. J. Maier; R. D. Noebe and Y. I. Chumlyakov,Acta Materialia,Effects of nanoprecipitation on the shape memory and material properties of an Ni-rich NiTiHf high temperature shape memory alloy,2013.0,50.3,29.7,7.018,Ni50.3Ti29.7Hf20.0 %,20.0
H. E. Karaca; S. M. Saghaian; G. Ded; H. Tobe; B. Basaran; H. J. Maier; R. D. Noebe and Y. I. Chumlyakov,Acta Materialia,Effects of nanoprecipitation on the shape memory and material properties of an Ni-rich NiTiHf high temperature shape memory alloy,2013.0,50.3,29.7,7.018,Ni50.3Ti29.7Hf20.0 %,20.0
H. E. Karaca; S. M. Saghaian; G. Ded; H. Tobe; B. Basaran; H. J. Maier; R. D. Noebe and Y. I. Chumlyakov,Acta Materialia,Effects of nanoprecipitation on the shape memory and material properties of an Ni-rich NiTiHf high temperature shape memory alloy,2013.0,50.3,29.7,7.018,Ni50.3Ti29.7Hf20.0 %,20.0
H. E. Karaca; S. M. Saghaian; G. Ded; H. Tobe; B. Basaran; H. J. Maier; R. D. Noebe and Y. I. Chumlyakov,Acta Materialia,Effects of nanoprecipitation on the shape memory and material properties of an Ni-rich NiTiHf high temperature shape memory alloy,2013.0,50.3,29.7,7.018,Ni50.3Ti29.7Hf20.0 %,20.0
H. E. Karaca; S. M. Saghaian; G. Ded; H. Tobe; B. Basaran; H. J. Maier; R. D. Noebe and Y. I. Chumlyakov,Acta Materialia,Effects of nanoprecipitation on the shape memory and material properties of an Ni-rich NiTiHf high temperature shape memory alloy,2013.0,50.3,29.7,7.018,Ni50.3Ti29.7Hf20.0 %,20.0
H. E. Karaca; S. M. Saghaian; G. Ded; H. Tobe; B. Basaran; H. J. Maier; R. D. Noebe and Y. I. Chumlyakov,Acta Materialia,Effects of nanoprecipitation on the shape memory and material properties of an Ni-rich NiTiHf high temperature shape memory alloy,2013.0,50.3,29.7,7.018,Ni50.3Ti29.7Hf20.0 %,20.0
H. E. Karaca; S. M. Saghaian; G. Ded; H. Tobe; B. Basaran; H. J. Maier; R. D. Noebe and Y. I. Chumlyakov,Acta Materialia,Effects of nanoprecipitation on the shape memory and material properties of an Ni-rich NiTiHf high temperature shape memory alloy,2013.0,50.3,29.7,7.018,Ni50.3Ti29.7Hf20.0 %,20.0
H. E. Karaca; S. M. Saghaian; G. Ded; H. Tobe; B. Basaran; H. J. Maier; R. D. Noebe and Y. I. Chumlyakov,Acta Materialia,Effects of nanoprecipitation on the shape memory and material properties of an Ni-rich NiTiHf high temperature shape memory alloy,2013.0,50.3,29.7,7.018,Ni50.3Ti29.7Hf20.0 %,20.0
H. E. Karaca; S. M. Saghaian; G. Ded; H. Tobe; B. Basaran; H. J. Maier; R. D. Noebe and Y. I. Chumlyakov,Acta Materialia,Effects of nanoprecipitation on the shape memory and material properties of an Ni-rich NiTiHf high temperature shape memory alloy,2013.0,50.3,29.7,7.018,Ni50.3Ti29.7Hf20.0 %,20.0
H. E. Karaca; S. M. Saghaian; G. Ded; H. Tobe; B. Basaran; H. J. Maier; R. D. Noebe and Y. I. Chumlyakov,Acta Materialia,Effects of nanoprecipitation on the shape memory and material properties of an Ni-rich NiTiHf high temperature shape memory alloy,2013.0,50.3,29.7,7.018,Ni50.3Ti29.7Hf20.0 %,20.0
H. E. Karaca; S. M. Saghaian; G. Ded; H. Tobe; B. Basaran; H. J. Maier; R. D. Noebe and Y. I. Chumlyakov,Acta Materialia,Effects of nanoprecipitation on the shape memory and material properties of an Ni-rich NiTiHf high temperature shape memory alloy,2013.0,50.3,29.7,7.018,Ni50.3Ti29.7Hf20.0 %,20.0
H. E. Karaca; S. M. Saghaian; G. Ded; H. Tobe; B. Basaran; H. J. Maier; R. D. Noebe and Y. I. Chumlyakov,Acta Materialia,Effects of nanoprecipitation on the shape memory and material properties of an Ni-rich NiTiHf high temperature shape memory alloy,2013.0,50.3,29.7,7.018,Ni50.3Ti29.7Hf20.0 %,20.0
H. E. Karaca; S. M. Saghaian; G. Ded; H. Tobe; B. Basaran; H. J. Maier; R. D. Noebe and Y. I. Chumlyakov,Acta Materialia,Effects of nanoprecipitation on the shape memory and material properties of an Ni-rich NiTiHf high temperature shape memory alloy,2013.0,50.3,29.7,7.018,Ni50.3Ti29.7Hf20.0 %,20.0
H. E. Karaca; S. M. Saghaian; G. Ded; H. Tobe; B. Basaran; H. J. Maier; R. D. Noebe and Y. I. Chumlyakov,Acta Materialia,Effects of nanoprecipitation on the shape memory and material properties of an Ni-rich NiTiHf high temperature shape memory alloy,2013.0,50.3,29.7,7.018,Ni50.3Ti29.7Hf20.0 %,20.0
S. Saghaian; H. Karaca; H. Tobe; J. Pons; R. Santamarta; Y. Chumlyakov and R. Noebe,Smart Materials and Structures,Effects of Ni content on the shape memory properties and microstructure of Ni-rich NiTi-20Hf alloys,2016.0,50.3,29.7,7.018,Ni50.3Ti29.7Hf20.0 %,20.0
O. Karakoc; A. Demblon; R. W. Wheeler; D. C. Lagoudas and I. Karaman,AIAA Scitech 2019 Forum,Effects of testing parameters on the fatigue performance NiTiHf high temperature shape memory alloys,2019.0,50.3,29.7,7.018,Ni50.3Ti29.7Hf20.0 %,20.0
O. Karakoc; A. Demblon; R. W. Wheeler; D. C. Lagoudas and I. Karaman,AIAA Scitech 2019 Forum,Effects of testing parameters on the fatigue performance NiTiHf high temperature shape memory alloys,2019.0,50.3,29.7,7.018,Ni50.3Ti29.7Hf20.0 %,20.0
O. Karakoc; A. Demblon; R. W. Wheeler; D. C. Lagoudas and I. Karaman,AIAA Scitech 2019 Forum,Effects of testing parameters on the fatigue performance NiTiHf high temperature shape memory alloys,2019.0,50.3,29.7,7.018,Ni50.3Ti29.7Hf20.0 %,20.0
O. Karakoc; A. Demblon; R. W. Wheeler; D. C. Lagoudas and I. Karaman,AIAA Scitech 2019 Forum,Effects of testing parameters on the fatigue performance NiTiHf high temperature shape memory alloys,2019.0,50.3,29.7,7.018,Ni50.3Ti29.7Hf20.0 %,20.0
O. Karakoc; A. Demblon; R. W. Wheeler; D. C. Lagoudas and I. Karaman,AIAA Scitech 2019 Forum,Effects of testing parameters on the fatigue performance NiTiHf high temperature shape memory alloys,2019.0,50.3,29.7,7.018,Ni50.3Ti29.7Hf20.0 %,20.0
O. Karakoc; A. Demblon; R. W. Wheeler; D. C. Lagoudas and I. Karaman,AIAA Scitech 2019 Forum,Effects of testing parameters on the fatigue performance NiTiHf high temperature shape memory alloys,2019.0,50.3,29.7,7.018,Ni50.3Ti29.7Hf20.0 %,20.0
O. Karakoc; A. Demblon; R. W. Wheeler; D. C. Lagoudas and I. Karaman,AIAA Scitech 2019 Forum,Effects of testing parameters on the fatigue performance NiTiHf high temperature shape memory alloys,2019.0,50.3,29.7,7.018,Ni50.3Ti29.7Hf20.0 %,20.0
O. Karakoc; A. Demblon; R. W. Wheeler; D. C. Lagoudas and I. Karaman,AIAA Scitech 2019 Forum,Effects of testing parameters on the fatigue performance NiTiHf high temperature shape memory alloys,2019.0,50.3,29.7,7.018,Ni50.3Ti29.7Hf20.0 %,20.0
O. Karakoc; A. Demblon; R. W. Wheeler; D. C. Lagoudas and I. Karaman,AIAA Scitech 2019 Forum,Effects of testing parameters on the fatigue performance NiTiHf high temperature shape memory alloys,2019.0,50.3,29.7,7.018,Ni50.3Ti29.7Hf20.0 %,20.0
O. Karakoc; A. Demblon; R. W. Wheeler; D. C. Lagoudas and I. Karaman,AIAA Scitech 2019 Forum,Effects of testing parameters on the fatigue performance NiTiHf high temperature shape memory alloys,2019.0,50.3,29.7,7.018,Ni50.3Ti29.7Hf20.0 %,20.0
O. Karakoc; A. Demblon; R. W. Wheeler; D. C. Lagoudas and I. Karaman,AIAA Scitech 2019 Forum,Effects of testing parameters on the fatigue performance NiTiHf high temperature shape memory alloys,2019.0,50.3,29.7,7.018,Ni50.3Ti29.7Hf20.0 %,20.0
O. Karakoc; A. Demblon; R. W. Wheeler; D. C. Lagoudas and I. Karaman,AIAA Scitech 2019 Forum,Effects of testing parameters on the fatigue performance NiTiHf high temperature shape memory alloys,2019.0,50.3,29.7,7.018,Ni50.3Ti29.7Hf20.0 %,20.0
O. Karakoc; A. Demblon; R. W. Wheeler; D. C. Lagoudas and I. Karaman,AIAA Scitech 2019 Forum,Effects of testing parameters on the fatigue performance NiTiHf high temperature shape memory alloys,2019.0,50.3,29.7,7.018,Ni50.3Ti29.7Hf20.0 %,20.0
O. Karakoc; A. Demblon; R. W. Wheeler; D. C. Lagoudas and I. Karaman,AIAA Scitech 2019 Forum,Effects of testing parameters on the fatigue performance NiTiHf high temperature shape memory alloys,2019.0,50.3,29.7,7.018,Ni50.3Ti29.7Hf20.0 %,20.0
O. Karakoc; A. Demblon; R. W. Wheeler; D. C. Lagoudas and I. Karaman,AIAA Scitech 2019 Forum,Effects of testing parameters on the fatigue performance NiTiHf high temperature shape memory alloys,2019.0,50.3,29.7,7.018,Ni50.3Ti29.7Hf20.0 %,20.0
O. Karakoc; A. Demblon; R. W. Wheeler; D. C. Lagoudas and I. Karaman,AIAA Scitech 2019 Forum,Effects of testing parameters on the fatigue performance NiTiHf high temperature shape memory alloys,2019.0,50.3,29.7,7.018,Ni50.3Ti29.7Hf20.0 %,20.0
O. Karakoc; A. Demblon; R. W. Wheeler; D. C. Lagoudas and I. Karaman,AIAA Scitech 2019 Forum,Effects of testing parameters on the fatigue performance NiTiHf high temperature shape memory alloys,2019.0,50.3,29.7,7.018,Ni50.3Ti29.7Hf20.0 %,20.0
O. Karakoc; A. Demblon; R. W. Wheeler; D. C. Lagoudas and I. Karaman,AIAA Scitech 2019 Forum,Effects of testing parameters on the fatigue performance NiTiHf high temperature shape memory alloys,2019.0,50.3,29.7,7.018,Ni50.3Ti29.7Hf20.0 %,20.0
O. Karakoc; A. Demblon; R. W. Wheeler; D. C. Lagoudas and I. Karaman,AIAA Scitech 2019 Forum,Effects of testing parameters on the fatigue performance NiTiHf high temperature shape memory alloys,2019.0,50.3,29.7,7.018,Ni50.3Ti29.7Hf20.0 %,20.0
O. Karakoc; A. Demblon; R. W. Wheeler; D. C. Lagoudas and I. Karaman,AIAA Scitech 2019 Forum,Effects of testing parameters on the fatigue performance NiTiHf high temperature shape memory alloys,2019.0,50.3,29.7,7.018,Ni50.3Ti29.7Hf20.0 %,20.0
O. Karakoc; C. Hayrettin; M. Bass; S. J. Wang; D. Canadinc; J. H. Mabe; D. C. Lagoudas and I. Karaman,Acta Materialia,Effects of upper cycle temperature on the actuation fatigue response of NiTiHf high temperature shape memory alloys,2017.0,50.3,29.7,7.018,Ni50.3Ti29.7Hf20.0 %,20.0
O. Karakoc; C. Hayrettin; M. Bass; S. J. Wang; D. Canadinc; J. H. Mabe; D. C. Lagoudas and I. Karaman,Acta Materialia,Effects of upper cycle temperature on the actuation fatigue response of NiTiHf high temperature shape memory alloys,2017.0,50.3,29.7,7.018,Ni50.3Ti29.7Hf20.0 %,20.0
O. Karakoc; C. Hayrettin; M. Bass; S. J. Wang; D. Canadinc; J. H. Mabe; D. C. Lagoudas and I. Karaman,Acta Materialia,Effects of upper cycle temperature on the actuation fatigue response of NiTiHf high temperature shape memory alloys,2017.0,50.3,29.7,7.018,Ni50.3Ti29.7Hf20.0 %,20.0
O. Karakoc; C. Hayrettin; M. Bass; S. J. Wang; D. Canadinc; J. H. Mabe; D. C. Lagoudas and I. Karaman,Acta Materialia,Effects of upper cycle temperature on the actuation fatigue response of NiTiHf high temperature shape memory alloys,2017.0,50.3,29.7,7.018,Ni50.3Ti29.7Hf20.0 %,20.0
O. Karakoc; C. Hayrettin; M. Bass; S. J. Wang; D. Canadinc; J. H. Mabe; D. C. Lagoudas and I. Karaman,Acta Materialia,Effects of upper cycle temperature on the actuation fatigue response of NiTiHf high temperature shape memory alloys,2017.0,50.3,29.7,7.018,Ni50.3Ti29.7Hf20.0 %,20.0
O. Karakoc; C. Hayrettin; M. Bass; S. J. Wang; D. Canadinc; J. H. Mabe; D. C. Lagoudas and I. Karaman,Acta Materialia,Effects of upper cycle temperature on the actuation fatigue response of NiTiHf high temperature shape memory alloys,2017.0,50.3,29.7,7.018,Ni50.3Ti29.7Hf20.0 %,20.0
O. Karakoc; C. Hayrettin; M. Bass; S. J. Wang; D. Canadinc; J. H. Mabe; D. C. Lagoudas and I. Karaman,Acta Materialia,Effects of upper cycle temperature on the actuation fatigue response of NiTiHf high temperature shape memory alloys,2017.0,50.3,29.7,7.018,Ni50.3Ti29.7Hf20.0 %,20.0
O. Karakoc; C. Hayrettin; M. Bass; S. J. Wang; D. Canadinc; J. H. Mabe; D. C. Lagoudas and I. Karaman,Acta Materialia,Effects of upper cycle temperature on the actuation fatigue response of NiTiHf high temperature shape memory alloys,2017.0,50.3,29.7,7.018,Ni50.3Ti29.7Hf20.0 %,20.0
O. Karakoc; C. Hayrettin; M. Bass; S. J. Wang; D. Canadinc; J. H. Mabe; D. C. Lagoudas and I. Karaman,Acta Materialia,Effects of upper cycle temperature on the actuation fatigue response of NiTiHf high temperature shape memory alloys,2017.0,50.3,29.7,7.018,Ni50.3Ti29.7Hf20.0 %,20.0
F. R. Phillips; R. W. Wheeler; A. B. Geltmacher and D. C. Lagoudas,International Journal of Fatigue,Evolution of internal damage during actuation fatigue in shape memory alloys,2019.0,50.3,29.7,7.018,Ni50.3Ti29.7Hf20.0 %,20.0
F. R. Phillips; R. W. Wheeler; A. B. Geltmacher and D. C. Lagoudas,International Journal of Fatigue,Evolution of internal damage during actuation fatigue in shape memory alloys,2019.0,50.3,29.7,7.018,Ni50.3Ti29.7Hf20.0 %,20.0
F. R. Phillips; R. W. Wheeler; A. B. Geltmacher and D. C. Lagoudas,International Journal of Fatigue,Evolution of internal damage during actuation fatigue in shape memory alloys,2019.0,50.3,29.7,7.018,Ni50.3Ti29.7Hf20.0 %,20.0
F. R. Phillips; R. W. Wheeler; A. B. Geltmacher and D. C. Lagoudas,International Journal of Fatigue,Evolution of internal damage during actuation fatigue in shape memory alloys,2019.0,50.3,29.7,7.018,Ni50.3Ti29.7Hf20.0 %,20.0
F. R. Phillips; R. W. Wheeler; A. B. Geltmacher and D. C. Lagoudas,International Journal of Fatigue,Evolution of internal damage during actuation fatigue in shape memory alloys,2019.0,50.3,29.7,7.018,Ni50.3Ti29.7Hf20.0 %,20.0
F. R. Phillips; R. W. Wheeler; A. B. Geltmacher and D. C. Lagoudas,International Journal of Fatigue,Evolution of internal damage during actuation fatigue in shape memory alloys,2019.0,50.3,29.7,7.018,Ni50.3Ti29.7Hf20.0 %,20.0
F. R. Phillips; R. W. Wheeler; A. B. Geltmacher and D. C. Lagoudas,International Journal of Fatigue,Evolution of internal damage during actuation fatigue in shape memory alloys,2019.0,50.3,29.7,7.018,Ni50.3Ti29.7Hf20.0 %,20.0
B. Haghgouyan; B. Young; I. Karaman and D. Lagoudas,Behavior and Mechanics of Multifunctional Materials XIII,Fracture toughness of martensitic NiTiHf high-temperature shape memory alloy,2019.0,50.3,29.7,7.018,Ni50.3Ti29.7Hf20.0 %,20.0
B. Haghgouyan; B. Young; I. Karaman and D. Lagoudas,Behavior and Mechanics of Multifunctional Materials XIII,Fracture toughness of martensitic NiTiHf high-temperature shape memory alloy,2019.0,50.3,29.7,7.018,Ni50.3Ti29.7Hf20.0 %,20.0
S.-W. Kim; J. W. Jo; C. H. Park; J.-K. Hong; J.-T. Yeom and H.-G. Kim,Materials Science and Engineering: A,Fracture toughness of TiNiHf alloys: A hybrid study using in-situ transmission electron microscopy experiments and finite element analyses,2016.0,50.3,34.7,7.018,Ni50.3Ti34.7Hf15.0 %,15.0
S.-W. Kim; J. W. Jo; C. H. Park; J.-K. Hong; J.-T. Yeom and H.-G. Kim,Materials Science and Engineering: A,Fracture toughness of TiNiHf alloys: A hybrid study using in-situ transmission electron microscopy experiments and finite element analyses,2016.0,50.3,34.7,7.018,Ni50.3Ti34.7Hf15.0 %,15.0
W. Abuzaid and H. Sehitoglu,Materials Science and Engineering: A,Functional fatigue of Ni50.3Ti25Hf24.7 – Heterogeneities and evolution of local transformation strains,2017.0,50.3,25.0,7.018,Ni50.3Ti25.0Hf24.7 %,24.7
W. Abuzaid and H. Sehitoglu,Materials Science and Engineering: A,Functional fatigue of Ni50.3Ti25Hf24.7 – Heterogeneities and evolution of local transformation strains,2017.0,50.3,25.0,7.018,Ni50.3Ti25.0Hf24.7 %,24.7
W. Abuzaid and H. Sehitoglu,Materials Science and Engineering: A,Functional fatigue of Ni50.3Ti25Hf24.7 – Heterogeneities and evolution of local transformation strains,2017.0,50.3,25.0,7.018,Ni50.3Ti25.0Hf24.7 %,24.7
W. Abuzaid and H. Sehitoglu,Materials Science and Engineering: A,Functional fatigue of Ni50.3Ti25Hf24.7 – Heterogeneities and evolution of local transformation strains,2017.0,50.3,25.0,7.018,Ni50.3Ti25.0Hf24.7 %,24.7
W. Abuzaid and H. Sehitoglu,Materials Science and Engineering: A,Functional fatigue of Ni50.3Ti25Hf24.7 – Heterogeneities and evolution of local transformation strains,2017.0,50.3,25.0,7.018,Ni50.3Ti25.0Hf24.7 %,24.7
W. Abuzaid and H. Sehitoglu,Materials Science and Engineering: A,Functional fatigue of Ni50.3Ti25Hf24.7 – Heterogeneities and evolution of local transformation strains,2017.0,50.3,25.0,7.018,Ni50.3Ti25.0Hf24.7 %,24.7
W. Abuzaid and H. Sehitoglu,Materials Science and Engineering: A,Functional fatigue of Ni50.3Ti25Hf24.7 – Heterogeneities and evolution of local transformation strains,2017.0,50.3,25.0,7.018,Ni50.3Ti25.0Hf24.7 %,24.7
W. Abuzaid and H. Sehitoglu,Materials Science and Engineering: A,Functional fatigue of Ni50.3Ti25Hf24.7 – Heterogeneities and evolution of local transformation strains,2017.0,50.3,25.0,7.018,Ni50.3Ti25.0Hf24.7 %,24.7
W. Abuzaid and H. Sehitoglu,Materials Science and Engineering: A,Functional fatigue of Ni50.3Ti25Hf24.7 – Heterogeneities and evolution of local transformation strains,2017.0,50.3,25.0,7.018,Ni50.3Ti25.0Hf24.7 %,24.7
W. Abuzaid and H. Sehitoglu,Materials Science and Engineering: A,Functional fatigue of Ni50.3Ti25Hf24.7 – Heterogeneities and evolution of local transformation strains,2017.0,50.3,25.0,7.018,Ni50.3Ti25.0Hf24.7 %,24.7
W. Abuzaid and H. Sehitoglu,Materials Science and Engineering: A,Functional fatigue of Ni50.3Ti25Hf24.7 – Heterogeneities and evolution of local transformation strains,2017.0,50.3,25.0,7.018,Ni50.3Ti25.0Hf24.7 %,24.7
W. Abuzaid and H. Sehitoglu,Materials Science and Engineering: A,Functional fatigue of Ni50.3Ti25Hf24.7 – Heterogeneities and evolution of local transformation strains,2017.0,50.3,25.0,7.018,Ni50.3Ti25.0Hf24.7 %,24.7
W. Abuzaid and H. Sehitoglu,Materials Science and Engineering: A,Functional fatigue of Ni50.3Ti25Hf24.7 – Heterogeneities and evolution of local transformation strains,2017.0,50.3,25.0,7.018,Ni50.3Ti25.0Hf24.7 %,24.7
W. Abuzaid and H. Sehitoglu,Materials Science and Engineering: A,Functional fatigue of Ni50.3Ti25Hf24.7 – Heterogeneities and evolution of local transformation strains,2017.0,50.3,25.0,7.018,Ni50.3Ti25.0Hf24.7 %,24.7
W. Abuzaid and H. Sehitoglu,Materials Science and Engineering: A,Functional fatigue of Ni50.3Ti25Hf24.7 – Heterogeneities and evolution of local transformation strains,2017.0,50.3,25.0,7.018,Ni50.3Ti25.0Hf24.7 %,24.7
W. Abuzaid and H. Sehitoglu,Materials Science and Engineering: A,Functional fatigue of Ni50.3Ti25Hf24.7 – Heterogeneities and evolution of local transformation strains,2017.0,50.3,25.0,7.018,Ni50.3Ti25.0Hf24.7 %,24.7
W. Abuzaid and H. Sehitoglu,Materials Science and Engineering: A,Functional fatigue of Ni50.3Ti25Hf24.7 – Heterogeneities and evolution of local transformation strains,2017.0,50.3,25.0,7.018,Ni50.3Ti25.0Hf24.7 %,24.7
O. Benafan and J. G. Darrell,Smart Materials and Structures,High temperature shape memory alloy Ni50.3Ti29.7Hf20 torque tube actuators,2017.0,50.3,29.7,7.018,Ni50.3Ti29.7Hf20.0 %,20.0
M. Prasher and D. Sen,Journal of Alloys and Compounds,Influence of aging on phase transformation and microstructure of Ni50.3Ti29.7Hf20 high temperature shape memory alloy,2014.0,50.3,29.7,7.018,Ni50.3Ti29.7Hf20.0 %,20.0
M. Prasher and D. Sen,Journal of Alloys and Compounds,Influence of aging on phase transformation and microstructure of Ni50.3Ti29.7Hf20 high temperature shape memory alloy,2014.0,50.3,29.7,7.018,Ni50.3Ti29.7Hf20.0 %,20.0
M. Prasher and D. Sen,Journal of Alloys and Compounds,Influence of aging on phase transformation and microstructure of Ni50.3Ti29.7Hf20 high temperature shape memory alloy,2014.0,50.3,29.7,7.018,Ni50.3Ti29.7Hf20.0 %,20.0
M. Prasher and D. Sen,Journal of Alloys and Compounds,Influence of aging on phase transformation and microstructure of Ni50.3Ti29.7Hf20 high temperature shape memory alloy,2014.0,50.3,29.7,7.018,Ni50.3Ti29.7Hf20.0 %,20.0
M. Prasher and D. Sen,Journal of Alloys and Compounds,Influence of aging on phase transformation and microstructure of Ni50.3Ti29.7Hf20 high temperature shape memory alloy,2014.0,50.3,29.7,7.018,Ni50.3Ti29.7Hf20.0 %,20.0
M. Prasher and D. Sen,Journal of Alloys and Compounds,Influence of aging on phase transformation and microstructure of Ni50.3Ti29.7Hf20 high temperature shape memory alloy,2014.0,50.3,29.7,7.018,Ni50.3Ti29.7Hf20.0 %,20.0
S. M. Kornegay,Metallurgical and Materials Engineering,Influence of zirconium additions on nitinol shape memory phase stability; transformation temperatures; and thermo-mechanical properties,2016.0,50.3,48.7,7.018,Ni50.3Ti48.7Hf1.0 %,1.0
S. M. Kornegay,Metallurgical and Materials Engineering,Influence of zirconium additions on nitinol shape memory phase stability; transformation temperatures; and thermo-mechanical properties,2016.0,50.3,48.7,7.018,Ni50.3Ti48.7Hf1.0 %,1.0
S. M. Kornegay,Metallurgical and Materials Engineering,Influence of zirconium additions on nitinol shape memory phase stability; transformation temperatures; and thermo-mechanical properties,2016.0,50.3,48.7,7.018,Ni50.3Ti48.7Hf1.0 %,1.0
S. M. Kornegay,Metallurgical and Materials Engineering,Influence of zirconium additions on nitinol shape memory phase stability; transformation temperatures; and thermo-mechanical properties,2016.0,50.3,48.7,7.018,Ni50.3Ti48.7Hf1.0 %,1.0
S. M. Kornegay,Metallurgical and Materials Engineering,Influence of zirconium additions on nitinol shape memory phase stability; transformation temperatures; and thermo-mechanical properties,2016.0,50.3,48.7,7.018,Ni50.3Ti48.7Hf1.0 %,1.0
S. M. Kornegay,Metallurgical and Materials Engineering,Influence of zirconium additions on nitinol shape memory phase stability; transformation temperatures; and thermo-mechanical properties,2016.0,50.3,48.7,7.018,Ni50.3Ti48.7Hf1.0 %,1.0
S. M. Kornegay,Metallurgical and Materials Engineering,Influence of zirconium additions on nitinol shape memory phase stability; transformation temperatures; and thermo-mechanical properties,2016.0,50.3,48.7,7.018,Ni50.3Ti48.7Hf1.0 %,1.0
S. M. Kornegay,Metallurgical and Materials Engineering,Influence of zirconium additions on nitinol shape memory phase stability; transformation temperatures; and thermo-mechanical properties,2016.0,50.3,48.7,7.018,Ni50.3Ti48.7Hf1.0 %,1.0
S. M. Kornegay,Metallurgical and Materials Engineering,Influence of zirconium additions on nitinol shape memory phase stability; transformation temperatures; and thermo-mechanical properties,2016.0,50.3,48.7,7.018,Ni50.3Ti48.7Hf1.0 %,1.0
S. M. Kornegay,Metallurgical and Materials Engineering,Influence of zirconium additions on nitinol shape memory phase stability; transformation temperatures; and thermo-mechanical properties,2016.0,50.3,48.7,7.018,Ni50.3Ti48.7Hf1.0 %,1.0
S. M. Kornegay,Metallurgical and Materials Engineering,Influence of zirconium additions on nitinol shape memory phase stability; transformation temperatures; and thermo-mechanical properties,2016.0,50.3,48.7,7.018,Ni50.3Ti48.7Hf1.0 %,1.0
S. M. Kornegay,Metallurgical and Materials Engineering,Influence of zirconium additions on nitinol shape memory phase stability; transformation temperatures; and thermo-mechanical properties,2016.0,50.3,48.7,7.018,Ni50.3Ti48.7Hf1.0 %,1.0
S. M. Kornegay,Metallurgical and Materials Engineering,Influence of zirconium additions on nitinol shape memory phase stability; transformation temperatures; and thermo-mechanical properties,2016.0,50.3,48.7,7.018,Ni50.3Ti48.7Hf1.0 %,1.0
S. M. Kornegay,Metallurgical and Materials Engineering,Influence of zirconium additions on nitinol shape memory phase stability; transformation temperatures; and thermo-mechanical properties,2016.0,50.3,48.7,7.018,Ni50.3Ti48.7Hf1.0 %,1.0
S. M. Kornegay,Metallurgical and Materials Engineering,Influence of zirconium additions on nitinol shape memory phase stability; transformation temperatures; and thermo-mechanical properties,2016.0,50.3,48.7,7.018,Ni50.3Ti48.7Hf1.0 %,1.0
S. M. Kornegay,Metallurgical and Materials Engineering,Influence of zirconium additions on nitinol shape memory phase stability; transformation temperatures; and thermo-mechanical properties,2016.0,50.3,48.7,7.018,Ni50.3Ti48.7Hf1.0 %,1.0
S. M. Kornegay,Metallurgical and Materials Engineering,Influence of zirconium additions on nitinol shape memory phase stability; transformation temperatures; and thermo-mechanical properties,2016.0,50.3,48.7,7.018,Ni50.3Ti48.7Hf1.0 %,1.0
S. M. Kornegay,Metallurgical and Materials Engineering,Influence of zirconium additions on nitinol shape memory phase stability; transformation temperatures; and thermo-mechanical properties,2016.0,50.3,48.7,7.018,Ni50.3Ti48.7Hf1.0 %,1.0
S. M. Kornegay,Metallurgical and Materials Engineering,Influence of zirconium additions on nitinol shape memory phase stability; transformation temperatures; and thermo-mechanical properties,2016.0,50.3,48.7,7.018,Ni50.3Ti48.7Hf1.0 %,1.0
S. M. Kornegay,Metallurgical and Materials Engineering,Influence of zirconium additions on nitinol shape memory phase stability; transformation temperatures; and thermo-mechanical properties,2016.0,50.3,48.7,7.018,Ni50.3Ti48.7Hf1.0 %,1.0
S. M. Kornegay,Metallurgical and Materials Engineering,Influence of zirconium additions on nitinol shape memory phase stability; transformation temperatures; and thermo-mechanical properties,2016.0,50.3,48.7,7.018,Ni50.3Ti48.7Hf1.0 %,1.0
S. M. Kornegay,Metallurgical and Materials Engineering,Influence of zirconium additions on nitinol shape memory phase stability; transformation temperatures; and thermo-mechanical properties,2016.0,50.3,48.7,7.018,Ni50.3Ti48.7Hf1.0 %,1.0
S. M. Kornegay,Metallurgical and Materials Engineering,Influence of zirconium additions on nitinol shape memory phase stability; transformation temperatures; and thermo-mechanical properties,2016.0,50.3,48.7,7.018,Ni50.3Ti48.7Hf1.0 %,1.0
S. M. Kornegay,Metallurgical and Materials Engineering,Influence of zirconium additions on nitinol shape memory phase stability; transformation temperatures; and thermo-mechanical properties,2016.0,50.3,48.7,7.018,Ni50.3Ti48.7Hf1.0 %,1.0
S. M. Kornegay,Metallurgical and Materials Engineering,Influence of zirconium additions on nitinol shape memory phase stability; transformation temperatures; and thermo-mechanical properties,2016.0,50.3,48.7,7.018,Ni50.3Ti48.7Hf1.0 %,1.0
S. M. Kornegay,Metallurgical and Materials Engineering,Influence of zirconium additions on nitinol shape memory phase stability; transformation temperatures; and thermo-mechanical properties,2016.0,50.3,48.7,7.018,Ni50.3Ti48.7Hf1.0 %,1.0
S. M. Kornegay,Metallurgical and Materials Engineering,Influence of zirconium additions on nitinol shape memory phase stability; transformation temperatures; and thermo-mechanical properties,2016.0,50.3,48.7,7.018,Ni50.3Ti48.7Hf1.0 %,1.0
S. M. Kornegay,Metallurgical and Materials Engineering,Influence of zirconium additions on nitinol shape memory phase stability; transformation temperatures; and thermo-mechanical properties,2016.0,50.3,48.7,7.018,Ni50.3Ti48.7Hf1.0 %,1.0
S. M. Kornegay,Metallurgical and Materials Engineering,Influence of zirconium additions on nitinol shape memory phase stability; transformation temperatures; and thermo-mechanical properties,2016.0,50.3,48.7,7.018,Ni50.3Ti48.7Hf1.0 %,1.0
S. M. Kornegay,Metallurgical and Materials Engineering,Influence of zirconium additions on nitinol shape memory phase stability; transformation temperatures; and thermo-mechanical properties,2016.0,50.3,48.7,7.018,Ni50.3Ti48.7Hf1.0 %,1.0
S. M. Kornegay,Metallurgical and Materials Engineering,Influence of zirconium additions on nitinol shape memory phase stability; transformation temperatures; and thermo-mechanical properties,2016.0,50.3,48.7,7.018,Ni50.3Ti48.7Hf1.0 %,1.0
S. M. Kornegay,Metallurgical and Materials Engineering,Influence of zirconium additions on nitinol shape memory phase stability; transformation temperatures; and thermo-mechanical properties,2016.0,50.3,48.7,7.018,Ni50.3Ti48.7Hf1.0 %,1.0
S. M. Kornegay,Metallurgical and Materials Engineering,Influence of zirconium additions on nitinol shape memory phase stability; transformation temperatures; and thermo-mechanical properties,2016.0,50.3,48.7,7.018,Ni50.3Ti48.7Hf1.0 %,1.0
S. M. Kornegay,Metallurgical and Materials Engineering,Influence of zirconium additions on nitinol shape memory phase stability; transformation temperatures; and thermo-mechanical properties,2016.0,50.3,48.7,7.018,Ni50.3Ti48.7Hf1.0 %,1.0
S. M. Kornegay,Metallurgical and Materials Engineering,Influence of zirconium additions on nitinol shape memory phase stability; transformation temperatures; and thermo-mechanical properties,2016.0,50.3,48.7,7.018,Ni50.3Ti48.7Hf1.0 %,1.0
S. M. Kornegay,Metallurgical and Materials Engineering,Influence of zirconium additions on nitinol shape memory phase stability; transformation temperatures; and thermo-mechanical properties,2016.0,50.3,48.7,7.018,Ni50.3Ti48.7Hf1.0 %,1.0
S. M. Kornegay,Metallurgical and Materials Engineering,Influence of zirconium additions on nitinol shape memory phase stability; transformation temperatures; and thermo-mechanical properties,2016.0,50.3,48.7,7.018,Ni50.3Ti48.7Hf1.0 %,1.0
B. C. Hornbuckle,Metallurgical Engineering,Investigations in phase stability and mechanical attributes in nickel-rich Nitinol with and without hafnium additions,2014.0,50.3,29.7,7.018,Ni50.3Ti29.7Hf20.0 %,20.0
A. Evirgen; I. Karaman; R. Santamarta; J. Pons and R. D. Noebe,Acta Materialia,Microstructural characterization and shape memory characteristics of the Ni50.3Ti34.7Hf15 shape memory alloy,2015.0,50.3,34.7,7.018,Ni50.3Ti34.7Hf15.0 %,15.0
A. Evirgen; I. Karaman; R. Santamarta; J. Pons and R. D. Noebe,Acta Materialia,Microstructural characterization and shape memory characteristics of the Ni50.3Ti34.7Hf15 shape memory alloy,2015.0,50.3,34.7,7.018,Ni50.3Ti34.7Hf15.0 %,15.0
A. Evirgen; I. Karaman; R. Santamarta; J. Pons and R. D. Noebe,Acta Materialia,Microstructural characterization and shape memory characteristics of the Ni50.3Ti34.7Hf15 shape memory alloy,2015.0,50.3,34.7,7.018,Ni50.3Ti34.7Hf15.0 %,15.0
A. Evirgen; I. Karaman; R. Santamarta; J. Pons and R. D. Noebe,Acta Materialia,Microstructural characterization and shape memory characteristics of the Ni50.3Ti34.7Hf15 shape memory alloy,2015.0,50.3,34.7,7.018,Ni50.3Ti34.7Hf15.0 %,15.0
A. Evirgen; I. Karaman; R. Santamarta; J. Pons and R. D. Noebe,Acta Materialia,Microstructural characterization and shape memory characteristics of the Ni50.3Ti34.7Hf15 shape memory alloy,2015.0,50.3,34.7,7.018,Ni50.3Ti34.7Hf15.0 %,15.0
A. Evirgen; I. Karaman; R. Santamarta; J. Pons and R. D. Noebe,Acta Materialia,Microstructural characterization and shape memory characteristics of the Ni50.3Ti34.7Hf15 shape memory alloy,2015.0,50.3,34.7,7.018,Ni50.3Ti34.7Hf15.0 %,15.0
A. Evirgen; I. Karaman; R. Santamarta; J. Pons and R. D. Noebe,Acta Materialia,Microstructural characterization and shape memory characteristics of the Ni50.3Ti34.7Hf15 shape memory alloy,2015.0,50.3,34.7,7.018,Ni50.3Ti34.7Hf15.0 %,15.0
A. Evirgen; I. Karaman; R. Santamarta; J. Pons and R. D. Noebe,Acta Materialia,Microstructural characterization and shape memory characteristics of the Ni50.3Ti34.7Hf15 shape memory alloy,2015.0,50.3,34.7,7.018,Ni50.3Ti34.7Hf15.0 %,15.0
A. Evirgen; I. Karaman; R. Santamarta; J. Pons and R. D. Noebe,Acta Materialia,Microstructural characterization and shape memory characteristics of the Ni50.3Ti34.7Hf15 shape memory alloy,2015.0,50.3,34.7,7.018,Ni50.3Ti34.7Hf15.0 %,15.0
A. Evirgen; I. Karaman; R. Santamarta; J. Pons and R. D. Noebe,Acta Materialia,Microstructural characterization and shape memory characteristics of the Ni50.3Ti34.7Hf15 shape memory alloy,2015.0,50.3,34.7,7.018,Ni50.3Ti34.7Hf15.0 %,15.0
A. Evirgen; I. Karaman; R. Santamarta; J. Pons and R. D. Noebe,Acta Materialia,Microstructural characterization and shape memory characteristics of the Ni50.3Ti34.7Hf15 shape memory alloy,2015.0,50.3,34.7,7.018,Ni50.3Ti34.7Hf15.0 %,15.0
A. Evirgen; I. Karaman; R. Santamarta; J. Pons and R. D. Noebe,Acta Materialia,Microstructural characterization and shape memory characteristics of the Ni50.3Ti34.7Hf15 shape memory alloy,2015.0,50.3,34.7,7.018,Ni50.3Ti34.7Hf15.0 %,15.0
A. Evirgen; I. Karaman; R. Santamarta; J. Pons and R. D. Noebe,Acta Materialia,Microstructural characterization and shape memory characteristics of the Ni50.3Ti34.7Hf15 shape memory alloy,2015.0,50.3,34.7,7.018,Ni50.3Ti34.7Hf15.0 %,15.0
A. Evirgen; I. Karaman; R. Santamarta; J. Pons and R. D. Noebe,Acta Materialia,Microstructural characterization and shape memory characteristics of the Ni50.3Ti34.7Hf15 shape memory alloy,2015.0,50.3,34.7,7.018,Ni50.3Ti34.7Hf15.0 %,15.0
A. Evirgen; I. Karaman; R. Santamarta; J. Pons and R. D. Noebe,Acta Materialia,Microstructural characterization and shape memory characteristics of the Ni50.3Ti34.7Hf15 shape memory alloy,2015.0,50.3,34.7,7.018,Ni50.3Ti34.7Hf15.0 %,15.0
A. Evirgen; I. Karaman; R. Santamarta; J. Pons and R. D. Noebe,Acta Materialia,Microstructural characterization and shape memory characteristics of the Ni50.3Ti34.7Hf15 shape memory alloy,2015.0,50.3,34.7,7.018,Ni50.3Ti34.7Hf15.0 %,15.0
A. Evirgen; I. Karaman; R. Santamarta; J. Pons and R. D. Noebe,Acta Materialia,Microstructural characterization and shape memory characteristics of the Ni50.3Ti34.7Hf15 shape memory alloy,2015.0,50.3,34.7,7.018,Ni50.3Ti34.7Hf15.0 %,15.0
A. Evirgen; I. Karaman; R. Santamarta; J. Pons and R. D. Noebe,Acta Materialia,Microstructural characterization and shape memory characteristics of the Ni50.3Ti34.7Hf15 shape memory alloy,2015.0,50.3,34.7,7.018,Ni50.3Ti34.7Hf15.0 %,15.0
A. Evirgen; I. Karaman; R. Santamarta; J. Pons and R. D. Noebe,Acta Materialia,Microstructural characterization and shape memory characteristics of the Ni50.3Ti34.7Hf15 shape memory alloy,2015.0,50.3,34.7,7.018,Ni50.3Ti34.7Hf15.0 %,15.0
A. Evirgen; I. Karaman; R. Santamarta; J. Pons and R. D. Noebe,Acta Materialia,Microstructural characterization and shape memory characteristics of the Ni50.3Ti34.7Hf15 shape memory alloy,2015.0,50.3,34.7,7.018,Ni50.3Ti34.7Hf15.0 %,15.0
A. Evirgen; I. Karaman; R. Santamarta; J. Pons and R. D. Noebe,Acta Materialia,Microstructural characterization and shape memory characteristics of the Ni50.3Ti34.7Hf15 shape memory alloy,2015.0,50.3,34.7,7.018,Ni50.3Ti34.7Hf15.0 %,15.0
A. Evirgen; I. Karaman; R. Santamarta; J. Pons and R. D. Noebe,Acta Materialia,Microstructural characterization and shape memory characteristics of the Ni50.3Ti34.7Hf15 shape memory alloy,2015.0,50.3,34.7,7.018,Ni50.3Ti34.7Hf15.0 %,15.0
A. Evirgen; I. Karaman; R. Santamarta; J. Pons and R. D. Noebe,Acta Materialia,Microstructural characterization and shape memory characteristics of the Ni50.3Ti34.7Hf15 shape memory alloy,2015.0,50.3,34.7,7.018,Ni50.3Ti34.7Hf15.0 %,15.0
A. Evirgen; I. Karaman; R. Santamarta; J. Pons and R. D. Noebe,Acta Materialia,Microstructural characterization and shape memory characteristics of the Ni50.3Ti34.7Hf15 shape memory alloy,2015.0,50.3,34.7,7.018,Ni50.3Ti34.7Hf15.0 %,15.0
A. Evirgen; I. Karaman; R. Santamarta; J. Pons and R. D. Noebe,Acta Materialia,Microstructural characterization and shape memory characteristics of the Ni50.3Ti34.7Hf15 shape memory alloy,2015.0,50.3,34.7,7.018,Ni50.3Ti34.7Hf15.0 %,15.0
A. Evirgen; I. Karaman; R. Santamarta; J. Pons and R. D. Noebe,Acta Materialia,Microstructural characterization and shape memory characteristics of the Ni50.3Ti34.7Hf15 shape memory alloy,2015.0,50.3,34.7,7.018,Ni50.3Ti34.7Hf15.0 %,15.0
A. Evirgen; I. Karaman; R. Santamarta; J. Pons and R. D. Noebe,Acta Materialia,Microstructural characterization and shape memory characteristics of the Ni50.3Ti34.7Hf15 shape memory alloy,2015.0,50.3,34.7,7.018,Ni50.3Ti34.7Hf15.0 %,15.0
A. Evirgen; I. Karaman; R. Santamarta; J. Pons and R. D. Noebe,Acta Materialia,Microstructural characterization and shape memory characteristics of the Ni50.3Ti34.7Hf15 shape memory alloy,2015.0,50.3,34.7,7.018,Ni50.3Ti34.7Hf15.0 %,15.0
A. Evirgen; I. Karaman; R. Santamarta; J. Pons and R. D. Noebe,Acta Materialia,Microstructural characterization and shape memory characteristics of the Ni50.3Ti34.7Hf15 shape memory alloy,2015.0,50.3,34.7,7.018,Ni50.3Ti34.7Hf15.0 %,15.0
A. Evirgen; I. Karaman; R. Santamarta; J. Pons and R. D. Noebe,Acta Materialia,Microstructural characterization and shape memory characteristics of the Ni50.3Ti34.7Hf15 shape memory alloy,2015.0,50.3,34.7,7.018,Ni50.3Ti34.7Hf15.0 %,15.0
A. Evirgen,Materials Science and Engineering,Microstructural Characterization and Shape Memory Response of Ni-Rich NiTiHf and NiTiZr High Temperature Shape Memory Alloys,2014.0,50.3,34.7,7.018,Ni50.3Ti34.7Hf15.0 %,15.0
A. Evirgen,Materials Science and Engineering,Microstructural Characterization and Shape Memory Response of Ni-Rich NiTiHf and NiTiZr High Temperature Shape Memory Alloys,2014.0,50.3,34.7,7.018,Ni50.3Ti34.7Hf15.0 %,15.0
A. Evirgen,Materials Science and Engineering,Microstructural Characterization and Shape Memory Response of Ni-Rich NiTiHf and NiTiZr High Temperature Shape Memory Alloys,2014.0,50.3,34.7,7.018,Ni50.3Ti34.7Hf15.0 %,15.0
A. Evirgen,Materials Science and Engineering,Microstructural Characterization and Shape Memory Response of Ni-Rich NiTiHf and NiTiZr High Temperature Shape Memory Alloys,2014.0,50.3,34.7,7.018,Ni50.3Ti34.7Hf15.0 %,15.0
A. Evirgen,Materials Science and Engineering,Microstructural Characterization and Shape Memory Response of Ni-Rich NiTiHf and NiTiZr High Temperature Shape Memory Alloys,2014.0,50.3,34.7,7.018,Ni50.3Ti34.7Hf15.0 %,15.0
A. Evirgen,Materials Science and Engineering,Microstructural Characterization and Shape Memory Response of Ni-Rich NiTiHf and NiTiZr High Temperature Shape Memory Alloys,2014.0,50.3,34.7,7.018,Ni50.3Ti34.7Hf15.0 %,15.0
A. Evirgen,Materials Science and Engineering,Microstructural Characterization and Shape Memory Response of Ni-Rich NiTiHf and NiTiZr High Temperature Shape Memory Alloys,2014.0,50.3,34.7,7.018,Ni50.3Ti34.7Hf15.0 %,15.0
A. Evirgen,Materials Science and Engineering,Microstructural Characterization and Shape Memory Response of Ni-Rich NiTiHf and NiTiZr High Temperature Shape Memory Alloys,2014.0,50.3,34.7,7.018,Ni50.3Ti34.7Hf15.0 %,15.0
A. Evirgen,Materials Science and Engineering,Microstructural Characterization and Shape Memory Response of Ni-Rich NiTiHf and NiTiZr High Temperature Shape Memory Alloys,2014.0,50.3,34.7,7.018,Ni50.3Ti34.7Hf15.0 %,15.0
A. Evirgen,Materials Science and Engineering,Microstructural Characterization and Shape Memory Response of Ni-Rich NiTiHf and NiTiZr High Temperature Shape Memory Alloys,2014.0,50.3,34.7,7.018,Ni50.3Ti34.7Hf15.0 %,15.0
A. Evirgen,Materials Science and Engineering,Microstructural Characterization and Shape Memory Response of Ni-Rich NiTiHf and NiTiZr High Temperature Shape Memory Alloys,2014.0,50.3,34.7,7.018,Ni50.3Ti34.7Hf15.0 %,15.0
A. Evirgen,Materials Science and Engineering,Microstructural Characterization and Shape Memory Response of Ni-Rich NiTiHf and NiTiZr High Temperature Shape Memory Alloys,2014.0,50.3,34.7,7.018,Ni50.3Ti34.7Hf15.0 %,15.0
A. Evirgen,Materials Science and Engineering,Microstructural Characterization and Shape Memory Response of Ni-Rich NiTiHf and NiTiZr High Temperature Shape Memory Alloys,2014.0,50.3,34.7,7.018,Ni50.3Ti34.7Hf15.0 %,15.0
A. Evirgen,Materials Science and Engineering,Microstructural Characterization and Shape Memory Response of Ni-Rich NiTiHf and NiTiZr High Temperature Shape Memory Alloys,2014.0,50.3,34.7,7.018,Ni50.3Ti34.7Hf15.0 %,15.0
A. Evirgen,Materials Science and Engineering,Microstructural Characterization and Shape Memory Response of Ni-Rich NiTiHf and NiTiZr High Temperature Shape Memory Alloys,2014.0,50.3,34.7,7.018,Ni50.3Ti34.7Hf15.0 %,15.0
A. Evirgen,Materials Science and Engineering,Microstructural Characterization and Shape Memory Response of Ni-Rich NiTiHf and NiTiZr High Temperature Shape Memory Alloys,2014.0,50.3,34.7,7.018,Ni50.3Ti34.7Hf15.0 %,15.0
A. Evirgen,Materials Science and Engineering,Microstructural Characterization and Shape Memory Response of Ni-Rich NiTiHf and NiTiZr High Temperature Shape Memory Alloys,2014.0,50.3,34.7,7.018,Ni50.3Ti34.7Hf15.0 %,15.0
A. Evirgen,Materials Science and Engineering,Microstructural Characterization and Shape Memory Response of Ni-Rich NiTiHf and NiTiZr High Temperature Shape Memory Alloys,2014.0,50.3,34.7,7.018,Ni50.3Ti34.7Hf15.0 %,15.0
A. Evirgen,Materials Science and Engineering,Microstructural Characterization and Shape Memory Response of Ni-Rich NiTiHf and NiTiZr High Temperature Shape Memory Alloys,2014.0,50.3,34.7,7.018,Ni50.3Ti34.7Hf15.0 %,15.0
A. Evirgen,Materials Science and Engineering,Microstructural Characterization and Shape Memory Response of Ni-Rich NiTiHf and NiTiZr High Temperature Shape Memory Alloys,2014.0,50.3,34.7,7.018,Ni50.3Ti34.7Hf15.0 %,15.0
A. Evirgen,Materials Science and Engineering,Microstructural Characterization and Shape Memory Response of Ni-Rich NiTiHf and NiTiZr High Temperature Shape Memory Alloys,2014.0,50.3,34.7,7.018,Ni50.3Ti34.7Hf15.0 %,15.0
A. Evirgen,Materials Science and Engineering,Microstructural Characterization and Shape Memory Response of Ni-Rich NiTiHf and NiTiZr High Temperature Shape Memory Alloys,2014.0,50.3,34.7,7.018,Ni50.3Ti34.7Hf15.0 %,15.0
A. Evirgen,Materials Science and Engineering,Microstructural Characterization and Shape Memory Response of Ni-Rich NiTiHf and NiTiZr High Temperature Shape Memory Alloys,2014.0,50.3,34.7,7.018,Ni50.3Ti34.7Hf15.0 %,15.0
A. Evirgen,Materials Science and Engineering,Microstructural Characterization and Shape Memory Response of Ni-Rich NiTiHf and NiTiZr High Temperature Shape Memory Alloys,2014.0,50.3,34.7,7.018,Ni50.3Ti34.7Hf15.0 %,15.0
A. Evirgen,Materials Science and Engineering,Microstructural Characterization and Shape Memory Response of Ni-Rich NiTiHf and NiTiZr High Temperature Shape Memory Alloys,2014.0,50.3,34.7,7.018,Ni50.3Ti34.7Hf15.0 %,15.0
A. Evirgen,Materials Science and Engineering,Microstructural Characterization and Shape Memory Response of Ni-Rich NiTiHf and NiTiZr High Temperature Shape Memory Alloys,2014.0,50.3,34.7,7.018,Ni50.3Ti34.7Hf15.0 %,15.0
A. Evirgen,Materials Science and Engineering,Microstructural Characterization and Shape Memory Response of Ni-Rich NiTiHf and NiTiZr High Temperature Shape Memory Alloys,2014.0,50.3,34.7,7.018,Ni50.3Ti34.7Hf15.0 %,15.0
A. Evirgen,Materials Science and Engineering,Microstructural Characterization and Shape Memory Response of Ni-Rich NiTiHf and NiTiZr High Temperature Shape Memory Alloys,2014.0,50.3,34.7,7.018,Ni50.3Ti34.7Hf15.0 %,15.0
A. Evirgen,Materials Science and Engineering,Microstructural Characterization and Shape Memory Response of Ni-Rich NiTiHf and NiTiZr High Temperature Shape Memory Alloys,2014.0,50.3,34.7,7.018,Ni50.3Ti34.7Hf15.0 %,15.0
A. Evirgen,Materials Science and Engineering,Microstructural Characterization and Shape Memory Response of Ni-Rich NiTiHf and NiTiZr High Temperature Shape Memory Alloys,2014.0,50.3,34.7,7.018,Ni50.3Ti34.7Hf15.0 %,15.0
A. Evirgen,Materials Science and Engineering,Microstructural Characterization and Shape Memory Response of Ni-Rich NiTiHf and NiTiZr High Temperature Shape Memory Alloys,2014.0,50.3,34.7,7.018,Ni50.3Ti34.7Hf15.0 %,15.0
A. Evirgen,Materials Science and Engineering,Microstructural Characterization and Shape Memory Response of Ni-Rich NiTiHf and NiTiZr High Temperature Shape Memory Alloys,2014.0,50.3,29.7,7.018,Ni50.3Ti29.7Hf20.0 %,20.0
A. Evirgen,Materials Science and Engineering,Microstructural Characterization and Shape Memory Response of Ni-Rich NiTiHf and NiTiZr High Temperature Shape Memory Alloys,2014.0,50.3,29.7,7.018,Ni50.3Ti29.7Hf20.0 %,20.0
A. Evirgen,Materials Science and Engineering,Microstructural Characterization and Shape Memory Response of Ni-Rich NiTiHf and NiTiZr High Temperature Shape Memory Alloys,2014.0,50.3,29.7,7.018,Ni50.3Ti29.7Hf20.0 %,20.0
A. Evirgen,Materials Science and Engineering,Microstructural Characterization and Shape Memory Response of Ni-Rich NiTiHf and NiTiZr High Temperature Shape Memory Alloys,2014.0,50.3,29.7,7.018,Ni50.3Ti29.7Hf20.0 %,20.0
A. Evirgen,Materials Science and Engineering,Microstructural Characterization and Shape Memory Response of Ni-Rich NiTiHf and NiTiZr High Temperature Shape Memory Alloys,2014.0,50.3,29.7,7.018,Ni50.3Ti29.7Hf20.0 %,20.0
A. Evirgen,Materials Science and Engineering,Microstructural Characterization and Shape Memory Response of Ni-Rich NiTiHf and NiTiZr High Temperature Shape Memory Alloys,2014.0,50.3,29.7,7.018,Ni50.3Ti29.7Hf20.0 %,20.0
A. Evirgen,Materials Science and Engineering,Microstructural Characterization and Shape Memory Response of Ni-Rich NiTiHf and NiTiZr High Temperature Shape Memory Alloys,2014.0,50.3,29.7,7.018,Ni50.3Ti29.7Hf20.0 %,20.0
A. Evirgen,Materials Science and Engineering,Microstructural Characterization and Shape Memory Response of Ni-Rich NiTiHf and NiTiZr High Temperature Shape Memory Alloys,2014.0,50.3,29.7,7.018,Ni50.3Ti29.7Hf20.0 %,20.0
A. Evirgen,Materials Science and Engineering,Microstructural Characterization and Shape Memory Response of Ni-Rich NiTiHf and NiTiZr High Temperature Shape Memory Alloys,2014.0,50.3,29.7,7.018,Ni50.3Ti29.7Hf20.0 %,20.0
A. Evirgen,Materials Science and Engineering,Microstructural Characterization and Shape Memory Response of Ni-Rich NiTiHf and NiTiZr High Temperature Shape Memory Alloys,2014.0,50.3,29.7,7.018,Ni50.3Ti29.7Hf20.0 %,20.0
A. Evirgen,Materials Science and Engineering,Microstructural Characterization and Shape Memory Response of Ni-Rich NiTiHf and NiTiZr High Temperature Shape Memory Alloys,2014.0,50.3,29.7,7.018,Ni50.3Ti29.7Hf20.0 %,20.0
A. Evirgen,Materials Science and Engineering,Microstructural Characterization and Shape Memory Response of Ni-Rich NiTiHf and NiTiZr High Temperature Shape Memory Alloys,2014.0,50.3,29.7,7.018,Ni50.3Ti29.7Hf20.0 %,20.0
A. Evirgen,Materials Science and Engineering,Microstructural Characterization and Shape Memory Response of Ni-Rich NiTiHf and NiTiZr High Temperature Shape Memory Alloys,2014.0,50.3,29.7,7.018,Ni50.3Ti29.7Hf20.0 %,20.0
A. Evirgen,Materials Science and Engineering,Microstructural Characterization and Shape Memory Response of Ni-Rich NiTiHf and NiTiZr High Temperature Shape Memory Alloys,2014.0,50.3,29.7,7.018,Ni50.3Ti29.7Hf20.0 %,20.0
A. Evirgen,Materials Science and Engineering,Microstructural Characterization and Shape Memory Response of Ni-Rich NiTiHf and NiTiZr High Temperature Shape Memory Alloys,2014.0,50.3,29.7,7.018,Ni50.3Ti29.7Hf20.0 %,20.0
A. Evirgen,Materials Science and Engineering,Microstructural Characterization and Shape Memory Response of Ni-Rich NiTiHf and NiTiZr High Temperature Shape Memory Alloys,2014.0,50.3,29.7,7.018,Ni50.3Ti29.7Hf20.0 %,20.0
A. Evirgen,Materials Science and Engineering,Microstructural Characterization and Shape Memory Response of Ni-Rich NiTiHf and NiTiZr High Temperature Shape Memory Alloys,2014.0,50.3,29.7,7.018,Ni50.3Ti29.7Hf20.0 %,20.0
A. Evirgen,Materials Science and Engineering,Microstructural Characterization and Shape Memory Response of Ni-Rich NiTiHf and NiTiZr High Temperature Shape Memory Alloys,2014.0,50.3,29.7,7.018,Ni50.3Ti29.7Hf20.0 %,20.0
A. Evirgen,Materials Science and Engineering,Microstructural Characterization and Shape Memory Response of Ni-Rich NiTiHf and NiTiZr High Temperature Shape Memory Alloys,2014.0,50.3,29.7,7.018,Ni50.3Ti29.7Hf20.0 %,20.0
A. Evirgen,Materials Science and Engineering,Microstructural Characterization and Shape Memory Response of Ni-Rich NiTiHf and NiTiZr High Temperature Shape Memory Alloys,2014.0,50.3,29.7,7.018,Ni50.3Ti29.7Hf20.0 %,20.0
A. Evirgen,Materials Science and Engineering,Microstructural Characterization and Shape Memory Response of Ni-Rich NiTiHf and NiTiZr High Temperature Shape Memory Alloys,2014.0,50.3,29.7,7.018,Ni50.3Ti29.7Hf20.0 %,20.0
A. Evirgen,Materials Science and Engineering,Microstructural Characterization and Shape Memory Response of Ni-Rich NiTiHf and NiTiZr High Temperature Shape Memory Alloys,2014.0,50.3,29.7,7.018,Ni50.3Ti29.7Hf20.0 %,20.0
A. Evirgen,Materials Science and Engineering,Microstructural Characterization and Shape Memory Response of Ni-Rich NiTiHf and NiTiZr High Temperature Shape Memory Alloys,2014.0,50.3,29.7,7.018,Ni50.3Ti29.7Hf20.0 %,20.0
A. Evirgen,Materials Science and Engineering,Microstructural Characterization and Shape Memory Response of Ni-Rich NiTiHf and NiTiZr High Temperature Shape Memory Alloys,2014.0,50.3,29.7,7.018,Ni50.3Ti29.7Hf20.0 %,20.0
J. S. Owusu-Danquah and A. F. Saleeb,Journal of Alloys and Compounds,On the modeling of the effect of processing and heat treatment on actuation behaviors of high temperature ternary and quaternary shape memory alloys,2017.0,50.3,29.7,7.018,Ni50.3Ti29.7Hf20.0 %,20.0
J. K. Joy; A. Solomou; T. Baxevanis and D. C. Lagoudas,International Society for Optical Engineering,Predicting the constitutive response of precipitation hardened NiTiHf,2017.0,50.3,29.7,7.018,Ni50.3Ti29.7Hf20.0 %,20.0
A. Evirgen; I. Karaman; R. Santamarta; J. Pons; C. Hayrettin and R. D. Noebe,Acta Materialia,Relationship between crystallographic compatibility and thermal hysteresis in Ni-rich NiTiHf and NiTiZr high temperature shape memory alloys,2016.0,50.3,29.7,7.018,Ni50.3Ti29.7Hf20.0 %,20.0
L. Casalena; J. M. Sosa; D. R. Coughlin; F. Yang; X. Chen; H. Paranjape; Y. Gao; R. D. Noebe; G. S. Bigelow; D. Gaydosh; S. A. P. II; Y. Wang; P. M. Anderson and M. J. Mills,Microscopy and Microanalysis,Revealing Transformation and Deformation Mechanisms in NiTiHf and NiTiAu High Temperature Shape Memory Alloys Through Microstructural Investigations,2016.0,50.3,29.7,7.018,Ni50.3Ti29.7Hf20.0 %,20.0
O. Karakoc; C. Hayrettin; D. Canadinc and I. Karaman,Acta Materialia,Role of applied stress level on the actuation fatigue behavior of NiTiHf high temperature shape memory alloys,2018.0,50.3,29.7,7.018,Ni50.3Ti29.7Hf20.0 %,20.0
O. Karakoc; C. Hayrettin; D. Canadinc and I. Karaman,Acta Materialia,Role of applied stress level on the actuation fatigue behavior of NiTiHf high temperature shape memory alloys,2018.0,50.3,29.7,7.018,Ni50.3Ti29.7Hf20.0 %,20.0
O. Karakoc; C. Hayrettin; D. Canadinc and I. Karaman,Acta Materialia,Role of applied stress level on the actuation fatigue behavior of NiTiHf high temperature shape memory alloys,2018.0,50.3,29.7,7.018,Ni50.3Ti29.7Hf20.0 %,20.0
O. Karakoc; C. Hayrettin; D. Canadinc and I. Karaman,Acta Materialia,Role of applied stress level on the actuation fatigue behavior of NiTiHf high temperature shape memory alloys,2018.0,50.3,29.7,7.018,Ni50.3Ti29.7Hf20.0 %,20.0
O. Karakoc; C. Hayrettin; D. Canadinc and I. Karaman,Acta Materialia,Role of applied stress level on the actuation fatigue behavior of NiTiHf high temperature shape memory alloys,2018.0,50.3,29.7,7.018,Ni50.3Ti29.7Hf20.0 %,20.0
O. Karakoc; C. Hayrettin; D. Canadinc and I. Karaman,Acta Materialia,Role of applied stress level on the actuation fatigue behavior of NiTiHf high temperature shape memory alloys,2018.0,50.3,29.7,7.018,Ni50.3Ti29.7Hf20.0 %,20.0
O. Karakoc; C. Hayrettin; D. Canadinc and I. Karaman,Acta Materialia,Role of applied stress level on the actuation fatigue behavior of NiTiHf high temperature shape memory alloys,2018.0,50.3,29.7,7.018,Ni50.3Ti29.7Hf20.0 %,20.0
O. Karakoc; C. Hayrettin; D. Canadinc and I. Karaman,Acta Materialia,Role of applied stress level on the actuation fatigue behavior of NiTiHf high temperature shape memory alloys,2018.0,50.3,29.7,7.018,Ni50.3Ti29.7Hf20.0 %,20.0
O. Karakoc; C. Hayrettin; D. Canadinc and I. Karaman,Acta Materialia,Role of applied stress level on the actuation fatigue behavior of NiTiHf high temperature shape memory alloys,2018.0,50.3,29.7,7.018,Ni50.3Ti29.7Hf20.0 %,20.0
O. Karakoc; C. Hayrettin; D. Canadinc and I. Karaman,Acta Materialia,Role of applied stress level on the actuation fatigue behavior of NiTiHf high temperature shape memory alloys,2018.0,50.3,29.7,7.018,Ni50.3Ti29.7Hf20.0 %,20.0
O. Karakoc; C. Hayrettin; D. Canadinc and I. Karaman,Acta Materialia,Role of applied stress level on the actuation fatigue behavior of NiTiHf high temperature shape memory alloys,2018.0,50.3,29.7,7.018,Ni50.3Ti29.7Hf20.0 %,20.0
O. Karakoc; C. Hayrettin; D. Canadinc and I. Karaman,Acta Materialia,Role of applied stress level on the actuation fatigue behavior of NiTiHf high temperature shape memory alloys,2018.0,50.3,29.7,7.018,Ni50.3Ti29.7Hf20.0 %,20.0
O. Karakoc; C. Hayrettin; D. Canadinc and I. Karaman,Acta Materialia,Role of applied stress level on the actuation fatigue behavior of NiTiHf high temperature shape memory alloys,2018.0,50.3,29.7,7.018,Ni50.3Ti29.7Hf20.0 %,20.0
O. Karakoc; C. Hayrettin; D. Canadinc and I. Karaman,Acta Materialia,Role of applied stress level on the actuation fatigue behavior of NiTiHf high temperature shape memory alloys,2018.0,50.3,29.7,7.018,Ni50.3Ti29.7Hf20.0 %,20.0
O. Karakoc; C. Hayrettin; D. Canadinc and I. Karaman,Acta Materialia,Role of applied stress level on the actuation fatigue behavior of NiTiHf high temperature shape memory alloys,2018.0,50.3,29.7,7.018,Ni50.3Ti29.7Hf20.0 %,20.0
O. Karakoc; C. Hayrettin; D. Canadinc and I. Karaman,Acta Materialia,Role of applied stress level on the actuation fatigue behavior of NiTiHf high temperature shape memory alloys,2018.0,50.3,29.7,7.018,Ni50.3Ti29.7Hf20.0 %,20.0
O. Karakoc; C. Hayrettin; A. Evirgen; R. Santamarta; D. Canadinc; R. W. Wheeler; S. J. Wang; D. C. Lagoudas and I. Karaman,Acta Materialia,Role of microstructure on the actuation fatigue performance of Ni-Rich NiTiHf high temperature shape memory alloys,2019.0,50.3,29.7,7.018,Ni50.3Ti29.7Hf20.0 %,20.0
O. Karakoc; C. Hayrettin; A. Evirgen; R. Santamarta; D. Canadinc; R. W. Wheeler; S. J. Wang; D. C. Lagoudas and I. Karaman,Acta Materialia,Role of microstructure on the actuation fatigue performance of Ni-Rich NiTiHf high temperature shape memory alloys,2019.0,50.3,29.7,7.018,Ni50.3Ti29.7Hf20.0 %,20.0
O. Karakoc; C. Hayrettin; A. Evirgen; R. Santamarta; D. Canadinc; R. W. Wheeler; S. J. Wang; D. C. Lagoudas and I. Karaman,Acta Materialia,Role of microstructure on the actuation fatigue performance of Ni-Rich NiTiHf high temperature shape memory alloys,2019.0,50.3,29.7,7.018,Ni50.3Ti29.7Hf20.0 %,20.0
O. Karakoc; C. Hayrettin; A. Evirgen; R. Santamarta; D. Canadinc; R. W. Wheeler; S. J. Wang; D. C. Lagoudas and I. Karaman,Acta Materialia,Role of microstructure on the actuation fatigue performance of Ni-Rich NiTiHf high temperature shape memory alloys,2019.0,50.3,29.7,7.018,Ni50.3Ti29.7Hf20.0 %,20.0
O. Karakoc; C. Hayrettin; A. Evirgen; R. Santamarta; D. Canadinc; R. W. Wheeler; S. J. Wang; D. C. Lagoudas and I. Karaman,Acta Materialia,Role of microstructure on the actuation fatigue performance of Ni-Rich NiTiHf high temperature shape memory alloys,2019.0,50.3,29.7,7.018,Ni50.3Ti29.7Hf20.0 %,20.0
O. Karakoc; C. Hayrettin; A. Evirgen; R. Santamarta; D. Canadinc; R. W. Wheeler; S. J. Wang; D. C. Lagoudas and I. Karaman,Acta Materialia,Role of microstructure on the actuation fatigue performance of Ni-Rich NiTiHf high temperature shape memory alloys,2019.0,50.3,29.7,7.018,Ni50.3Ti29.7Hf20.0 %,20.0
O. Karakoc; C. Hayrettin; A. Evirgen; R. Santamarta; D. Canadinc; R. W. Wheeler; S. J. Wang; D. C. Lagoudas and I. Karaman,Acta Materialia,Role of microstructure on the actuation fatigue performance of Ni-Rich NiTiHf high temperature shape memory alloys,2019.0,50.3,29.7,7.018,Ni50.3Ti29.7Hf20.0 %,20.0
O. Karakoc; C. Hayrettin; A. Evirgen; R. Santamarta; D. Canadinc; R. W. Wheeler; S. J. Wang; D. C. Lagoudas and I. Karaman,Acta Materialia,Role of microstructure on the actuation fatigue performance of Ni-Rich NiTiHf high temperature shape memory alloys,2019.0,50.3,29.7,7.018,Ni50.3Ti29.7Hf20.0 %,20.0
O. Karakoc; C. Hayrettin; A. Evirgen; R. Santamarta; D. Canadinc; R. W. Wheeler; S. J. Wang; D. C. Lagoudas and I. Karaman,Acta Materialia,Role of microstructure on the actuation fatigue performance of Ni-Rich NiTiHf high temperature shape memory alloys,2019.0,50.3,29.7,7.018,Ni50.3Ti29.7Hf20.0 %,20.0
O. Karakoc; C. Hayrettin; A. Evirgen; R. Santamarta; D. Canadinc; R. W. Wheeler; S. J. Wang; D. C. Lagoudas and I. Karaman,Acta Materialia,Role of microstructure on the actuation fatigue performance of Ni-Rich NiTiHf high temperature shape memory alloys,2019.0,50.3,29.7,7.018,Ni50.3Ti29.7Hf20.0 %,20.0
O. Karakoc; C. Hayrettin; A. Evirgen; R. Santamarta; D. Canadinc; R. W. Wheeler; S. J. Wang; D. C. Lagoudas and I. Karaman,Acta Materialia,Role of microstructure on the actuation fatigue performance of Ni-Rich NiTiHf high temperature shape memory alloys,2019.0,50.3,29.7,7.018,Ni50.3Ti29.7Hf20.0 %,20.0
O. Karakoc; C. Hayrettin; A. Evirgen; R. Santamarta; D. Canadinc; R. W. Wheeler; S. J. Wang; D. C. Lagoudas and I. Karaman,Acta Materialia,Role of microstructure on the actuation fatigue performance of Ni-Rich NiTiHf high temperature shape memory alloys,2019.0,50.3,29.7,7.018,Ni50.3Ti29.7Hf20.0 %,20.0
O. Karakoc; C. Hayrettin; A. Evirgen; R. Santamarta; D. Canadinc; R. W. Wheeler; S. J. Wang; D. C. Lagoudas and I. Karaman,Acta Materialia,Role of microstructure on the actuation fatigue performance of Ni-Rich NiTiHf high temperature shape memory alloys,2019.0,50.3,29.7,7.018,Ni50.3Ti29.7Hf20.0 %,20.0
O. Karakoc; C. Hayrettin; A. Evirgen; R. Santamarta; D. Canadinc; R. W. Wheeler; S. J. Wang; D. C. Lagoudas and I. Karaman,Acta Materialia,Role of microstructure on the actuation fatigue performance of Ni-Rich NiTiHf high temperature shape memory alloys,2019.0,50.3,29.7,7.018,Ni50.3Ti29.7Hf20.0 %,20.0
O. Karakoc; C. Hayrettin; A. Evirgen; R. Santamarta; D. Canadinc; R. W. Wheeler; S. J. Wang; D. C. Lagoudas and I. Karaman,Acta Materialia,Role of microstructure on the actuation fatigue performance of Ni-Rich NiTiHf high temperature shape memory alloys,2019.0,50.3,29.7,7.018,Ni50.3Ti29.7Hf20.0 %,20.0
O. Karakoc; C. Hayrettin; A. Evirgen; R. Santamarta; D. Canadinc; R. W. Wheeler; S. J. Wang; D. C. Lagoudas and I. Karaman,Acta Materialia,Role of microstructure on the actuation fatigue performance of Ni-Rich NiTiHf high temperature shape memory alloys,2019.0,50.3,29.7,7.018,Ni50.3Ti29.7Hf20.0 %,20.0
O. Karakoc; C. Hayrettin; A. Evirgen; R. Santamarta; D. Canadinc; R. W. Wheeler; S. J. Wang; D. C. Lagoudas and I. Karaman,Acta Materialia,Role of microstructure on the actuation fatigue performance of Ni-Rich NiTiHf high temperature shape memory alloys,2019.0,50.3,29.7,7.018,Ni50.3Ti29.7Hf20.0 %,20.0
O. Karakoc; C. Hayrettin; A. Evirgen; R. Santamarta; D. Canadinc; R. W. Wheeler; S. J. Wang; D. C. Lagoudas and I. Karaman,Acta Materialia,Role of microstructure on the actuation fatigue performance of Ni-Rich NiTiHf high temperature shape memory alloys,2019.0,50.3,29.7,7.018,Ni50.3Ti29.7Hf20.0 %,20.0
O. Karakoc; C. Hayrettin; A. Evirgen; R. Santamarta; D. Canadinc; R. W. Wheeler; S. J. Wang; D. C. Lagoudas and I. Karaman,Acta Materialia,Role of microstructure on the actuation fatigue performance of Ni-Rich NiTiHf high temperature shape memory alloys,2019.0,50.3,29.7,7.018,Ni50.3Ti29.7Hf20.0 %,20.0
O. Karakoc; C. Hayrettin; A. Evirgen; R. Santamarta; D. Canadinc; R. W. Wheeler; S. J. Wang; D. C. Lagoudas and I. Karaman,Acta Materialia,Role of microstructure on the actuation fatigue performance of Ni-Rich NiTiHf high temperature shape memory alloys,2019.0,50.3,29.7,7.018,Ni50.3Ti29.7Hf20.0 %,20.0
O. Karakoc; C. Hayrettin; A. Evirgen; R. Santamarta; D. Canadinc; R. W. Wheeler; S. J. Wang; D. C. Lagoudas and I. Karaman,Acta Materialia,Role of microstructure on the actuation fatigue performance of Ni-Rich NiTiHf high temperature shape memory alloys,2019.0,50.3,29.7,7.018,Ni50.3Ti29.7Hf20.0 %,20.0
O. Karakoc; C. Hayrettin; A. Evirgen; R. Santamarta; D. Canadinc; R. W. Wheeler; S. J. Wang; D. C. Lagoudas and I. Karaman,Acta Materialia,Role of microstructure on the actuation fatigue performance of Ni-Rich NiTiHf high temperature shape memory alloys,2019.0,50.3,29.7,7.018,Ni50.3Ti29.7Hf20.0 %,20.0
O. Karakoc; C. Hayrettin; A. Evirgen; R. Santamarta; D. Canadinc; R. W. Wheeler; S. J. Wang; D. C. Lagoudas and I. Karaman,Acta Materialia,Role of microstructure on the actuation fatigue performance of Ni-Rich NiTiHf high temperature shape memory alloys,2019.0,50.3,29.7,7.018,Ni50.3Ti29.7Hf20.0 %,20.0
O. Karakoc; C. Hayrettin; A. Evirgen; R. Santamarta; D. Canadinc; R. W. Wheeler; S. J. Wang; D. C. Lagoudas and I. Karaman,Acta Materialia,Role of microstructure on the actuation fatigue performance of Ni-Rich NiTiHf high temperature shape memory alloys,2019.0,50.3,29.7,7.018,Ni50.3Ti29.7Hf20.0 %,20.0
O. Karakoc; C. Hayrettin; A. Evirgen; R. Santamarta; D. Canadinc; R. W. Wheeler; S. J. Wang; D. C. Lagoudas and I. Karaman,Acta Materialia,Role of microstructure on the actuation fatigue performance of Ni-Rich NiTiHf high temperature shape memory alloys,2019.0,50.3,29.7,7.018,Ni50.3Ti29.7Hf20.0 %,20.0
O. Karakoc; C. Hayrettin; A. Evirgen; R. Santamarta; D. Canadinc; R. W. Wheeler; S. J. Wang; D. C. Lagoudas and I. Karaman,Acta Materialia,Role of microstructure on the actuation fatigue performance of Ni-Rich NiTiHf high temperature shape memory alloys,2019.0,50.3,29.7,7.018,Ni50.3Ti29.7Hf20.0 %,20.0
O. Karakoc; C. Hayrettin; A. Evirgen; R. Santamarta; D. Canadinc; R. W. Wheeler; S. J. Wang; D. C. Lagoudas and I. Karaman,Acta Materialia,Role of microstructure on the actuation fatigue performance of Ni-Rich NiTiHf high temperature shape memory alloys,2019.0,50.3,29.7,7.018,Ni50.3Ti29.7Hf20.0 %,20.0
O. Karakoc; C. Hayrettin; A. Evirgen; R. Santamarta; D. Canadinc; R. W. Wheeler; S. J. Wang; D. C. Lagoudas and I. Karaman,Acta Materialia,Role of microstructure on the actuation fatigue performance of Ni-Rich NiTiHf high temperature shape memory alloys,2019.0,50.3,29.7,7.018,Ni50.3Ti29.7Hf20.0 %,20.0
S. M. Saghaian,Mechanical Engineering,Shape memory behavior of single crystal and polycrystalline Ni-rich NiTiHf high temperature shape memory alloys,2015.0,50.3,29.7,7.018,Ni50.3Ti29.7Hf20.0 %,20.0
S. M. Saghaian,Mechanical Engineering,Shape memory behavior of single crystal and polycrystalline Ni-rich NiTiHf high temperature shape memory alloys,2015.0,50.3,29.7,7.018,Ni50.3Ti29.7Hf20.0 %,20.0
S. M. Saghaian,Mechanical Engineering,Shape memory behavior of single crystal and polycrystalline Ni-rich NiTiHf high temperature shape memory alloys,2015.0,50.3,29.7,7.018,Ni50.3Ti29.7Hf20.0 %,20.0
S. M. Saghaian,Mechanical Engineering,Shape memory behavior of single crystal and polycrystalline Ni-rich NiTiHf high temperature shape memory alloys,2015.0,50.3,29.7,7.018,Ni50.3Ti29.7Hf20.0 %,20.0
S. M. Saghaian,Mechanical Engineering,Shape memory behavior of single crystal and polycrystalline Ni-rich NiTiHf high temperature shape memory alloys,2015.0,50.3,29.7,7.018,Ni50.3Ti29.7Hf20.0 %,20.0
S. M. Saghaian,Mechanical Engineering,Shape memory behavior of single crystal and polycrystalline Ni-rich NiTiHf high temperature shape memory alloys,2015.0,50.3,29.7,7.018,Ni50.3Ti29.7Hf20.0 %,20.0
S. M. Saghaian,Mechanical Engineering,Shape memory behavior of single crystal and polycrystalline Ni-rich NiTiHf high temperature shape memory alloys,2015.0,50.3,29.7,7.018,Ni50.3Ti29.7Hf20.0 %,20.0
S. M. Saghaian,Mechanical Engineering,Shape memory behavior of single crystal and polycrystalline Ni-rich NiTiHf high temperature shape memory alloys,2015.0,50.3,29.7,7.018,Ni50.3Ti29.7Hf20.0 %,20.0
S. M. Saghaian,Mechanical Engineering,Shape memory behavior of single crystal and polycrystalline Ni-rich NiTiHf high temperature shape memory alloys,2015.0,50.3,29.7,7.018,Ni50.3Ti29.7Hf20.0 %,20.0
S. M. Saghaian,Mechanical Engineering,Shape memory behavior of single crystal and polycrystalline Ni-rich NiTiHf high temperature shape memory alloys,2015.0,50.3,29.7,7.018,Ni50.3Ti29.7Hf20.0 %,20.0
S. M. Saghaian,Mechanical Engineering,Shape memory behavior of single crystal and polycrystalline Ni-rich NiTiHf high temperature shape memory alloys,2015.0,50.3,29.7,7.018,Ni50.3Ti29.7Hf20.0 %,20.0
S. M. Saghaian,Mechanical Engineering,Shape memory behavior of single crystal and polycrystalline Ni-rich NiTiHf high temperature shape memory alloys,2015.0,50.3,29.7,7.018,Ni50.3Ti29.7Hf20.0 %,20.0
S. M. Saghaian,Mechanical Engineering,Shape memory behavior of single crystal and polycrystalline Ni-rich NiTiHf high temperature shape memory alloys,2015.0,50.3,29.7,7.018,Ni50.3Ti29.7Hf20.0 %,20.0
S. M. Saghaian,Mechanical Engineering,Shape memory behavior of single crystal and polycrystalline Ni-rich NiTiHf high temperature shape memory alloys,2015.0,50.3,29.7,7.018,Ni50.3Ti29.7Hf20.0 %,20.0
S. M. Saghaian,Mechanical Engineering,Shape memory behavior of single crystal and polycrystalline Ni-rich NiTiHf high temperature shape memory alloys,2015.0,50.3,29.7,7.018,Ni50.3Ti29.7Hf20.0 %,20.0
S. M. Saghaian,Mechanical Engineering,Shape memory behavior of single crystal and polycrystalline Ni-rich NiTiHf high temperature shape memory alloys,2015.0,50.3,29.7,7.018,Ni50.3Ti29.7Hf20.0 %,20.0
S. M. Saghaian,Mechanical Engineering,Shape memory behavior of single crystal and polycrystalline Ni-rich NiTiHf high temperature shape memory alloys,2015.0,50.3,29.7,7.018,Ni50.3Ti29.7Hf20.0 %,20.0
S. M. Saghaian,Mechanical Engineering,Shape memory behavior of single crystal and polycrystalline Ni-rich NiTiHf high temperature shape memory alloys,2015.0,50.3,29.7,7.018,Ni50.3Ti29.7Hf20.0 %,20.0
S. M. Saghaian,Mechanical Engineering,Shape memory behavior of single crystal and polycrystalline Ni-rich NiTiHf high temperature shape memory alloys,2015.0,50.3,29.7,7.018,Ni50.3Ti29.7Hf20.0 %,20.0
S. M. Saghaian,Mechanical Engineering,Shape memory behavior of single crystal and polycrystalline Ni-rich NiTiHf high temperature shape memory alloys,2015.0,50.3,29.7,7.018,Ni50.3Ti29.7Hf20.0 %,20.0
S. M. Saghaian,Mechanical Engineering,Shape memory behavior of single crystal and polycrystalline Ni-rich NiTiHf high temperature shape memory alloys,2015.0,50.3,29.7,7.018,Ni50.3Ti29.7Hf20.0 %,20.0
S. M. Saghaian,Mechanical Engineering,Shape memory behavior of single crystal and polycrystalline Ni-rich NiTiHf high temperature shape memory alloys,2015.0,50.3,29.7,7.018,Ni50.3Ti29.7Hf20.0 %,20.0
S. M. Saghaian,Mechanical Engineering,Shape memory behavior of single crystal and polycrystalline Ni-rich NiTiHf high temperature shape memory alloys,2015.0,50.3,29.7,7.018,Ni50.3Ti29.7Hf20.0 %,20.0
S. M. Saghaian,Mechanical Engineering,Shape memory behavior of single crystal and polycrystalline Ni-rich NiTiHf high temperature shape memory alloys,2015.0,50.3,29.7,7.018,Ni50.3Ti29.7Hf20.0 %,20.0
S. M. Saghaian,Mechanical Engineering,Shape memory behavior of single crystal and polycrystalline Ni-rich NiTiHf high temperature shape memory alloys,2015.0,50.3,29.7,7.018,Ni50.3Ti29.7Hf20.0 %,20.0
S. M. Saghaian,Mechanical Engineering,Shape memory behavior of single crystal and polycrystalline Ni-rich NiTiHf high temperature shape memory alloys,2015.0,50.3,29.7,7.018,Ni50.3Ti29.7Hf20.0 %,20.0
S. M. Saghaian,Mechanical Engineering,Shape memory behavior of single crystal and polycrystalline Ni-rich NiTiHf high temperature shape memory alloys,2015.0,50.3,29.7,7.018,Ni50.3Ti29.7Hf20.0 %,20.0
S. M. Saghaian,Mechanical Engineering,Shape memory behavior of single crystal and polycrystalline Ni-rich NiTiHf high temperature shape memory alloys,2015.0,50.3,29.7,7.018,Ni50.3Ti29.7Hf20.0 %,20.0
S. M. Saghaian,Mechanical Engineering,Shape memory behavior of single crystal and polycrystalline Ni-rich NiTiHf high temperature shape memory alloys,2015.0,50.3,29.7,7.018,Ni50.3Ti29.7Hf20.0 %,20.0
S. M. Saghaian,Mechanical Engineering,Shape memory behavior of single crystal and polycrystalline Ni-rich NiTiHf high temperature shape memory alloys,2015.0,50.3,29.7,7.018,Ni50.3Ti29.7Hf20.0 %,20.0
S. M. Saghaian,Mechanical Engineering,Shape memory behavior of single crystal and polycrystalline Ni-rich NiTiHf high temperature shape memory alloys,2015.0,50.3,29.7,7.018,Ni50.3Ti29.7Hf20.0 %,20.0
S. M. Saghaian,Mechanical Engineering,Shape memory behavior of single crystal and polycrystalline Ni-rich NiTiHf high temperature shape memory alloys,2015.0,50.3,29.7,7.018,Ni50.3Ti29.7Hf20.0 %,20.0
S. M. Saghaian,Mechanical Engineering,Shape memory behavior of single crystal and polycrystalline Ni-rich NiTiHf high temperature shape memory alloys,2015.0,50.3,29.7,7.018,Ni50.3Ti29.7Hf20.0 %,20.0
S. M. Saghaian,Mechanical Engineering,Shape memory behavior of single crystal and polycrystalline Ni-rich NiTiHf high temperature shape memory alloys,2015.0,50.3,29.7,7.018,Ni50.3Ti29.7Hf20.0 %,20.0
S. M. Saghaian,Mechanical Engineering,Shape memory behavior of single crystal and polycrystalline Ni-rich NiTiHf high temperature shape memory alloys,2015.0,50.3,29.7,7.018,Ni50.3Ti29.7Hf20.0 %,20.0
S. M. Saghaian,Mechanical Engineering,Shape memory behavior of single crystal and polycrystalline Ni-rich NiTiHf high temperature shape memory alloys,2015.0,50.3,29.7,7.018,Ni50.3Ti29.7Hf20.0 %,20.0
S. M. Saghaian,Mechanical Engineering,Shape memory behavior of single crystal and polycrystalline Ni-rich NiTiHf high temperature shape memory alloys,2015.0,50.3,29.7,7.018,Ni50.3Ti29.7Hf20.0 %,20.0
S. M. Saghaian,Mechanical Engineering,Shape memory behavior of single crystal and polycrystalline Ni-rich NiTiHf high temperature shape memory alloys,2015.0,50.3,29.7,7.018,Ni50.3Ti29.7Hf20.0 %,20.0
S. M. Saghaian,Mechanical Engineering,Shape memory behavior of single crystal and polycrystalline Ni-rich NiTiHf high temperature shape memory alloys,2015.0,50.3,29.7,7.018,Ni50.3Ti29.7Hf20.0 %,20.0
S. M. Saghaian,Mechanical Engineering,Shape memory behavior of single crystal and polycrystalline Ni-rich NiTiHf high temperature shape memory alloys,2015.0,50.3,29.7,7.018,Ni50.3Ti29.7Hf20.0 %,20.0
S. M. Saghaian,Mechanical Engineering,Shape memory behavior of single crystal and polycrystalline Ni-rich NiTiHf high temperature shape memory alloys,2015.0,50.3,29.7,7.018,Ni50.3Ti29.7Hf20.0 %,20.0
S. M. Saghaian,Mechanical Engineering,Shape memory behavior of single crystal and polycrystalline Ni-rich NiTiHf high temperature shape memory alloys,2015.0,50.3,29.7,7.018,Ni50.3Ti29.7Hf20.0 %,20.0
S. M. Saghaian,Mechanical Engineering,Shape memory behavior of single crystal and polycrystalline Ni-rich NiTiHf high temperature shape memory alloys,2015.0,50.3,29.7,7.018,Ni50.3Ti29.7Hf20.0 %,20.0
S. M. Saghaian,Mechanical Engineering,Shape memory behavior of single crystal and polycrystalline Ni-rich NiTiHf high temperature shape memory alloys,2015.0,50.3,29.7,7.018,Ni50.3Ti29.7Hf20.0 %,20.0
S. M. Saghaian,Mechanical Engineering,Shape memory behavior of single crystal and polycrystalline Ni-rich NiTiHf high temperature shape memory alloys,2015.0,50.3,29.7,7.018,Ni50.3Ti29.7Hf20.0 %,20.0
S. M. Saghaian,Mechanical Engineering,Shape memory behavior of single crystal and polycrystalline Ni-rich NiTiHf high temperature shape memory alloys,2015.0,50.3,29.7,7.018,Ni50.3Ti29.7Hf20.0 %,20.0
S. M. Saghaian,Mechanical Engineering,Shape memory behavior of single crystal and polycrystalline Ni-rich NiTiHf high temperature shape memory alloys,2015.0,50.3,29.7,7.018,Ni50.3Ti29.7Hf20.0 %,20.0
S. M. Saghaian,Mechanical Engineering,Shape memory behavior of single crystal and polycrystalline Ni-rich NiTiHf high temperature shape memory alloys,2015.0,50.3,29.7,7.018,Ni50.3Ti29.7Hf20.0 %,20.0
S. M. Saghaian,Mechanical Engineering,Shape memory behavior of single crystal and polycrystalline Ni-rich NiTiHf high temperature shape memory alloys,2015.0,50.3,29.7,7.018,Ni50.3Ti29.7Hf20.0 %,20.0
S. M. Saghaian,Mechanical Engineering,Shape memory behavior of single crystal and polycrystalline Ni-rich NiTiHf high temperature shape memory alloys,2015.0,50.3,29.7,7.018,Ni50.3Ti29.7Hf20.0 %,20.0
S. M. Saghaian,Mechanical Engineering,Shape memory behavior of single crystal and polycrystalline Ni-rich NiTiHf high temperature shape memory alloys,2015.0,50.3,29.7,7.018,Ni50.3Ti29.7Hf20.0 %,20.0
S. M. Saghaian,Mechanical Engineering,Shape memory behavior of single crystal and polycrystalline Ni-rich NiTiHf high temperature shape memory alloys,2015.0,50.3,29.7,7.018,Ni50.3Ti29.7Hf20.0 %,20.0
S. M. Saghaian,Mechanical Engineering,Shape memory behavior of single crystal and polycrystalline Ni-rich NiTiHf high temperature shape memory alloys,2015.0,50.3,29.7,7.018,Ni50.3Ti29.7Hf20.0 %,20.0
S. M. Saghaian,Mechanical Engineering,Shape memory behavior of single crystal and polycrystalline Ni-rich NiTiHf high temperature shape memory alloys,2015.0,50.3,29.7,7.018,Ni50.3Ti29.7Hf20.0 %,20.0
S. M. Saghaian,Mechanical Engineering,Shape memory behavior of single crystal and polycrystalline Ni-rich NiTiHf high temperature shape memory alloys,2015.0,50.3,29.7,7.018,Ni50.3Ti29.7Hf20.0 %,20.0
S. M. Saghaian,Mechanical Engineering,Shape memory behavior of single crystal and polycrystalline Ni-rich NiTiHf high temperature shape memory alloys,2015.0,50.3,29.7,7.018,Ni50.3Ti29.7Hf20.0 %,20.0
S. M. Saghaian,Mechanical Engineering,Shape memory behavior of single crystal and polycrystalline Ni-rich NiTiHf high temperature shape memory alloys,2015.0,50.3,29.7,7.018,Ni50.3Ti29.7Hf20.0 %,20.0
S. M. Saghaian,Mechanical Engineering,Shape memory behavior of single crystal and polycrystalline Ni-rich NiTiHf high temperature shape memory alloys,2015.0,50.3,29.7,7.018,Ni50.3Ti29.7Hf20.0 %,20.0
S. M. Saghaian,Mechanical Engineering,Shape memory behavior of single crystal and polycrystalline Ni-rich NiTiHf high temperature shape memory alloys,2015.0,50.3,29.7,7.018,Ni50.3Ti29.7Hf20.0 %,20.0
S. M. Saghaian,Mechanical Engineering,Shape memory behavior of single crystal and polycrystalline Ni-rich NiTiHf high temperature shape memory alloys,2015.0,50.3,29.7,7.018,Ni50.3Ti29.7Hf20.0 %,20.0
S. M. Saghaian,Mechanical Engineering,Shape memory behavior of single crystal and polycrystalline Ni-rich NiTiHf high temperature shape memory alloys,2015.0,50.3,29.7,7.018,Ni50.3Ti29.7Hf20.0 %,20.0
S. M. Saghaian,Mechanical Engineering,Shape memory behavior of single crystal and polycrystalline Ni-rich NiTiHf high temperature shape memory alloys,2015.0,50.3,29.7,7.018,Ni50.3Ti29.7Hf20.0 %,20.0
S. M. Saghaian,Mechanical Engineering,Shape memory behavior of single crystal and polycrystalline Ni-rich NiTiHf high temperature shape memory alloys,2015.0,50.3,29.7,7.018,Ni50.3Ti29.7Hf20.0 %,20.0
S. M. Saghaian,Mechanical Engineering,Shape memory behavior of single crystal and polycrystalline Ni-rich NiTiHf high temperature shape memory alloys,2015.0,50.3,29.7,7.018,Ni50.3Ti29.7Hf20.0 %,20.0
S. M. Saghaian,Mechanical Engineering,Shape memory behavior of single crystal and polycrystalline Ni-rich NiTiHf high temperature shape memory alloys,2015.0,50.3,29.7,7.018,Ni50.3Ti29.7Hf20.0 %,20.0
S. M. Saghaian,Mechanical Engineering,Shape memory behavior of single crystal and polycrystalline Ni-rich NiTiHf high temperature shape memory alloys,2015.0,50.3,29.7,7.018,Ni50.3Ti29.7Hf20.0 %,20.0
S. M. Saghaian,Mechanical Engineering,Shape memory behavior of single crystal and polycrystalline Ni-rich NiTiHf high temperature shape memory alloys,2015.0,50.3,29.7,7.018,Ni50.3Ti29.7Hf20.0 %,20.0
S. M. Saghaian,Mechanical Engineering,Shape memory behavior of single crystal and polycrystalline Ni-rich NiTiHf high temperature shape memory alloys,2015.0,50.3,29.7,7.018,Ni50.3Ti29.7Hf20.0 %,20.0
S. M. Saghaian,Mechanical Engineering,Shape memory behavior of single crystal and polycrystalline Ni-rich NiTiHf high temperature shape memory alloys,2015.0,50.3,29.7,7.018,Ni50.3Ti29.7Hf20.0 %,20.0
S. M. Saghaian,Mechanical Engineering,Shape memory behavior of single crystal and polycrystalline Ni-rich NiTiHf high temperature shape memory alloys,2015.0,50.3,29.7,7.018,Ni50.3Ti29.7Hf20.0 %,20.0
S. M. Saghaian,Mechanical Engineering,Shape memory behavior of single crystal and polycrystalline Ni-rich NiTiHf high temperature shape memory alloys,2015.0,50.3,29.7,7.018,Ni50.3Ti29.7Hf20.0 %,20.0
S. M. Saghaian,Mechanical Engineering,Shape memory behavior of single crystal and polycrystalline Ni-rich NiTiHf high temperature shape memory alloys,2015.0,50.3,29.7,7.018,Ni50.3Ti29.7Hf20.0 %,20.0
S. M. Saghaian,Mechanical Engineering,Shape memory behavior of single crystal and polycrystalline Ni-rich NiTiHf high temperature shape memory alloys,2015.0,50.3,29.7,7.018,Ni50.3Ti29.7Hf20.0 %,20.0
S. M. Saghaian,Mechanical Engineering,Shape memory behavior of single crystal and polycrystalline Ni-rich NiTiHf high temperature shape memory alloys,2015.0,50.3,29.7,7.018,Ni50.3Ti29.7Hf20.0 %,20.0
S. M. Saghaian,Mechanical Engineering,Shape memory behavior of single crystal and polycrystalline Ni-rich NiTiHf high temperature shape memory alloys,2015.0,50.3,29.7,7.018,Ni50.3Ti29.7Hf20.0 %,20.0
S. M. Saghaian,Mechanical Engineering,Shape memory behavior of single crystal and polycrystalline Ni-rich NiTiHf high temperature shape memory alloys,2015.0,50.3,29.7,7.018,Ni50.3Ti29.7Hf20.0 %,20.0
S. M. Saghaian,Mechanical Engineering,Shape memory behavior of single crystal and polycrystalline Ni-rich NiTiHf high temperature shape memory alloys,2015.0,50.3,29.7,7.018,Ni50.3Ti29.7Hf20.0 %,20.0
S. M. Saghaian,Mechanical Engineering,Shape memory behavior of single crystal and polycrystalline Ni-rich NiTiHf high temperature shape memory alloys,2015.0,50.3,29.7,7.018,Ni50.3Ti29.7Hf20.0 %,20.0
S. M. Saghaian,Mechanical Engineering,Shape memory behavior of single crystal and polycrystalline Ni-rich NiTiHf high temperature shape memory alloys,2015.0,50.3,29.7,7.018,Ni50.3Ti29.7Hf20.0 %,20.0
S. M. Saghaian,Mechanical Engineering,Shape memory behavior of single crystal and polycrystalline Ni-rich NiTiHf high temperature shape memory alloys,2015.0,50.3,29.7,7.018,Ni50.3Ti29.7Hf20.0 %,20.0
S. M. Saghaian,Mechanical Engineering,Shape memory behavior of single crystal and polycrystalline Ni-rich NiTiHf high temperature shape memory alloys,2015.0,50.3,29.7,7.018,Ni50.3Ti29.7Hf20.0 %,20.0
S. M. Saghaian,Mechanical Engineering,Shape memory behavior of single crystal and polycrystalline Ni-rich NiTiHf high temperature shape memory alloys,2015.0,50.3,29.7,7.018,Ni50.3Ti29.7Hf20.0 %,20.0
S. M. Saghaian,Mechanical Engineering,Shape memory behavior of single crystal and polycrystalline Ni-rich NiTiHf high temperature shape memory alloys,2015.0,50.3,29.7,7.018,Ni50.3Ti29.7Hf20.0 %,20.0
S. M. Saghaian,Mechanical Engineering,Shape memory behavior of single crystal and polycrystalline Ni-rich NiTiHf high temperature shape memory alloys,2015.0,50.3,29.7,7.018,Ni50.3Ti29.7Hf20.0 %,20.0
S. M. Saghaian,Mechanical Engineering,Shape memory behavior of single crystal and polycrystalline Ni-rich NiTiHf high temperature shape memory alloys,2015.0,50.3,29.7,7.018,Ni50.3Ti29.7Hf20.0 %,20.0
S. M. Saghaian,Mechanical Engineering,Shape memory behavior of single crystal and polycrystalline Ni-rich NiTiHf high temperature shape memory alloys,2015.0,50.3,29.7,7.018,Ni50.3Ti29.7Hf20.0 %,20.0
S. M. Saghaian,Mechanical Engineering,Shape memory behavior of single crystal and polycrystalline Ni-rich NiTiHf high temperature shape memory alloys,2015.0,50.3,29.7,7.018,Ni50.3Ti29.7Hf20.0 %,20.0
S. M. Saghaian,Mechanical Engineering,Shape memory behavior of single crystal and polycrystalline Ni-rich NiTiHf high temperature shape memory alloys,2015.0,50.3,29.7,7.018,Ni50.3Ti29.7Hf20.0 %,20.0
S. M. Saghaian,Mechanical Engineering,Shape memory behavior of single crystal and polycrystalline Ni-rich NiTiHf high temperature shape memory alloys,2015.0,50.3,29.7,7.018,Ni50.3Ti29.7Hf20.0 %,20.0
S. M. Saghaian,Mechanical Engineering,Shape memory behavior of single crystal and polycrystalline Ni-rich NiTiHf high temperature shape memory alloys,2015.0,50.3,29.7,7.018,Ni50.3Ti29.7Hf20.0 %,20.0
S. M. Saghaian,Mechanical Engineering,Shape memory behavior of single crystal and polycrystalline Ni-rich NiTiHf high temperature shape memory alloys,2015.0,50.3,29.7,7.018,Ni50.3Ti29.7Hf20.0 %,20.0
S. M. Saghaian,Mechanical Engineering,Shape memory behavior of single crystal and polycrystalline Ni-rich NiTiHf high temperature shape memory alloys,2015.0,50.3,29.7,7.018,Ni50.3Ti29.7Hf20.0 %,20.0
S. M. Saghaian,Mechanical Engineering,Shape memory behavior of single crystal and polycrystalline Ni-rich NiTiHf high temperature shape memory alloys,2015.0,50.3,29.7,7.018,Ni50.3Ti29.7Hf20.0 %,20.0
S. M. Saghaian,Mechanical Engineering,Shape memory behavior of single crystal and polycrystalline Ni-rich NiTiHf high temperature shape memory alloys,2015.0,50.3,29.7,7.018,Ni50.3Ti29.7Hf20.0 %,20.0
S. M. Saghaian,Mechanical Engineering,Shape memory behavior of single crystal and polycrystalline Ni-rich NiTiHf high temperature shape memory alloys,2015.0,50.3,29.7,7.018,Ni50.3Ti29.7Hf20.0 %,20.0
S. M. Saghaian,Mechanical Engineering,Shape memory behavior of single crystal and polycrystalline Ni-rich NiTiHf high temperature shape memory alloys,2015.0,50.3,29.7,7.018,Ni50.3Ti29.7Hf20.0 %,20.0
S. M. Saghaian,Mechanical Engineering,Shape memory behavior of single crystal and polycrystalline Ni-rich NiTiHf high temperature shape memory alloys,2015.0,50.3,29.7,7.018,Ni50.3Ti29.7Hf20.0 %,20.0
S. M. Saghaian,Mechanical Engineering,Shape memory behavior of single crystal and polycrystalline Ni-rich NiTiHf high temperature shape memory alloys,2015.0,50.3,29.7,7.018,Ni50.3Ti29.7Hf20.0 %,20.0
S. M. Saghaian,Mechanical Engineering,Shape memory behavior of single crystal and polycrystalline Ni-rich NiTiHf high temperature shape memory alloys,2015.0,50.3,29.7,7.018,Ni50.3Ti29.7Hf20.0 %,20.0
S. M. Saghaian,Mechanical Engineering,Shape memory behavior of single crystal and polycrystalline Ni-rich NiTiHf high temperature shape memory alloys,2015.0,50.3,29.7,7.018,Ni50.3Ti29.7Hf20.0 %,20.0
S. M. Saghaian,Mechanical Engineering,Shape memory behavior of single crystal and polycrystalline Ni-rich NiTiHf high temperature shape memory alloys,2015.0,50.3,29.7,7.018,Ni50.3Ti29.7Hf20.0 %,20.0
S. M. Saghaian,Mechanical Engineering,Shape memory behavior of single crystal and polycrystalline Ni-rich NiTiHf high temperature shape memory alloys,2015.0,50.3,29.7,7.018,Ni50.3Ti29.7Hf20.0 %,20.0
S. M. Saghaian,Mechanical Engineering,Shape memory behavior of single crystal and polycrystalline Ni-rich NiTiHf high temperature shape memory alloys,2015.0,50.3,29.7,7.018,Ni50.3Ti29.7Hf20.0 %,20.0
S. M. Saghaian,Mechanical Engineering,Shape memory behavior of single crystal and polycrystalline Ni-rich NiTiHf high temperature shape memory alloys,2015.0,50.3,29.7,7.018,Ni50.3Ti29.7Hf20.0 %,20.0
S. M. Saghaian,Mechanical Engineering,Shape memory behavior of single crystal and polycrystalline Ni-rich NiTiHf high temperature shape memory alloys,2015.0,50.3,29.7,7.018,Ni50.3Ti29.7Hf20.0 %,20.0
S. M. Saghaian,Mechanical Engineering,Shape memory behavior of single crystal and polycrystalline Ni-rich NiTiHf high temperature shape memory alloys,2015.0,50.3,29.7,7.018,Ni50.3Ti29.7Hf20.0 %,20.0
S. M. Saghaian,Mechanical Engineering,Shape memory behavior of single crystal and polycrystalline Ni-rich NiTiHf high temperature shape memory alloys,2015.0,50.3,29.7,7.018,Ni50.3Ti29.7Hf20.0 %,20.0
S. M. Saghaian,Mechanical Engineering,Shape memory behavior of single crystal and polycrystalline Ni-rich NiTiHf high temperature shape memory alloys,2015.0,50.3,29.7,7.018,Ni50.3Ti29.7Hf20.0 %,20.0
S. M. Saghaian,Mechanical Engineering,Shape memory behavior of single crystal and polycrystalline Ni-rich NiTiHf high temperature shape memory alloys,2015.0,50.3,29.7,7.018,Ni50.3Ti29.7Hf20.0 %,20.0
S. M. Saghaian,Mechanical Engineering,Shape memory behavior of single crystal and polycrystalline Ni-rich NiTiHf high temperature shape memory alloys,2015.0,50.3,29.7,7.018,Ni50.3Ti29.7Hf20.0 %,20.0
S. M. Saghaian,Mechanical Engineering,Shape memory behavior of single crystal and polycrystalline Ni-rich NiTiHf high temperature shape memory alloys,2015.0,50.3,29.7,7.018,Ni50.3Ti29.7Hf20.0 %,20.0
S. M. Saghaian,Mechanical Engineering,Shape memory behavior of single crystal and polycrystalline Ni-rich NiTiHf high temperature shape memory alloys,2015.0,50.3,29.7,7.018,Ni50.3Ti29.7Hf20.0 %,20.0
S. M. Saghaian,Mechanical Engineering,Shape memory behavior of single crystal and polycrystalline Ni-rich NiTiHf high temperature shape memory alloys,2015.0,50.3,29.7,7.018,Ni50.3Ti29.7Hf20.0 %,20.0
S. M. Saghaian,Mechanical Engineering,Shape memory behavior of single crystal and polycrystalline Ni-rich NiTiHf high temperature shape memory alloys,2015.0,50.3,29.7,7.018,Ni50.3Ti29.7Hf20.0 %,20.0
S. M. Saghaian,Mechanical Engineering,Shape memory behavior of single crystal and polycrystalline Ni-rich NiTiHf high temperature shape memory alloys,2015.0,50.3,29.7,7.018,Ni50.3Ti29.7Hf20.0 %,20.0
S. M. Saghaian,Mechanical Engineering,Shape memory behavior of single crystal and polycrystalline Ni-rich NiTiHf high temperature shape memory alloys,2015.0,50.3,29.7,7.018,Ni50.3Ti29.7Hf20.0 %,20.0
S. M. Saghaian,Mechanical Engineering,Shape memory behavior of single crystal and polycrystalline Ni-rich NiTiHf high temperature shape memory alloys,2015.0,50.3,29.7,7.018,Ni50.3Ti29.7Hf20.0 %,20.0
S. M. Saghaian,Mechanical Engineering,Shape memory behavior of single crystal and polycrystalline Ni-rich NiTiHf high temperature shape memory alloys,2015.0,50.3,29.7,7.018,Ni50.3Ti29.7Hf20.0 %,20.0
S. M. Saghaian,Mechanical Engineering,Shape memory behavior of single crystal and polycrystalline Ni-rich NiTiHf high temperature shape memory alloys,2015.0,50.3,29.7,7.018,Ni50.3Ti29.7Hf20.0 %,20.0
S. M. Saghaian,Mechanical Engineering,Shape memory behavior of single crystal and polycrystalline Ni-rich NiTiHf high temperature shape memory alloys,2015.0,50.3,29.7,7.018,Ni50.3Ti29.7Hf20.0 %,20.0
S. M. Saghaian,Mechanical Engineering,Shape memory behavior of single crystal and polycrystalline Ni-rich NiTiHf high temperature shape memory alloys,2015.0,50.3,29.7,7.018,Ni50.3Ti29.7Hf20.0 %,20.0
S. M. Saghaian,Mechanical Engineering,Shape memory behavior of single crystal and polycrystalline Ni-rich NiTiHf high temperature shape memory alloys,2015.0,50.3,29.7,7.018,Ni50.3Ti29.7Hf20.0 %,20.0
S. M. Saghaian,Mechanical Engineering,Shape memory behavior of single crystal and polycrystalline Ni-rich NiTiHf high temperature shape memory alloys,2015.0,50.3,29.7,7.018,Ni50.3Ti29.7Hf20.0 %,20.0
S. M. Saghaian,Mechanical Engineering,Shape memory behavior of single crystal and polycrystalline Ni-rich NiTiHf high temperature shape memory alloys,2015.0,50.3,29.7,7.018,Ni50.3Ti29.7Hf20.0 %,20.0
S. M. Saghaian,Mechanical Engineering,Shape memory behavior of single crystal and polycrystalline Ni-rich NiTiHf high temperature shape memory alloys,2015.0,50.3,29.7,7.018,Ni50.3Ti29.7Hf20.0 %,20.0
S. M. Saghaian,Mechanical Engineering,Shape memory behavior of single crystal and polycrystalline Ni-rich NiTiHf high temperature shape memory alloys,2015.0,50.3,29.7,7.018,Ni50.3Ti29.7Hf20.0 %,20.0
S. M. Saghaian,Mechanical Engineering,Shape memory behavior of single crystal and polycrystalline Ni-rich NiTiHf high temperature shape memory alloys,2015.0,50.3,29.7,7.018,Ni50.3Ti29.7Hf20.0 %,20.0
S. M. Saghaian,Mechanical Engineering,Shape memory behavior of single crystal and polycrystalline Ni-rich NiTiHf high temperature shape memory alloys,2015.0,50.3,29.7,7.018,Ni50.3Ti29.7Hf20.0 %,20.0
S. M. Saghaian,Mechanical Engineering,Shape memory behavior of single crystal and polycrystalline Ni-rich NiTiHf high temperature shape memory alloys,2015.0,50.3,29.7,7.018,Ni50.3Ti29.7Hf20.0 %,20.0
S. M. Saghaian,Mechanical Engineering,Shape memory behavior of single crystal and polycrystalline Ni-rich NiTiHf high temperature shape memory alloys,2015.0,50.3,29.7,7.018,Ni50.3Ti29.7Hf20.0 %,20.0
S. M. Saghaian,Mechanical Engineering,Shape memory behavior of single crystal and polycrystalline Ni-rich NiTiHf high temperature shape memory alloys,2015.0,50.3,29.7,7.018,Ni50.3Ti29.7Hf20.0 %,20.0
H. Sehitoglu; Y. Wu and L. Patriarca,Scripta Materialia,Shape memory functionality under multi-cycles in NiTiHf,2017.0,50.3,25.0,7.018,Ni50.3Ti25.0Hf24.7 %,24.7
H. Sehitoglu; Y. Wu and L. Patriarca,Scripta Materialia,Shape memory functionality under multi-cycles in NiTiHf,2017.0,50.3,25.0,7.018,Ni50.3Ti25.0Hf24.7 %,24.7
H. Sehitoglu; Y. Wu and L. Patriarca,Scripta Materialia,Shape memory functionality under multi-cycles in NiTiHf,2017.0,50.3,25.0,7.018,Ni50.3Ti25.0Hf24.7 %,24.7
H. Sehitoglu; Y. Wu and L. Patriarca,Scripta Materialia,Shape memory functionality under multi-cycles in NiTiHf,2017.0,50.3,25.0,7.018,Ni50.3Ti25.0Hf24.7 %,24.7
H. Sehitoglu; Y. Wu and L. Patriarca,Scripta Materialia,Shape memory functionality under multi-cycles in NiTiHf,2017.0,50.3,25.0,7.018,Ni50.3Ti25.0Hf24.7 %,24.7
H. Sehitoglu; Y. Wu and L. Patriarca,Scripta Materialia,Shape memory functionality under multi-cycles in NiTiHf,2017.0,50.3,25.0,7.018,Ni50.3Ti25.0Hf24.7 %,24.7
M. Prasher; D. Sen; B. C. Maji and M. Krishnan,AIP Conference Proceedings,Small angle x-ray scattering study of nano-scale precipitation in Ni 50.3 Ti 29.7 Hf 20 high temperature shape memory alloy,2014.0,50.3,29.7,7.018,Ni50.3Ti29.7Hf20.0 %,20.0
M. Prasher; D. Sen; B. C. Maji and M. Krishnan,AIP Conference Proceedings,Small angle x-ray scattering study of nano-scale precipitation in Ni 50.3 Ti 29.7 Hf 20 high temperature shape memory alloy,2014.0,50.3,29.7,7.018,Ni50.3Ti29.7Hf20.0 %,20.0
M. Prasher; D. Sen; B. C. Maji and M. Krishnan,AIP Conference Proceedings,Small angle x-ray scattering study of nano-scale precipitation in Ni 50.3 Ti 29.7 Hf 20 high temperature shape memory alloy,2014.0,50.3,29.7,7.018,Ni50.3Ti29.7Hf20.0 %,20.0
D.-J. Kim; Y.-W. Kim and T.-H. Nam,Journal of nanoscience and nanotechnology,Solidification Rate Dependence of Microstructures and Transformation Behavior of Ti–Ni–Hf Alloys,2018.0,50.3,29.7,7.018,Ni50.3Ti29.7Hf20.0 %,20.0
D.-J. Kim; Y.-W. Kim and T.-H. Nam,Journal of nanoscience and nanotechnology,Solidification Rate Dependence of Microstructures and Transformation Behavior of Ti–Ni–Hf Alloys,2018.0,50.3,29.7,7.018,Ni50.3Ti29.7Hf20.0 %,20.0
D.-J. Kim; Y.-W. Kim and T.-H. Nam,Journal of nanoscience and nanotechnology,Solidification Rate Dependence of Microstructures and Transformation Behavior of Ti–Ni–Hf Alloys,2018.0,50.3,29.7,7.018,Ni50.3Ti29.7Hf20.0 %,20.0
F. Yang; D. R. Coughlin; P. J. Phillips; L. Yang; A. Devaraj; L. Kovarik; R. D. Noebe and M. J. Mills,Acta Materialia,Structure analysis of a precipitate phase in an Ni-rich high-temperature NiTiHf shape memory alloy,2013.0,50.3,29.7,7.018,Ni50.3Ti29.7Hf20.0 %,20.0
R. Santamarta; R. Arróyave; J. Pons; A. Evirgen; I. Karaman; H. Karaca and R. Noebe,Acta Materialia,TEM study of structural and microstructural characteristics of a precipitate phase in Ni-rich Ni–Ti–Hf and Ni–Ti–Zr shape memory alloys,2013.0,50.3,34.7,7.018,Ni50.3Ti34.7Hf15.0 %,15.0
S. M. Saghaian; H. E. Karaca; M. Souri; A. S. Turabi and R. D. Noebe,Materials & Design,Tensile shape memory behavior of Ni50.3Ti29.7Hf20 high temperature shape memory alloys,2016.0,50.3,29.7,7.018,Ni50.3Ti29.7Hf20.0 %,20.0
S. M. Saghaian; H. E. Karaca; M. Souri; A. S. Turabi and R. D. Noebe,Materials & Design,Tensile shape memory behavior of Ni50.3Ti29.7Hf20 high temperature shape memory alloys,2016.0,50.3,29.7,7.018,Ni50.3Ti29.7Hf20.0 %,20.0
S. M. Saghaian; H. E. Karaca; M. Souri; A. S. Turabi and R. D. Noebe,Materials & Design,Tensile shape memory behavior of Ni50.3Ti29.7Hf20 high temperature shape memory alloys,2016.0,50.3,29.7,7.018,Ni50.3Ti29.7Hf20.0 %,20.0
S. M. Saghaian; H. E. Karaca; M. Souri; A. S. Turabi and R. D. Noebe,Materials & Design,Tensile shape memory behavior of Ni50.3Ti29.7Hf20 high temperature shape memory alloys,2016.0,50.3,29.7,7.018,Ni50.3Ti29.7Hf20.0 %,20.0
S. M. Saghaian; H. E. Karaca; M. Souri; A. S. Turabi and R. D. Noebe,Materials & Design,Tensile shape memory behavior of Ni50.3Ti29.7Hf20 high temperature shape memory alloys,2016.0,50.3,29.7,7.018,Ni50.3Ti29.7Hf20.0 %,20.0
S. M. Saghaian; H. E. Karaca; M. Souri; A. S. Turabi and R. D. Noebe,Materials & Design,Tensile shape memory behavior of Ni50.3Ti29.7Hf20 high temperature shape memory alloys,2016.0,50.3,29.7,7.018,Ni50.3Ti29.7Hf20.0 %,20.0
S. M. Saghaian; H. E. Karaca; M. Souri; A. S. Turabi and R. D. Noebe,Materials & Design,Tensile shape memory behavior of Ni50.3Ti29.7Hf20 high temperature shape memory alloys,2016.0,50.3,29.7,7.018,Ni50.3Ti29.7Hf20.0 %,20.0
S. M. Saghaian; H. E. Karaca; M. Souri; A. S. Turabi and R. D. Noebe,Materials & Design,Tensile shape memory behavior of Ni50.3Ti29.7Hf20 high temperature shape memory alloys,2016.0,50.3,29.7,7.018,Ni50.3Ti29.7Hf20.0 %,20.0
S. M. Saghaian; H. E. Karaca; M. Souri; A. S. Turabi and R. D. Noebe,Materials & Design,Tensile shape memory behavior of Ni50.3Ti29.7Hf20 high temperature shape memory alloys,2016.0,50.3,29.7,7.018,Ni50.3Ti29.7Hf20.0 %,20.0
S. M. Saghaian; H. E. Karaca; M. Souri; A. S. Turabi and R. D. Noebe,Materials & Design,Tensile shape memory behavior of Ni50.3Ti29.7Hf20 high temperature shape memory alloys,2016.0,50.3,29.7,7.018,Ni50.3Ti29.7Hf20.0 %,20.0
S. M. Saghaian; H. E. Karaca; M. Souri; A. S. Turabi and R. D. Noebe,Materials & Design,Tensile shape memory behavior of Ni50.3Ti29.7Hf20 high temperature shape memory alloys,2016.0,50.3,29.7,7.018,Ni50.3Ti29.7Hf20.0 %,20.0
S. M. Saghaian; H. E. Karaca; M. Souri; A. S. Turabi and R. D. Noebe,Materials & Design,Tensile shape memory behavior of Ni50.3Ti29.7Hf20 high temperature shape memory alloys,2016.0,50.3,29.7,7.018,Ni50.3Ti29.7Hf20.0 %,20.0
S. M. Saghaian; H. E. Karaca; M. Souri; A. S. Turabi and R. D. Noebe,Materials & Design,Tensile shape memory behavior of Ni50.3Ti29.7Hf20 high temperature shape memory alloys,2016.0,50.3,29.7,7.018,Ni50.3Ti29.7Hf20.0 %,20.0
S. M. Saghaian; H. E. Karaca; M. Souri; A. S. Turabi and R. D. Noebe,Materials & Design,Tensile shape memory behavior of Ni50.3Ti29.7Hf20 high temperature shape memory alloys,2016.0,50.3,29.7,7.018,Ni50.3Ti29.7Hf20.0 %,20.0
S. M. Saghaian; H. E. Karaca; M. Souri; A. S. Turabi and R. D. Noebe,Materials & Design,Tensile shape memory behavior of Ni50.3Ti29.7Hf20 high temperature shape memory alloys,2016.0,50.3,29.7,7.018,Ni50.3Ti29.7Hf20.0 %,20.0
S. M. Saghaian; H. E. Karaca; M. Souri; A. S. Turabi and R. D. Noebe,Materials & Design,Tensile shape memory behavior of Ni50.3Ti29.7Hf20 high temperature shape memory alloys,2016.0,50.3,29.7,7.018,Ni50.3Ti29.7Hf20.0 %,20.0
S. M. Saghaian; H. E. Karaca; M. Souri; A. S. Turabi and R. D. Noebe,Materials & Design,Tensile shape memory behavior of Ni50.3Ti29.7Hf20 high temperature shape memory alloys,2016.0,50.3,29.7,7.018,Ni50.3Ti29.7Hf20.0 %,20.0
S. M. Saghaian; H. E. Karaca; M. Souri; A. S. Turabi and R. D. Noebe,Materials & Design,Tensile shape memory behavior of Ni50.3Ti29.7Hf20 high temperature shape memory alloys,2016.0,50.3,29.7,7.018,Ni50.3Ti29.7Hf20.0 %,20.0
K. V. Esham,,The Effect of Nanoscale Precipitates on the Templating of Martensite Twin Microstructure in NiTiHf High Temperature Shape Memory Alloys,2017.0,50.3,29.7,7.018,Ni50.3Ti29.7Hf20.0 %,20.0
T. Umale; D. Salas; B. Tomes; R. Arroyave and I. Karaman,Scripta Materialia,The effects of wide range of compositional changes on the martensitic transformation characteristics of NiTiHf shape memory alloys,2019.0,50.3,44.7,7.018,Ni50.3Ti44.7Hf5.0 %,5.0
T. Umale; D. Salas; B. Tomes; R. Arroyave and I. Karaman,Scripta Materialia,The effects of wide range of compositional changes on the martensitic transformation characteristics of NiTiHf shape memory alloys,2019.0,50.3,39.7,7.018,Ni50.3Ti39.7Hf10.0 %,10.0
T. Umale; D. Salas; B. Tomes; R. Arroyave and I. Karaman,Scripta Materialia,The effects of wide range of compositional changes on the martensitic transformation characteristics of NiTiHf shape memory alloys,2019.0,50.3,34.7,7.018,Ni50.3Ti34.7Hf15.0 %,15.0
T. Umale; D. Salas; B. Tomes; R. Arroyave and I. Karaman,Scripta Materialia,The effects of wide range of compositional changes on the martensitic transformation characteristics of NiTiHf shape memory alloys,2019.0,50.3,29.7,7.018,Ni50.3Ti29.700000000000003Hf20.0 %,20.0
T. Umale; D. Salas; B. Tomes; R. Arroyave and I. Karaman,Scripta Materialia,The effects of wide range of compositional changes on the martensitic transformation characteristics of NiTiHf shape memory alloys,2019.0,50.3,24.7,7.018,Ni50.3Ti24.700000000000003Hf25.0 %,25.0
T. Umale; D. Salas; B. Tomes; R. Arroyave and I. Karaman,Scripta Materialia,The effects of wide range of compositional changes on the martensitic transformation characteristics of NiTiHf shape memory alloys,2019.0,50.3,19.7,7.018,Ni50.3Ti19.700000000000003Hf30.0 %,30.0
C. M. Denowh,Mechanical Engineering,Thermomechanical training and characterization of Ni–Ti–Hf and Ni–Ti–Hf–Cu high temperature shape memory alloys,2011.0,50.3,29.7,7.018,Ni50.3Ti29.7Hf20.0 %,20.0
C. M. Denowh,Mechanical Engineering,Thermomechanical training and characterization of Ni–Ti–Hf and Ni–Ti–Hf–Cu high temperature shape memory alloys,2011.0,50.3,29.7,7.018,Ni50.3Ti29.7Hf20.0 %,20.0
C. M. Denowh,Mechanical Engineering,Thermomechanical training and characterization of Ni–Ti–Hf and Ni–Ti–Hf–Cu high temperature shape memory alloys,2011.0,50.3,29.7,7.018,Ni50.3Ti29.7Hf20.0 %,20.0
C. M. Denowh,Mechanical Engineering,Thermomechanical training and characterization of Ni–Ti–Hf and Ni–Ti–Hf–Cu high temperature shape memory alloys,2011.0,50.3,29.7,7.018,Ni50.3Ti29.7Hf20.0 %,20.0
C. M. Denowh,Mechanical Engineering,Thermomechanical training and characterization of Ni–Ti–Hf and Ni–Ti–Hf–Cu high temperature shape memory alloys,2011.0,50.3,29.7,7.018,Ni50.3Ti29.7Hf20.0 %,20.0
C. M. Denowh,Mechanical Engineering,Thermomechanical training and characterization of Ni–Ti–Hf and Ni–Ti–Hf–Cu high temperature shape memory alloys,2011.0,50.3,29.7,7.018,Ni50.3Ti29.7Hf20.0 %,20.0
C. M. Denowh,Mechanical Engineering,Thermomechanical training and characterization of Ni–Ti–Hf and Ni–Ti–Hf–Cu high temperature shape memory alloys,2011.0,50.3,29.7,7.018,Ni50.3Ti29.7Hf20.0 %,20.0
C. M. Denowh,Mechanical Engineering,Thermomechanical training and characterization of Ni–Ti–Hf and Ni–Ti–Hf–Cu high temperature shape memory alloys,2011.0,50.3,29.7,7.018,Ni50.3Ti29.7Hf20.0 %,20.0
C. M. Denowh,Mechanical Engineering,Thermomechanical training and characterization of Ni–Ti–Hf and Ni–Ti–Hf–Cu high temperature shape memory alloys,2011.0,50.3,29.7,7.018,Ni50.3Ti29.7Hf20.0 %,20.0
C. M. Denowh,Mechanical Engineering,Thermomechanical training and characterization of Ni–Ti–Hf and Ni–Ti–Hf–Cu high temperature shape memory alloys,2011.0,50.3,29.7,7.018,Ni50.3Ti29.7Hf20.0 %,20.0
C. M. Denowh,Mechanical Engineering,Thermomechanical training and characterization of Ni–Ti–Hf and Ni–Ti–Hf–Cu high temperature shape memory alloys,2011.0,50.3,29.7,7.018,Ni50.3Ti29.7Hf20.0 %,20.0
C. M. Denowh,Mechanical Engineering,Thermomechanical training and characterization of Ni–Ti–Hf and Ni–Ti–Hf–Cu high temperature shape memory alloys,2011.0,50.3,29.7,7.018,Ni50.3Ti29.7Hf20.0 %,20.0
C. M. Denowh,Mechanical Engineering,Thermomechanical training and characterization of Ni–Ti–Hf and Ni–Ti–Hf–Cu high temperature shape memory alloys,2011.0,50.3,29.7,7.018,Ni50.3Ti29.7Hf20.0 %,20.0
C. M. Denowh,Mechanical Engineering,Thermomechanical training and characterization of Ni–Ti–Hf and Ni–Ti–Hf–Cu high temperature shape memory alloys,2011.0,50.3,29.7,7.018,Ni50.3Ti29.7Hf20.0 %,20.0
C. M. Denowh,Mechanical Engineering,Thermomechanical training and characterization of Ni–Ti–Hf and Ni–Ti–Hf–Cu high temperature shape memory alloys,2011.0,50.3,29.7,7.018,Ni50.3Ti29.7Hf20.0 %,20.0
C. M. Denowh,Mechanical Engineering,Thermomechanical training and characterization of Ni–Ti–Hf and Ni–Ti–Hf–Cu high temperature shape memory alloys,2011.0,50.3,29.7,7.018,Ni50.3Ti29.7Hf20.0 %,20.0
C. M. Denowh,Mechanical Engineering,Thermomechanical training and characterization of Ni–Ti–Hf and Ni–Ti–Hf–Cu high temperature shape memory alloys,2011.0,50.3,29.7,7.018,Ni50.3Ti29.7Hf20.0 %,20.0
C. M. Denowh,Mechanical Engineering,Thermomechanical training and characterization of Ni–Ti–Hf and Ni–Ti–Hf–Cu high temperature shape memory alloys,2011.0,50.3,29.7,7.018,Ni50.3Ti29.7Hf20.0 %,20.0
C. M. Denowh,Mechanical Engineering,Thermomechanical training and characterization of Ni–Ti–Hf and Ni–Ti–Hf–Cu high temperature shape memory alloys,2011.0,50.3,29.7,7.018,Ni50.3Ti29.7Hf20.0 %,20.0
C. M. Denowh,Mechanical Engineering,Thermomechanical training and characterization of Ni–Ti–Hf and Ni–Ti–Hf–Cu high temperature shape memory alloys,2011.0,50.3,29.7,7.018,Ni50.3Ti29.7Hf20.0 %,20.0
C. M. Denowh and D. A. Miller,Smart Materials and Structures,Thermomechanical training and characterization of Ni–Ti–Hf and Ni–Ti–Hf–Cu high temperature shape memory alloys,2012.0,50.3,29.7,7.018,Ni50.3Ti29.7Hf20.0 %,20.0
C. M. Denowh and D. A. Miller,Smart Materials and Structures,Thermomechanical training and characterization of Ni–Ti–Hf and Ni–Ti–Hf–Cu high temperature shape memory alloys,2012.0,50.3,29.7,7.018,Ni50.3Ti29.7Hf20.0 %,20.0
C. M. Denowh and D. A. Miller,Smart Materials and Structures,Thermomechanical training and characterization of Ni–Ti–Hf and Ni–Ti–Hf–Cu high temperature shape memory alloys,2012.0,50.3,29.7,7.018,Ni50.3Ti29.7Hf20.0 %,20.0
C. M. Denowh and D. A. Miller,Smart Materials and Structures,Thermomechanical training and characterization of Ni–Ti–Hf and Ni–Ti–Hf–Cu high temperature shape memory alloys,2012.0,50.3,29.7,7.018,Ni50.3Ti29.7Hf20.0 %,20.0
C. M. Denowh and D. A. Miller,Smart Materials and Structures,Thermomechanical training and characterization of Ni–Ti–Hf and Ni–Ti–Hf–Cu high temperature shape memory alloys,2012.0,50.3,29.7,7.018,Ni50.3Ti29.7Hf20.0 %,20.0
C. M. Denowh and D. A. Miller,Smart Materials and Structures,Thermomechanical training and characterization of Ni–Ti–Hf and Ni–Ti–Hf–Cu high temperature shape memory alloys,2012.0,50.3,29.7,7.018,Ni50.3Ti29.7Hf20.0 %,20.0
C. M. Denowh and D. A. Miller,Smart Materials and Structures,Thermomechanical training and characterization of Ni–Ti–Hf and Ni–Ti–Hf–Cu high temperature shape memory alloys,2012.0,50.3,29.7,7.018,Ni50.3Ti29.7Hf20.0 %,20.0
C. M. Denowh and D. A. Miller,Smart Materials and Structures,Thermomechanical training and characterization of Ni–Ti–Hf and Ni–Ti–Hf–Cu high temperature shape memory alloys,2012.0,50.3,29.7,7.018,Ni50.3Ti29.7Hf20.0 %,20.0
C. M. Denowh and D. A. Miller,Smart Materials and Structures,Thermomechanical training and characterization of Ni–Ti–Hf and Ni–Ti–Hf–Cu high temperature shape memory alloys,2012.0,50.3,29.7,7.018,Ni50.3Ti29.7Hf20.0 %,20.0
C. M. Denowh and D. A. Miller,Smart Materials and Structures,Thermomechanical training and characterization of Ni–Ti–Hf and Ni–Ti–Hf–Cu high temperature shape memory alloys,2012.0,50.3,29.7,7.018,Ni50.3Ti29.7Hf20.0 %,20.0
C. M. Denowh and D. A. Miller,Smart Materials and Structures,Thermomechanical training and characterization of Ni–Ti–Hf and Ni–Ti–Hf–Cu high temperature shape memory alloys,2012.0,50.3,29.7,7.018,Ni50.3Ti29.7Hf20.0 %,20.0
C. M. Denowh and D. A. Miller,Smart Materials and Structures,Thermomechanical training and characterization of Ni–Ti–Hf and Ni–Ti–Hf–Cu high temperature shape memory alloys,2012.0,50.3,29.7,7.018,Ni50.3Ti29.7Hf20.0 %,20.0
C. M. Denowh and D. A. Miller,Smart Materials and Structures,Thermomechanical training and characterization of Ni–Ti–Hf and Ni–Ti–Hf–Cu high temperature shape memory alloys,2012.0,50.3,29.7,7.018,Ni50.3Ti29.7Hf20.0 %,20.0
C. M. Denowh and D. A. Miller,Smart Materials and Structures,Thermomechanical training and characterization of Ni–Ti–Hf and Ni–Ti–Hf–Cu high temperature shape memory alloys,2012.0,50.3,29.7,7.018,Ni50.3Ti29.7Hf20.0 %,20.0
C. M. Denowh and D. A. Miller,Smart Materials and Structures,Thermomechanical training and characterization of Ni–Ti–Hf and Ni–Ti–Hf–Cu high temperature shape memory alloys,2012.0,50.3,29.7,7.018,Ni50.3Ti29.7Hf20.0 %,20.0
C. M. Denowh and D. A. Miller,Smart Materials and Structures,Thermomechanical training and characterization of Ni–Ti–Hf and Ni–Ti–Hf–Cu high temperature shape memory alloys,2012.0,50.3,29.7,7.018,Ni50.3Ti29.7Hf20.0 %,20.0
L. Casalena; D. R. Coughlin; F. Yang; X. Chen; H. Paranjape; Y. Gao; R. D. Noebe; G. S. Bigelow; D. Gaydosh; S. A. P. II; Y. Wang; P. M. Anderson and M. J. Mills,Microscopy and Microanalysis,Transformation and deformation characterization of NiTiHf and NiTiAu high temperature shape memory alloys,2015.0,50.3,29.7,7.018,Ni50.3Ti29.7Hf20.0 %,20.0
L. Casalena; D. R. Coughlin; F. Yang; X. Chen; H. Paranjape; Y. Gao; R. D. Noebe; G. S. Bigelow; D. Gaydosh; S. A. P. II; Y. Wang; P. M. Anderson and M. J. Mills,Microscopy and Microanalysis,Transformation and deformation characterization of NiTiHf and NiTiAu high temperature shape memory alloys,2015.0,50.3,29.7,7.018,Ni50.3Ti29.7Hf20.0 %,20.0
L. Casalena; D. R. Coughlin; F. Yang; X. Chen; H. Paranjape; Y. Gao; R. D. Noebe; G. S. Bigelow; D. Gaydosh; S. A. P. II; Y. Wang; P. M. Anderson and M. J. Mills,Microscopy and Microanalysis,Transformation and deformation characterization of NiTiHf and NiTiAu high temperature shape memory alloys,2015.0,50.3,29.7,7.018,Ni50.3Ti29.7Hf20.0 %,20.0
L. Casalena; D. R. Coughlin; F. Yang; X. Chen; H. Paranjape; Y. Gao; R. D. Noebe; G. S. Bigelow; D. Gaydosh; S. A. P. II; Y. Wang; P. M. Anderson and M. J. Mills,Microscopy and Microanalysis,Transformation and deformation characterization of NiTiHf and NiTiAu high temperature shape memory alloys,2015.0,50.3,29.7,7.018,Ni50.3Ti29.7Hf20.0 %,20.0
L. Casalena; D. R. Coughlin; F. Yang; X. Chen; H. Paranjape; Y. Gao; R. D. Noebe; G. S. Bigelow; D. Gaydosh; S. A. P. II; Y. Wang; P. M. Anderson and M. J. Mills,Microscopy and Microanalysis,Transformation and deformation characterization of NiTiHf and NiTiAu high temperature shape memory alloys,2015.0,50.3,29.7,7.018,Ni50.3Ti29.7Hf20.0 %,20.0
L. Casalena; D. R. Coughlin; F. Yang; X. Chen; H. Paranjape; Y. Gao; R. D. Noebe; G. S. Bigelow; D. Gaydosh; S. A. P. II; Y. Wang; P. M. Anderson and M. J. Mills,Microscopy and Microanalysis,Transformation and deformation characterization of NiTiHf and NiTiAu high temperature shape memory alloys,2015.0,50.3,29.7,7.018,Ni50.3Ti29.7Hf20.0 %,20.0
L. Casalena; D. R. Coughlin; F. Yang; X. Chen; H. Paranjape; Y. Gao; R. D. Noebe; G. S. Bigelow; D. Gaydosh; S. A. P. II; Y. Wang; P. M. Anderson and M. J. Mills,Microscopy and Microanalysis,Transformation and deformation characterization of NiTiHf and NiTiAu high temperature shape memory alloys,2015.0,50.3,29.7,7.018,Ni50.3Ti29.7Hf20.0 %,20.0
L. Casalena; D. R. Coughlin; F. Yang; X. Chen; H. Paranjape; Y. Gao; R. D. Noebe; G. S. Bigelow; D. Gaydosh; S. A. P. II; Y. Wang; P. M. Anderson and M. J. Mills,Microscopy and Microanalysis,Transformation and deformation characterization of NiTiHf and NiTiAu high temperature shape memory alloys,2015.0,50.3,29.7,7.018,Ni50.3Ti29.7Hf20.0 %,20.0
L. Casalena; D. R. Coughlin; F. Yang; X. Chen; H. Paranjape; Y. Gao; R. D. Noebe; G. S. Bigelow; D. Gaydosh; S. A. P. II; Y. Wang; P. M. Anderson and M. J. Mills,Microscopy and Microanalysis,Transformation and deformation characterization of NiTiHf and NiTiAu high temperature shape memory alloys,2015.0,50.3,29.7,7.018,Ni50.3Ti29.7Hf20.0 %,20.0
L. Casalena; D. R. Coughlin; F. Yang; X. Chen; H. Paranjape; Y. Gao; R. D. Noebe; G. S. Bigelow; D. Gaydosh; S. A. P. II; Y. Wang; P. M. Anderson and M. J. Mills,Microscopy and Microanalysis,Transformation and deformation characterization of NiTiHf and NiTiAu high temperature shape memory alloys,2015.0,50.3,29.7,7.018,Ni50.3Ti29.7Hf20.0 %,20.0
L. Casalena; D. R. Coughlin; F. Yang; X. Chen; H. Paranjape; Y. Gao; R. D. Noebe; G. S. Bigelow; D. Gaydosh; S. A. P. II; Y. Wang; P. M. Anderson and M. J. Mills,Microscopy and Microanalysis,Transformation and deformation characterization of NiTiHf and NiTiAu high temperature shape memory alloys,2015.0,50.3,29.7,7.018,Ni50.3Ti29.7Hf20.0 %,20.0
L. Casalena; D. R. Coughlin; F. Yang; X. Chen; H. Paranjape; Y. Gao; R. D. Noebe; G. S. Bigelow; D. Gaydosh; S. A. P. II; Y. Wang; P. M. Anderson and M. J. Mills,Microscopy and Microanalysis,Transformation and deformation characterization of NiTiHf and NiTiAu high temperature shape memory alloys,2015.0,50.3,29.7,7.018,Ni50.3Ti29.7Hf20.0 %,20.0
L. Casalena; D. R. Coughlin; F. Yang; X. Chen; H. Paranjape; Y. Gao; R. D. Noebe; G. S. Bigelow; D. Gaydosh; S. A. P. II; Y. Wang; P. M. Anderson and M. J. Mills,Microscopy and Microanalysis,Transformation and deformation characterization of NiTiHf and NiTiAu high temperature shape memory alloys,2015.0,50.3,29.7,7.018,Ni50.3Ti29.7Hf20.0 %,20.0
L. Casalena; D. R. Coughlin; F. Yang; X. Chen; H. Paranjape; Y. Gao; R. D. Noebe; G. S. Bigelow; D. Gaydosh; S. A. P. II; Y. Wang; P. M. Anderson and M. J. Mills,Microscopy and Microanalysis,Transformation and deformation characterization of NiTiHf and NiTiAu high temperature shape memory alloys,2015.0,50.3,29.7,7.018,Ni50.3Ti29.7Hf20.0 %,20.0
L. Casalena; D. R. Coughlin; F. Yang; X. Chen; H. Paranjape; Y. Gao; R. D. Noebe; G. S. Bigelow; D. Gaydosh; S. A. P. II; Y. Wang; P. M. Anderson and M. J. Mills,Microscopy and Microanalysis,Transformation and deformation characterization of NiTiHf and NiTiAu high temperature shape memory alloys,2015.0,50.3,29.7,7.018,Ni50.3Ti29.7Hf20.0 %,20.0
L. Casalena; D. R. Coughlin; F. Yang; X. Chen; H. Paranjape; Y. Gao; R. D. Noebe; G. S. Bigelow; D. Gaydosh; S. A. P. II; Y. Wang; P. M. Anderson and M. J. Mills,Microscopy and Microanalysis,Transformation and deformation characterization of NiTiHf and NiTiAu high temperature shape memory alloys,2015.0,50.3,29.7,7.018,Ni50.3Ti29.7Hf20.0 %,20.0
L. Casalena; D. R. Coughlin; F. Yang; X. Chen; H. Paranjape; Y. Gao; R. D. Noebe; G. S. Bigelow; D. Gaydosh; S. A. P. II; Y. Wang; P. M. Anderson and M. J. Mills,Microscopy and Microanalysis,Transformation and deformation characterization of NiTiHf and NiTiAu high temperature shape memory alloys,2015.0,50.3,29.7,7.018,Ni50.3Ti29.7Hf20.0 %,20.0
L. Casalena; D. R. Coughlin; F. Yang; X. Chen; H. Paranjape; Y. Gao; R. D. Noebe; G. S. Bigelow; D. Gaydosh; S. A. P. II; Y. Wang; P. M. Anderson and M. J. Mills,Microscopy and Microanalysis,Transformation and deformation characterization of NiTiHf and NiTiAu high temperature shape memory alloys,2015.0,50.3,29.7,7.018,Ni50.3Ti29.7Hf20.0 %,20.0
L. Casalena; D. R. Coughlin; F. Yang; X. Chen; H. Paranjape; Y. Gao; R. D. Noebe; G. S. Bigelow; D. Gaydosh; S. A. P. II; Y. Wang; P. M. Anderson and M. J. Mills,Microscopy and Microanalysis,Transformation and deformation characterization of NiTiHf and NiTiAu high temperature shape memory alloys,2015.0,50.3,29.7,7.018,Ni50.3Ti29.7Hf20.0 %,20.0
L. Casalena; D. R. Coughlin; F. Yang; X. Chen; H. Paranjape; Y. Gao; R. D. Noebe; G. S. Bigelow; D. Gaydosh; S. A. P. II; Y. Wang; P. M. Anderson and M. J. Mills,Microscopy and Microanalysis,Transformation and deformation characterization of NiTiHf and NiTiAu high temperature shape memory alloys,2015.0,50.3,29.7,7.018,Ni50.3Ti29.7Hf20.0 %,20.0
A. P. Stebner; G. S. Bigelow; J. Yang; D. P. Shukla; S. M. Saghaian; R. Rogers; A. Garg; H. E. Karaca; Y. Chumlyakov; K. Bhattacharya and R. D. Noebe,Acta Materialia,Transformation strains and temperatures of a nickel–titanium–hafnium high temperature shape memory alloy,2014.0,50.3,29.7,7.018,Ni50.3Ti29.7Hf20.0 %,20.0
A. P. Stebner; G. S. Bigelow; J. Yang; D. P. Shukla; S. M. Saghaian; R. Rogers; A. Garg; H. E. Karaca; Y. Chumlyakov; K. Bhattacharya and R. D. Noebe,Acta Materialia,Transformation strains and temperatures of a nickel–titanium–hafnium high temperature shape memory alloy,2014.0,50.3,29.7,7.018,Ni50.3Ti29.7Hf20.0 %,20.0
A. P. Stebner; G. S. Bigelow; J. Yang; D. P. Shukla; S. M. Saghaian; R. Rogers; A. Garg; H. E. Karaca; Y. Chumlyakov; K. Bhattacharya and R. D. Noebe,Acta Materialia,Transformation strains and temperatures of a nickel–titanium–hafnium high temperature shape memory alloy,2014.0,50.3,29.7,7.018,Ni50.3Ti29.7Hf20.0 %,20.0
A. P. Stebner; G. S. Bigelow; J. Yang; D. P. Shukla; S. M. Saghaian; R. Rogers; A. Garg; H. E. Karaca; Y. Chumlyakov; K. Bhattacharya and R. D. Noebe,Acta Materialia,Transformation strains and temperatures of a nickel–titanium–hafnium high temperature shape memory alloy,2014.0,50.3,29.7,7.018,Ni50.3Ti29.7Hf20.0 %,20.0
A. P. Stebner; G. S. Bigelow; J. Yang; D. P. Shukla; S. M. Saghaian; R. Rogers; A. Garg; H. E. Karaca; Y. Chumlyakov; K. Bhattacharya and R. D. Noebe,Acta Materialia,Transformation strains and temperatures of a nickel–titanium–hafnium high temperature shape memory alloy,2014.0,50.3,29.7,7.018,Ni50.3Ti29.7Hf20.0 %,20.0
A. P. Stebner; G. S. Bigelow; J. Yang; D. P. Shukla; S. M. Saghaian; R. Rogers; A. Garg; H. E. Karaca; Y. Chumlyakov; K. Bhattacharya and R. D. Noebe,Acta Materialia,Transformation strains and temperatures of a nickel–titanium–hafnium high temperature shape memory alloy,2014.0,50.3,29.7,7.018,Ni50.3Ti29.7Hf20.0 %,20.0
A. P. Stebner; G. S. Bigelow; J. Yang; D. P. Shukla; S. M. Saghaian; R. Rogers; A. Garg; H. E. Karaca; Y. Chumlyakov; K. Bhattacharya and R. D. Noebe,Acta Materialia,Transformation strains and temperatures of a nickel–titanium–hafnium high temperature shape memory alloy,2014.0,50.3,29.7,7.018,Ni50.3Ti29.7Hf20.0 %,20.0
A. P. Stebner; G. S. Bigelow; J. Yang; D. P. Shukla; S. M. Saghaian; R. Rogers; A. Garg; H. E. Karaca; Y. Chumlyakov; K. Bhattacharya and R. D. Noebe,Acta Materialia,Transformation strains and temperatures of a nickel–titanium–hafnium high temperature shape memory alloy,2014.0,50.3,29.7,7.018,Ni50.3Ti29.7Hf20.0 %,20.0
A. P. Stebner; G. S. Bigelow; J. Yang; D. P. Shukla; S. M. Saghaian; R. Rogers; A. Garg; H. E. Karaca; Y. Chumlyakov; K. Bhattacharya and R. D. Noebe,Acta Materialia,Transformation strains and temperatures of a nickel–titanium–hafnium high temperature shape memory alloy,2014.0,50.3,29.7,7.018,Ni50.3Ti29.7Hf20.0 %,20.0
A. P. Stebner; G. S. Bigelow; J. Yang; D. P. Shukla; S. M. Saghaian; R. Rogers; A. Garg; H. E. Karaca; Y. Chumlyakov; K. Bhattacharya and R. D. Noebe,Acta Materialia,Transformation strains and temperatures of a nickel–titanium–hafnium high temperature shape memory alloy,2014.0,50.3,29.7,7.018,Ni50.3Ti29.7Hf20.0 %,20.0
A. P. Stebner; G. S. Bigelow; J. Yang; D. P. Shukla; S. M. Saghaian; R. Rogers; A. Garg; H. E. Karaca; Y. Chumlyakov; K. Bhattacharya and R. D. Noebe,Acta Materialia,Transformation strains and temperatures of a nickel–titanium–hafnium high temperature shape memory alloy,2014.0,50.3,29.7,7.018,Ni50.3Ti29.7Hf20.0 %,20.0
A. P. Stebner; G. S. Bigelow; J. Yang; D. P. Shukla; S. M. Saghaian; R. Rogers; A. Garg; H. E. Karaca; Y. Chumlyakov; K. Bhattacharya and R. D. Noebe,Acta Materialia,Transformation strains and temperatures of a nickel–titanium–hafnium high temperature shape memory alloy,2014.0,50.3,29.7,7.018,Ni50.3Ti29.7Hf20.0 %,20.0
A. P. Stebner; G. S. Bigelow; J. Yang; D. P. Shukla; S. M. Saghaian; R. Rogers; A. Garg; H. E. Karaca; Y. Chumlyakov; K. Bhattacharya and R. D. Noebe,Acta Materialia,Transformation strains and temperatures of a nickel–titanium–hafnium high temperature shape memory alloy,2014.0,50.3,29.7,7.018,Ni50.3Ti29.7Hf20.0 %,20.0
A. P. Stebner; G. S. Bigelow; J. Yang; D. P. Shukla; S. M. Saghaian; R. Rogers; A. Garg; H. E. Karaca; Y. Chumlyakov; K. Bhattacharya and R. D. Noebe,Acta Materialia,Transformation strains and temperatures of a nickel–titanium–hafnium high temperature shape memory alloy,2014.0,50.3,29.7,7.018,Ni50.3Ti29.7Hf20.0 %,20.0
A. P. Stebner; G. S. Bigelow; J. Yang; D. P. Shukla; S. M. Saghaian; R. Rogers; A. Garg; H. E. Karaca; Y. Chumlyakov; K. Bhattacharya and R. D. Noebe,Acta Materialia,Transformation strains and temperatures of a nickel–titanium–hafnium high temperature shape memory alloy,2014.0,50.3,29.7,7.018,Ni50.3Ti29.7Hf20.0 %,20.0
A. P. Stebner; G. S. Bigelow; J. Yang; D. P. Shukla; S. M. Saghaian; R. Rogers; A. Garg; H. E. Karaca; Y. Chumlyakov; K. Bhattacharya and R. D. Noebe,Acta Materialia,Transformation strains and temperatures of a nickel–titanium–hafnium high temperature shape memory alloy,2014.0,50.3,29.7,7.018,Ni50.3Ti29.7Hf20.0 %,20.0
A. P. Stebner; G. S. Bigelow; J. Yang; D. P. Shukla; S. M. Saghaian; R. Rogers; A. Garg; H. E. Karaca; Y. Chumlyakov; K. Bhattacharya and R. D. Noebe,Acta Materialia,Transformation strains and temperatures of a nickel–titanium–hafnium high temperature shape memory alloy,2014.0,50.3,29.7,7.018,Ni50.3Ti29.7Hf20.0 %,20.0
A. P. Stebner; G. S. Bigelow; J. Yang; D. P. Shukla; S. M. Saghaian; R. Rogers; A. Garg; H. E. Karaca; Y. Chumlyakov; K. Bhattacharya and R. D. Noebe,Acta Materialia,Transformation strains and temperatures of a nickel–titanium–hafnium high temperature shape memory alloy,2014.0,50.3,29.7,7.018,Ni50.3Ti29.7Hf20.0 %,20.0
A. P. Stebner; G. S. Bigelow; J. Yang; D. P. Shukla; S. M. Saghaian; R. Rogers; A. Garg; H. E. Karaca; Y. Chumlyakov; K. Bhattacharya and R. D. Noebe,Acta Materialia,Transformation strains and temperatures of a nickel–titanium–hafnium high temperature shape memory alloy,2014.0,50.3,29.7,7.018,Ni50.3Ti29.7Hf20.0 %,20.0
A. P. Stebner; G. S. Bigelow; J. Yang; D. P. Shukla; S. M. Saghaian; R. Rogers; A. Garg; H. E. Karaca; Y. Chumlyakov; K. Bhattacharya and R. D. Noebe,Acta Materialia,Transformation strains and temperatures of a nickel–titanium–hafnium high temperature shape memory alloy,2014.0,50.3,29.7,7.018,Ni50.3Ti29.7Hf20.0 %,20.0
A. P. Stebner; G. S. Bigelow; J. Yang; D. P. Shukla; S. M. Saghaian; R. Rogers; A. Garg; H. E. Karaca; Y. Chumlyakov; K. Bhattacharya and R. D. Noebe,Acta Materialia,Transformation strains and temperatures of a nickel–titanium–hafnium high temperature shape memory alloy,2014.0,50.3,29.7,7.018,Ni50.3Ti29.7Hf20.0 %,20.0
A. P. Stebner; G. S. Bigelow; J. Yang; D. P. Shukla; S. M. Saghaian; R. Rogers; A. Garg; H. E. Karaca; Y. Chumlyakov; K. Bhattacharya and R. D. Noebe,Acta Materialia,Transformation strains and temperatures of a nickel–titanium–hafnium high temperature shape memory alloy,2014.0,50.3,29.7,7.018,Ni50.3Ti29.7Hf20.0 %,20.0
A. P. Stebner; G. S. Bigelow; J. Yang; D. P. Shukla; S. M. Saghaian; R. Rogers; A. Garg; H. E. Karaca; Y. Chumlyakov; K. Bhattacharya and R. D. Noebe,Acta Materialia,Transformation strains and temperatures of a nickel–titanium–hafnium high temperature shape memory alloy,2014.0,50.3,29.7,7.018,Ni50.3Ti29.7Hf20.0 %,20.0
A. P. Stebner; G. S. Bigelow; J. Yang; D. P. Shukla; S. M. Saghaian; R. Rogers; A. Garg; H. E. Karaca; Y. Chumlyakov; K. Bhattacharya and R. D. Noebe,Acta Materialia,Transformation strains and temperatures of a nickel–titanium–hafnium high temperature shape memory alloy,2014.0,50.3,29.7,7.018,Ni50.3Ti29.7Hf20.0 %,20.0
A. P. Stebner; G. S. Bigelow; J. Yang; D. P. Shukla; S. M. Saghaian; R. Rogers; A. Garg; H. E. Karaca; Y. Chumlyakov; K. Bhattacharya and R. D. Noebe,Acta Materialia,Transformation strains and temperatures of a nickel–titanium–hafnium high temperature shape memory alloy,2014.0,50.3,29.7,7.018,Ni50.3Ti29.7Hf20.0 %,20.0
A. P. Stebner; G. S. Bigelow; J. Yang; D. P. Shukla; S. M. Saghaian; R. Rogers; A. Garg; H. E. Karaca; Y. Chumlyakov; K. Bhattacharya and R. D. Noebe,Acta Materialia,Transformation strains and temperatures of a nickel–titanium–hafnium high temperature shape memory alloy,2014.0,50.3,29.7,7.018,Ni50.3Ti29.7Hf20.0 %,20.0
A. P. Stebner; G. S. Bigelow; J. Yang; D. P. Shukla; S. M. Saghaian; R. Rogers; A. Garg; H. E. Karaca; Y. Chumlyakov; K. Bhattacharya and R. D. Noebe,Acta Materialia,Transformation strains and temperatures of a nickel–titanium–hafnium high temperature shape memory alloy,2014.0,50.3,29.7,7.018,Ni50.3Ti29.7Hf20.0 %,20.0
A. P. Stebner; G. S. Bigelow; J. Yang; D. P. Shukla; S. M. Saghaian; R. Rogers; A. Garg; H. E. Karaca; Y. Chumlyakov; K. Bhattacharya and R. D. Noebe,Acta Materialia,Transformation strains and temperatures of a nickel–titanium–hafnium high temperature shape memory alloy,2014.0,50.3,29.7,7.018,Ni50.3Ti29.7Hf20.0 %,20.0
A. P. Stebner; G. S. Bigelow; J. Yang; D. P. Shukla; S. M. Saghaian; R. Rogers; A. Garg; H. E. Karaca; Y. Chumlyakov; K. Bhattacharya and R. D. Noebe,Acta Materialia,Transformation strains and temperatures of a nickel–titanium–hafnium high temperature shape memory alloy,2014.0,50.3,29.7,7.018,Ni50.3Ti29.7Hf20.0 %,20.0
A. P. Stebner; G. S. Bigelow; J. Yang; D. P. Shukla; S. M. Saghaian; R. Rogers; A. Garg; H. E. Karaca; Y. Chumlyakov; K. Bhattacharya and R. D. Noebe,Acta Materialia,Transformation strains and temperatures of a nickel–titanium–hafnium high temperature shape memory alloy,2014.0,50.3,29.7,7.018,Ni50.3Ti29.7Hf20.0 %,20.0
A. P. Stebner; G. S. Bigelow; J. Yang; D. P. Shukla; S. M. Saghaian; R. Rogers; A. Garg; H. E. Karaca; Y. Chumlyakov; K. Bhattacharya and R. D. Noebe,Acta Materialia,Transformation strains and temperatures of a nickel–titanium–hafnium high temperature shape memory alloy,2014.0,50.3,29.7,7.018,Ni50.3Ti29.7Hf20.0 %,20.0
A. P. Stebner; G. S. Bigelow; J. Yang; D. P. Shukla; S. M. Saghaian; R. Rogers; A. Garg; H. E. Karaca; Y. Chumlyakov; K. Bhattacharya and R. D. Noebe,Acta Materialia,Transformation strains and temperatures of a nickel–titanium–hafnium high temperature shape memory alloy,2014.0,50.3,29.7,7.018,Ni50.3Ti29.7Hf20.0 %,20.0
A. P. Stebner; G. S. Bigelow; J. Yang; D. P. Shukla; S. M. Saghaian; R. Rogers; A. Garg; H. E. Karaca; Y. Chumlyakov; K. Bhattacharya and R. D. Noebe,Acta Materialia,Transformation strains and temperatures of a nickel–titanium–hafnium high temperature shape memory alloy,2014.0,50.3,29.7,7.018,Ni50.3Ti29.7Hf20.0 %,20.0
A. P. Stebner; G. S. Bigelow; J. Yang; D. P. Shukla; S. M. Saghaian; R. Rogers; A. Garg; H. E. Karaca; Y. Chumlyakov; K. Bhattacharya and R. D. Noebe,Acta Materialia,Transformation strains and temperatures of a nickel–titanium–hafnium high temperature shape memory alloy,2014.0,50.3,29.7,7.018,Ni50.3Ti29.7Hf20.0 %,20.0
A. P. Stebner; G. S. Bigelow; J. Yang; D. P. Shukla; S. M. Saghaian; R. Rogers; A. Garg; H. E. Karaca; Y. Chumlyakov; K. Bhattacharya and R. D. Noebe,Acta Materialia,Transformation strains and temperatures of a nickel–titanium–hafnium high temperature shape memory alloy,2014.0,50.3,29.7,7.018,Ni50.3Ti29.7Hf20.0 %,20.0
A. P. Stebner; G. S. Bigelow; J. Yang; D. P. Shukla; S. M. Saghaian; R. Rogers; A. Garg; H. E. Karaca; Y. Chumlyakov; K. Bhattacharya and R. D. Noebe,Acta Materialia,Transformation strains and temperatures of a nickel–titanium–hafnium high temperature shape memory alloy,2014.0,50.3,29.7,7.018,Ni50.3Ti29.7Hf20.0 %,20.0
A. P. Stebner; G. S. Bigelow; J. Yang; D. P. Shukla; S. M. Saghaian; R. Rogers; A. Garg; H. E. Karaca; Y. Chumlyakov; K. Bhattacharya and R. D. Noebe,Acta Materialia,Transformation strains and temperatures of a nickel–titanium–hafnium high temperature shape memory alloy,2014.0,50.3,29.7,7.018,Ni50.3Ti29.7Hf20.0 %,20.0
A. P. Stebner; G. S. Bigelow; J. Yang; D. P. Shukla; S. M. Saghaian; R. Rogers; A. Garg; H. E. Karaca; Y. Chumlyakov; K. Bhattacharya and R. D. Noebe,Acta Materialia,Transformation strains and temperatures of a nickel–titanium–hafnium high temperature shape memory alloy,2014.0,50.3,29.7,7.018,Ni50.3Ti29.7Hf20.0 %,20.0
A. P. Stebner; G. S. Bigelow; J. Yang; D. P. Shukla; S. M. Saghaian; R. Rogers; A. Garg; H. E. Karaca; Y. Chumlyakov; K. Bhattacharya and R. D. Noebe,Acta Materialia,Transformation strains and temperatures of a nickel–titanium–hafnium high temperature shape memory alloy,2014.0,50.3,29.7,7.018,Ni50.3Ti29.7Hf20.0 %,20.0
A. P. Stebner; G. S. Bigelow; J. Yang; D. P. Shukla; S. M. Saghaian; R. Rogers; A. Garg; H. E. Karaca; Y. Chumlyakov; K. Bhattacharya and R. D. Noebe,Acta Materialia,Transformation strains and temperatures of a nickel–titanium–hafnium high temperature shape memory alloy,2014.0,50.3,29.7,7.018,Ni50.3Ti29.7Hf20.0 %,20.0
A. P. Stebner; G. S. Bigelow; J. Yang; D. P. Shukla; S. M. Saghaian; R. Rogers; A. Garg; H. E. Karaca; Y. Chumlyakov; K. Bhattacharya and R. D. Noebe,Acta Materialia,Transformation strains and temperatures of a nickel–titanium–hafnium high temperature shape memory alloy,2014.0,50.3,29.7,7.018,Ni50.3Ti29.7Hf20.0 %,20.0
A. P. Stebner; G. S. Bigelow; J. Yang; D. P. Shukla; S. M. Saghaian; R. Rogers; A. Garg; H. E. Karaca; Y. Chumlyakov; K. Bhattacharya and R. D. Noebe,Acta Materialia,Transformation strains and temperatures of a nickel–titanium–hafnium high temperature shape memory alloy,2014.0,50.3,29.7,7.018,Ni50.3Ti29.7Hf20.0 %,20.0
A. P. Stebner; G. S. Bigelow; J. Yang; D. P. Shukla; S. M. Saghaian; R. Rogers; A. Garg; H. E. Karaca; Y. Chumlyakov; K. Bhattacharya and R. D. Noebe,Acta Materialia,Transformation strains and temperatures of a nickel–titanium–hafnium high temperature shape memory alloy,2014.0,50.3,29.7,7.018,Ni50.3Ti29.7Hf20.0 %,20.0
A. P. Stebner; G. S. Bigelow; J. Yang; D. P. Shukla; S. M. Saghaian; R. Rogers; A. Garg; H. E. Karaca; Y. Chumlyakov; K. Bhattacharya and R. D. Noebe,Acta Materialia,Transformation strains and temperatures of a nickel–titanium–hafnium high temperature shape memory alloy,2014.0,50.3,29.7,7.018,Ni50.3Ti29.7Hf20.0 %,20.0
A. P. Stebner; G. S. Bigelow; J. Yang; D. P. Shukla; S. M. Saghaian; R. Rogers; A. Garg; H. E. Karaca; Y. Chumlyakov; K. Bhattacharya and R. D. Noebe,Acta Materialia,Transformation strains and temperatures of a nickel–titanium–hafnium high temperature shape memory alloy,2014.0,50.3,29.7,7.018,Ni50.3Ti29.7Hf20.0 %,20.0
A. P. Stebner; G. S. Bigelow; J. Yang; D. P. Shukla; S. M. Saghaian; R. Rogers; A. Garg; H. E. Karaca; Y. Chumlyakov; K. Bhattacharya and R. D. Noebe,Acta Materialia,Transformation strains and temperatures of a nickel–titanium–hafnium high temperature shape memory alloy,2014.0,50.3,29.7,7.018,Ni50.3Ti29.7Hf20.0 %,20.0
A. P. Stebner; G. S. Bigelow; J. Yang; D. P. Shukla; S. M. Saghaian; R. Rogers; A. Garg; H. E. Karaca; Y. Chumlyakov; K. Bhattacharya and R. D. Noebe,Acta Materialia,Transformation strains and temperatures of a nickel–titanium–hafnium high temperature shape memory alloy,2014.0,50.3,29.7,7.018,Ni50.3Ti29.7Hf20.0 %,20.0
A. P. Stebner; G. S. Bigelow; J. Yang; D. P. Shukla; S. M. Saghaian; R. Rogers; A. Garg; H. E. Karaca; Y. Chumlyakov; K. Bhattacharya and R. D. Noebe,Acta Materialia,Transformation strains and temperatures of a nickel–titanium–hafnium high temperature shape memory alloy,2014.0,50.3,29.7,7.018,Ni50.3Ti29.7Hf20.0 %,20.0
A. P. Stebner; G. S. Bigelow; J. Yang; D. P. Shukla; S. M. Saghaian; R. Rogers; A. Garg; H. E. Karaca; Y. Chumlyakov; K. Bhattacharya and R. D. Noebe,Acta Materialia,Transformation strains and temperatures of a nickel–titanium–hafnium high temperature shape memory alloy,2014.0,50.3,29.7,7.018,Ni50.3Ti29.7Hf20.0 %,20.0
A. P. Stebner; G. S. Bigelow; J. Yang; D. P. Shukla; S. M. Saghaian; R. Rogers; A. Garg; H. E. Karaca; Y. Chumlyakov; K. Bhattacharya and R. D. Noebe,Acta Materialia,Transformation strains and temperatures of a nickel–titanium–hafnium high temperature shape memory alloy,2014.0,50.3,29.7,7.018,Ni50.3Ti29.7Hf20.0 %,20.0
A. P. Stebner; G. S. Bigelow; J. Yang; D. P. Shukla; S. M. Saghaian; R. Rogers; A. Garg; H. E. Karaca; Y. Chumlyakov; K. Bhattacharya and R. D. Noebe,Acta Materialia,Transformation strains and temperatures of a nickel–titanium–hafnium high temperature shape memory alloy,2014.0,50.3,29.7,7.018,Ni50.3Ti29.7Hf20.0 %,20.0
A. P. Stebner; G. S. Bigelow; J. Yang; D. P. Shukla; S. M. Saghaian; R. Rogers; A. Garg; H. E. Karaca; Y. Chumlyakov; K. Bhattacharya and R. D. Noebe,Acta Materialia,Transformation strains and temperatures of a nickel–titanium–hafnium high temperature shape memory alloy,2014.0,50.3,29.7,7.018,Ni50.3Ti29.7Hf20.0 %,20.0
A. P. Stebner; G. S. Bigelow; J. Yang; D. P. Shukla; S. M. Saghaian; R. Rogers; A. Garg; H. E. Karaca; Y. Chumlyakov; K. Bhattacharya and R. D. Noebe,Acta Materialia,Transformation strains and temperatures of a nickel–titanium–hafnium high temperature shape memory alloy,2014.0,50.3,29.7,7.018,Ni50.3Ti29.7Hf20.0 %,20.0
A. P. Stebner; G. S. Bigelow; J. Yang; D. P. Shukla; S. M. Saghaian; R. Rogers; A. Garg; H. E. Karaca; Y. Chumlyakov; K. Bhattacharya and R. D. Noebe,Acta Materialia,Transformation strains and temperatures of a nickel–titanium–hafnium high temperature shape memory alloy,2014.0,50.3,29.7,7.018,Ni50.3Ti29.7Hf20.0 %,20.0
A. P. Stebner; G. S. Bigelow; J. Yang; D. P. Shukla; S. M. Saghaian; R. Rogers; A. Garg; H. E. Karaca; Y. Chumlyakov; K. Bhattacharya and R. D. Noebe,Acta Materialia,Transformation strains and temperatures of a nickel–titanium–hafnium high temperature shape memory alloy,2014.0,50.3,29.7,7.018,Ni50.3Ti29.7Hf20.0 %,20.0
A. P. Stebner; G. S. Bigelow; J. Yang; D. P. Shukla; S. M. Saghaian; R. Rogers; A. Garg; H. E. Karaca; Y. Chumlyakov; K. Bhattacharya and R. D. Noebe,Acta Materialia,Transformation strains and temperatures of a nickel–titanium–hafnium high temperature shape memory alloy,2014.0,50.3,29.7,7.018,Ni50.3Ti29.7Hf20.0 %,20.0
A. P. Stebner; G. S. Bigelow; J. Yang; D. P. Shukla; S. M. Saghaian; R. Rogers; A. Garg; H. E. Karaca; Y. Chumlyakov; K. Bhattacharya and R. D. Noebe,Acta Materialia,Transformation strains and temperatures of a nickel–titanium–hafnium high temperature shape memory alloy,2014.0,50.3,29.7,7.018,Ni50.3Ti29.7Hf20.0 %,20.0
A. P. Stebner; G. S. Bigelow; J. Yang; D. P. Shukla; S. M. Saghaian; R. Rogers; A. Garg; H. E. Karaca; Y. Chumlyakov; K. Bhattacharya and R. D. Noebe,Acta Materialia,Transformation strains and temperatures of a nickel–titanium–hafnium high temperature shape memory alloy,2014.0,50.3,29.7,7.018,Ni50.3Ti29.7Hf20.0 %,20.0
A. P. Stebner; G. S. Bigelow; J. Yang; D. P. Shukla; S. M. Saghaian; R. Rogers; A. Garg; H. E. Karaca; Y. Chumlyakov; K. Bhattacharya and R. D. Noebe,Acta Materialia,Transformation strains and temperatures of a nickel–titanium–hafnium high temperature shape memory alloy,2014.0,50.3,29.7,7.018,Ni50.3Ti29.7Hf20.0 %,20.0
A. P. Stebner; G. S. Bigelow; J. Yang; D. P. Shukla; S. M. Saghaian; R. Rogers; A. Garg; H. E. Karaca; Y. Chumlyakov; K. Bhattacharya and R. D. Noebe,Acta Materialia,Transformation strains and temperatures of a nickel–titanium–hafnium high temperature shape memory alloy,2014.0,50.3,29.7,7.018,Ni50.3Ti29.7Hf20.0 %,20.0
A. P. Stebner; G. S. Bigelow; J. Yang; D. P. Shukla; S. M. Saghaian; R. Rogers; A. Garg; H. E. Karaca; Y. Chumlyakov; K. Bhattacharya and R. D. Noebe,Acta Materialia,Transformation strains and temperatures of a nickel–titanium–hafnium high temperature shape memory alloy,2014.0,50.3,29.7,7.018,Ni50.3Ti29.7Hf20.0 %,20.0
A. P. Stebner; G. S. Bigelow; J. Yang; D. P. Shukla; S. M. Saghaian; R. Rogers; A. Garg; H. E. Karaca; Y. Chumlyakov; K. Bhattacharya and R. D. Noebe,Acta Materialia,Transformation strains and temperatures of a nickel–titanium–hafnium high temperature shape memory alloy,2014.0,50.3,29.7,7.018,Ni50.3Ti29.7Hf20.0 %,20.0
A. P. Stebner; G. S. Bigelow; J. Yang; D. P. Shukla; S. M. Saghaian; R. Rogers; A. Garg; H. E. Karaca; Y. Chumlyakov; K. Bhattacharya and R. D. Noebe,Acta Materialia,Transformation strains and temperatures of a nickel–titanium–hafnium high temperature shape memory alloy,2014.0,50.3,29.7,7.018,Ni50.3Ti29.7Hf20.0 %,20.0
A. P. Stebner; G. S. Bigelow; J. Yang; D. P. Shukla; S. M. Saghaian; R. Rogers; A. Garg; H. E. Karaca; Y. Chumlyakov; K. Bhattacharya and R. D. Noebe,Acta Materialia,Transformation strains and temperatures of a nickel–titanium–hafnium high temperature shape memory alloy,2014.0,50.3,29.7,7.018,Ni50.3Ti29.7Hf20.0 %,20.0
A. P. Stebner; G. S. Bigelow; J. Yang; D. P. Shukla; S. M. Saghaian; R. Rogers; A. Garg; H. E. Karaca; Y. Chumlyakov; K. Bhattacharya and R. D. Noebe,Acta Materialia,Transformation strains and temperatures of a nickel–titanium–hafnium high temperature shape memory alloy,2014.0,50.3,29.7,7.018,Ni50.3Ti29.7Hf20.0 %,20.0
C. Hayrettin; O. Karakoc; I. Karaman; J. H. Mabe; R. Santamarta and J. Pons,Acta Materialia,Two way shape memory effect in NiTiHf high temperature shape memory alloy tubes,2019.0,50.3,29.7,7.018,Ni50.3Ti29.7Hf20.0 %,20.0
C. Hayrettin; O. Karakoc; I. Karaman; J. H. Mabe; R. Santamarta and J. Pons,Acta Materialia,Two way shape memory effect in NiTiHf high temperature shape memory alloy tubes,2019.0,50.3,29.7,7.018,Ni50.3Ti29.7Hf20.0 %,20.0
C. Hayrettin; O. Karakoc; I. Karaman; J. H. Mabe; R. Santamarta and J. Pons,Acta Materialia,Two way shape memory effect in NiTiHf high temperature shape memory alloy tubes,2019.0,50.3,29.7,7.018,Ni50.3Ti29.7Hf20.0 %,20.0
C. Hayrettin; O. Karakoc; I. Karaman; J. H. Mabe; R. Santamarta and J. Pons,Acta Materialia,Two way shape memory effect in NiTiHf high temperature shape memory alloy tubes,2019.0,50.3,29.7,7.018,Ni50.3Ti29.7Hf20.0 %,20.0
C. Hayrettin; O. Karakoc; I. Karaman; J. H. Mabe; R. Santamarta and J. Pons,Acta Materialia,Two way shape memory effect in NiTiHf high temperature shape memory alloy tubes,2019.0,50.3,29.7,7.018,Ni50.3Ti29.7Hf20.0 %,20.0
C. Hayrettin; O. Karakoc; I. Karaman; J. H. Mabe; R. Santamarta and J. Pons,Acta Materialia,Two way shape memory effect in NiTiHf high temperature shape memory alloy tubes,2019.0,50.3,29.7,7.018,Ni50.3Ti29.7Hf20.0 %,20.0
C. Hayrettin; O. Karakoc; I. Karaman; J. H. Mabe; R. Santamarta and J. Pons,Acta Materialia,Two way shape memory effect in NiTiHf high temperature shape memory alloy tubes,2019.0,50.3,29.7,7.018,Ni50.3Ti29.7Hf20.0 %,20.0
C. Hayrettin; O. Karakoc; I. Karaman; J. H. Mabe; R. Santamarta and J. Pons,Acta Materialia,Two way shape memory effect in NiTiHf high temperature shape memory alloy tubes,2019.0,50.3,29.7,7.018,Ni50.3Ti29.7Hf20.0 %,20.0
C. Hayrettin; O. Karakoc; I. Karaman; J. H. Mabe; R. Santamarta and J. Pons,Acta Materialia,Two way shape memory effect in NiTiHf high temperature shape memory alloy tubes,2019.0,50.3,29.7,7.018,Ni50.3Ti29.7Hf20.0 %,20.0
C. Hayrettin; O. Karakoc; I. Karaman; J. H. Mabe; R. Santamarta and J. Pons,Acta Materialia,Two way shape memory effect in NiTiHf high temperature shape memory alloy tubes,2019.0,50.3,29.7,7.018,Ni50.3Ti29.7Hf20.0 %,20.0
C. Hayrettin; O. Karakoc; I. Karaman; J. H. Mabe; R. Santamarta and J. Pons,Acta Materialia,Two way shape memory effect in NiTiHf high temperature shape memory alloy tubes,2019.0,50.3,29.7,7.018,Ni50.3Ti29.7Hf20.0 %,20.0
C. Hayrettin; O. Karakoc; I. Karaman; J. H. Mabe; R. Santamarta and J. Pons,Acta Materialia,Two way shape memory effect in NiTiHf high temperature shape memory alloy tubes,2019.0,50.3,29.7,7.018,Ni50.3Ti29.7Hf20.0 %,20.0
C. Hayrettin; O. Karakoc; I. Karaman; J. H. Mabe; R. Santamarta and J. Pons,Acta Materialia,Two way shape memory effect in NiTiHf high temperature shape memory alloy tubes,2019.0,50.3,29.7,7.018,Ni50.3Ti29.7Hf20.0 %,20.0
C. Hayrettin; O. Karakoc; I. Karaman; J. H. Mabe; R. Santamarta and J. Pons,Acta Materialia,Two way shape memory effect in NiTiHf high temperature shape memory alloy tubes,2019.0,50.3,29.7,7.018,Ni50.3Ti29.7Hf20.0 %,20.0
C. Hayrettin; O. Karakoc; I. Karaman; J. H. Mabe; R. Santamarta and J. Pons,Acta Materialia,Two way shape memory effect in NiTiHf high temperature shape memory alloy tubes,2019.0,50.3,29.7,7.018,Ni50.3Ti29.7Hf20.0 %,20.0
C. Hayrettin; O. Karakoc; I. Karaman; J. H. Mabe; R. Santamarta and J. Pons,Acta Materialia,Two way shape memory effect in NiTiHf high temperature shape memory alloy tubes,2019.0,50.3,29.7,7.018,Ni50.3Ti29.7Hf20.0 %,20.0
C. Hayrettin; O. Karakoc; I. Karaman; J. H. Mabe; R. Santamarta and J. Pons,Acta Materialia,Two way shape memory effect in NiTiHf high temperature shape memory alloy tubes,2019.0,50.3,29.7,7.018,Ni50.3Ti29.7Hf20.0 %,20.0
C. Hayrettin; O. Karakoc; I. Karaman; J. H. Mabe; R. Santamarta and J. Pons,Acta Materialia,Two way shape memory effect in NiTiHf high temperature shape memory alloy tubes,2019.0,50.3,29.7,7.018,Ni50.3Ti29.7Hf20.0 %,20.0
C. Hayrettin; O. Karakoc; I. Karaman; J. H. Mabe; R. Santamarta and J. Pons,Acta Materialia,Two way shape memory effect in NiTiHf high temperature shape memory alloy tubes,2019.0,50.3,29.7,7.018,Ni50.3Ti29.7Hf20.0 %,20.0
C. Hayrettin; O. Karakoc; I. Karaman; J. H. Mabe; R. Santamarta and J. Pons,Acta Materialia,Two way shape memory effect in NiTiHf high temperature shape memory alloy tubes,2019.0,50.3,29.7,7.018,Ni50.3Ti29.7Hf20.0 %,20.0
C. Hayrettin; O. Karakoc; I. Karaman; J. H. Mabe; R. Santamarta and J. Pons,Acta Materialia,Two way shape memory effect in NiTiHf high temperature shape memory alloy tubes,2019.0,50.3,29.7,7.018,Ni50.3Ti29.7Hf20.0 %,20.0
C. Hayrettin; O. Karakoc; I. Karaman; J. H. Mabe; R. Santamarta and J. Pons,Acta Materialia,Two way shape memory effect in NiTiHf high temperature shape memory alloy tubes,2019.0,50.3,29.7,7.018,Ni50.3Ti29.7Hf20.0 %,20.0
C. Hayrettin; O. Karakoc; I. Karaman; J. H. Mabe; R. Santamarta and J. Pons,Acta Materialia,Two way shape memory effect in NiTiHf high temperature shape memory alloy tubes,2019.0,50.3,29.7,7.018,Ni50.3Ti29.7Hf20.0 %,20.0
C. Hayrettin; O. Karakoc; I. Karaman; J. H. Mabe; R. Santamarta and J. Pons,Acta Materialia,Two way shape memory effect in NiTiHf high temperature shape memory alloy tubes,2019.0,50.3,29.7,7.018,Ni50.3Ti29.7Hf20.0 %,20.0
C. Hayrettin; O. Karakoc; I. Karaman; J. H. Mabe; R. Santamarta and J. Pons,Acta Materialia,Two way shape memory effect in NiTiHf high temperature shape memory alloy tubes,2019.0,50.3,29.7,7.018,Ni50.3Ti29.7Hf20.0 %,20.0
C. Hayrettin; O. Karakoc; I. Karaman; J. H. Mabe; R. Santamarta and J. Pons,Acta Materialia,Two way shape memory effect in NiTiHf high temperature shape memory alloy tubes,2019.0,50.3,29.7,7.018,Ni50.3Ti29.7Hf20.0 %,20.0
C. Hayrettin; O. Karakoc; I. Karaman; J. H. Mabe; R. Santamarta and J. Pons,Acta Materialia,Two way shape memory effect in NiTiHf high temperature shape memory alloy tubes,2019.0,50.3,29.7,7.018,Ni50.3Ti29.7Hf20.0 %,20.0
C. Hayrettin; O. Karakoc; I. Karaman; J. H. Mabe; R. Santamarta and J. Pons,Acta Materialia,Two way shape memory effect in NiTiHf high temperature shape memory alloy tubes,2019.0,50.3,29.7,7.018,Ni50.3Ti29.7Hf20.0 %,20.0
C. Hayrettin; O. Karakoc; I. Karaman; J. H. Mabe; R. Santamarta and J. Pons,Acta Materialia,Two way shape memory effect in NiTiHf high temperature shape memory alloy tubes,2019.0,50.3,29.7,7.018,Ni50.3Ti29.7Hf20.0 %,20.0
C. Hayrettin; O. Karakoc; I. Karaman; J. H. Mabe; R. Santamarta and J. Pons,Acta Materialia,Two way shape memory effect in NiTiHf high temperature shape memory alloy tubes,2019.0,50.3,29.7,7.018,Ni50.3Ti29.7Hf20.0 %,20.0
C. Hayrettin; O. Karakoc; I. Karaman; J. H. Mabe; R. Santamarta and J. Pons,Acta Materialia,Two way shape memory effect in NiTiHf high temperature shape memory alloy tubes,2019.0,50.3,29.7,7.018,Ni50.3Ti29.7Hf20.0 %,20.0
C. Hayrettin; O. Karakoc; I. Karaman; J. H. Mabe; R. Santamarta and J. Pons,Acta Materialia,Two way shape memory effect in NiTiHf high temperature shape memory alloy tubes,2019.0,50.3,29.7,7.018,Ni50.3Ti29.7Hf20.0 %,20.0
C. Hayrettin; O. Karakoc; I. Karaman; J. H. Mabe; R. Santamarta and J. Pons,Acta Materialia,Two way shape memory effect in NiTiHf high temperature shape memory alloy tubes,2019.0,50.3,29.7,7.018,Ni50.3Ti29.7Hf20.0 %,20.0
C. Hayrettin; O. Karakoc; I. Karaman; J. H. Mabe; R. Santamarta and J. Pons,Acta Materialia,Two way shape memory effect in NiTiHf high temperature shape memory alloy tubes,2019.0,50.3,29.7,7.018,Ni50.3Ti29.7Hf20.0 %,20.0
C. Hayrettin; O. Karakoc; I. Karaman; J. H. Mabe; R. Santamarta and J. Pons,Acta Materialia,Two way shape memory effect in NiTiHf high temperature shape memory alloy tubes,2019.0,50.3,29.7,7.018,Ni50.3Ti29.7Hf20.0 %,20.0
C. Hayrettin; O. Karakoc; I. Karaman; J. H. Mabe; R. Santamarta and J. Pons,Acta Materialia,Two way shape memory effect in NiTiHf high temperature shape memory alloy tubes,2019.0,50.3,29.7,7.018,Ni50.3Ti29.7Hf20.0 %,20.0
C. Hayrettin; O. Karakoc; I. Karaman; J. H. Mabe; R. Santamarta and J. Pons,Acta Materialia,Two way shape memory effect in NiTiHf high temperature shape memory alloy tubes,2019.0,50.3,29.7,7.018,Ni50.3Ti29.7Hf20.0 %,20.0
C. Hayrettin; O. Karakoc; I. Karaman; J. H. Mabe; R. Santamarta and J. Pons,Acta Materialia,Two way shape memory effect in NiTiHf high temperature shape memory alloy tubes,2019.0,50.3,29.7,7.018,Ni50.3Ti29.7Hf20.0 %,20.0
C. Hayrettin; O. Karakoc; I. Karaman; J. H. Mabe; R. Santamarta and J. Pons,Acta Materialia,Two way shape memory effect in NiTiHf high temperature shape memory alloy tubes,2019.0,50.3,29.7,7.018,Ni50.3Ti29.7Hf20.0 %,20.0
C. Hayrettin; O. Karakoc; I. Karaman; J. H. Mabe; R. Santamarta and J. Pons,Acta Materialia,Two way shape memory effect in NiTiHf high temperature shape memory alloy tubes,2019.0,50.3,29.7,7.018,Ni50.3Ti29.7Hf20.0 %,20.0
C. Hayrettin; O. Karakoc; I. Karaman; J. H. Mabe; R. Santamarta and J. Pons,Acta Materialia,Two way shape memory effect in NiTiHf high temperature shape memory alloy tubes,2019.0,50.3,29.7,7.018,Ni50.3Ti29.7Hf20.0 %,20.0
C. Hayrettin; O. Karakoc; I. Karaman; J. H. Mabe; R. Santamarta and J. Pons,Acta Materialia,Two way shape memory effect in NiTiHf high temperature shape memory alloy tubes,2019.0,50.3,29.7,7.018,Ni50.3Ti29.7Hf20.0 %,20.0
C. Hayrettin; O. Karakoc; I. Karaman; J. H. Mabe; R. Santamarta and J. Pons,Acta Materialia,Two way shape memory effect in NiTiHf high temperature shape memory alloy tubes,2019.0,50.3,29.7,7.018,Ni50.3Ti29.7Hf20.0 %,20.0
C. Hayrettin; O. Karakoc; I. Karaman; J. H. Mabe; R. Santamarta and J. Pons,Acta Materialia,Two way shape memory effect in NiTiHf high temperature shape memory alloy tubes,2019.0,50.3,29.7,7.018,Ni50.3Ti29.7Hf20.0 %,20.0
C. Hayrettin; O. Karakoc; I. Karaman; J. H. Mabe; R. Santamarta and J. Pons,Acta Materialia,Two way shape memory effect in NiTiHf high temperature shape memory alloy tubes,2019.0,50.3,29.7,7.018,Ni50.3Ti29.7Hf20.0 %,20.0
C. Hayrettin; O. Karakoc; I. Karaman; J. H. Mabe; R. Santamarta and J. Pons,Acta Materialia,Two way shape memory effect in NiTiHf high temperature shape memory alloy tubes,2019.0,50.3,29.7,7.018,Ni50.3Ti29.7Hf20.0 %,20.0
C. Hayrettin; O. Karakoc; I. Karaman; J. H. Mabe; R. Santamarta and J. Pons,Acta Materialia,Two way shape memory effect in NiTiHf high temperature shape memory alloy tubes,2019.0,50.3,29.7,7.018,Ni50.3Ti29.7Hf20.0 %,20.0
C. Hayrettin; O. Karakoc; I. Karaman; J. H. Mabe; R. Santamarta and J. Pons,Acta Materialia,Two way shape memory effect in NiTiHf high temperature shape memory alloy tubes,2019.0,50.3,29.7,7.018,Ni50.3Ti29.7Hf20.0 %,20.0
C. Hayrettin; O. Karakoc; I. Karaman; J. H. Mabe; R. Santamarta and J. Pons,Acta Materialia,Two way shape memory effect in NiTiHf high temperature shape memory alloy tubes,2019.0,50.3,29.7,7.018,Ni50.3Ti29.7Hf20.0 %,20.0
C. Hayrettin; O. Karakoc; I. Karaman; J. H. Mabe; R. Santamarta and J. Pons,Acta Materialia,Two way shape memory effect in NiTiHf high temperature shape memory alloy tubes,2019.0,50.3,29.7,7.018,Ni50.3Ti29.7Hf20.0 %,20.0
C. Hayrettin; O. Karakoc; I. Karaman; J. H. Mabe; R. Santamarta and J. Pons,Acta Materialia,Two way shape memory effect in NiTiHf high temperature shape memory alloy tubes,2019.0,50.3,29.7,7.018,Ni50.3Ti29.7Hf20.0 %,20.0
C. Hayrettin; O. Karakoc; I. Karaman; J. H. Mabe; R. Santamarta and J. Pons,Acta Materialia,Two way shape memory effect in NiTiHf high temperature shape memory alloy tubes,2019.0,50.3,29.7,7.018,Ni50.3Ti29.7Hf20.0 %,20.0
C. Hayrettin; O. Karakoc; I. Karaman; J. H. Mabe; R. Santamarta and J. Pons,Acta Materialia,Two way shape memory effect in NiTiHf high temperature shape memory alloy tubes,2019.0,50.3,29.7,7.018,Ni50.3Ti29.7Hf20.0 %,20.0
C. Hayrettin; O. Karakoc; I. Karaman; J. H. Mabe; R. Santamarta and J. Pons,Acta Materialia,Two way shape memory effect in NiTiHf high temperature shape memory alloy tubes,2019.0,50.3,29.7,7.018,Ni50.3Ti29.7Hf20.0 %,20.0
C. Hayrettin; O. Karakoc; I. Karaman; J. H. Mabe; R. Santamarta and J. Pons,Acta Materialia,Two way shape memory effect in NiTiHf high temperature shape memory alloy tubes,2019.0,50.3,29.7,7.018,Ni50.3Ti29.7Hf20.0 %,20.0
C. Hayrettin; O. Karakoc; I. Karaman; J. H. Mabe; R. Santamarta and J. Pons,Acta Materialia,Two way shape memory effect in NiTiHf high temperature shape memory alloy tubes,2019.0,50.3,29.7,7.018,Ni50.3Ti29.7Hf20.0 %,20.0
C. Hayrettin; O. Karakoc; I. Karaman; J. H. Mabe; R. Santamarta and J. Pons,Acta Materialia,Two way shape memory effect in NiTiHf high temperature shape memory alloy tubes,2019.0,50.3,29.7,7.018,Ni50.3Ti29.7Hf20.0 %,20.0
C. Hayrettin; O. Karakoc; I. Karaman; J. H. Mabe; R. Santamarta and J. Pons,Acta Materialia,Two way shape memory effect in NiTiHf high temperature shape memory alloy tubes,2019.0,50.3,29.7,7.018,Ni50.3Ti29.7Hf20.0 %,20.0
C. Hayrettin; O. Karakoc; I. Karaman; J. H. Mabe; R. Santamarta and J. Pons,Acta Materialia,Two way shape memory effect in NiTiHf high temperature shape memory alloy tubes,2019.0,50.3,29.7,7.018,Ni50.3Ti29.7Hf20.0 %,20.0
C. Hayrettin; O. Karakoc; I. Karaman; J. H. Mabe; R. Santamarta and J. Pons,Acta Materialia,Two way shape memory effect in NiTiHf high temperature shape memory alloy tubes,2019.0,50.3,29.7,7.018,Ni50.3Ti29.7Hf20.0 %,20.0
C. Hayrettin; O. Karakoc; I. Karaman; J. H. Mabe; R. Santamarta and J. Pons,Acta Materialia,Two way shape memory effect in NiTiHf high temperature shape memory alloy tubes,2019.0,50.3,29.7,7.018,Ni50.3Ti29.7Hf20.0 %,20.0
C. Hayrettin; O. Karakoc; I. Karaman; J. H. Mabe; R. Santamarta and J. Pons,Acta Materialia,Two way shape memory effect in NiTiHf high temperature shape memory alloy tubes,2019.0,50.3,29.7,7.018,Ni50.3Ti29.7Hf20.0 %,20.0
C. Hayrettin; O. Karakoc; I. Karaman; J. H. Mabe; R. Santamarta and J. Pons,Acta Materialia,Two way shape memory effect in NiTiHf high temperature shape memory alloy tubes,2019.0,50.3,29.7,7.018,Ni50.3Ti29.7Hf20.0 %,20.0
C. Hayrettin; O. Karakoc; I. Karaman; J. H. Mabe; R. Santamarta and J. Pons,Acta Materialia,Two way shape memory effect in NiTiHf high temperature shape memory alloy tubes,2019.0,50.3,29.7,7.018,Ni50.3Ti29.7Hf20.0 %,20.0
C. Hayrettin; O. Karakoc; I. Karaman; J. H. Mabe; R. Santamarta and J. Pons,Acta Materialia,Two way shape memory effect in NiTiHf high temperature shape memory alloy tubes,2019.0,50.3,29.7,7.018,Ni50.3Ti29.7Hf20.0 %,20.0
C. Hayrettin; O. Karakoc; I. Karaman; J. H. Mabe; R. Santamarta and J. Pons,Acta Materialia,Two way shape memory effect in NiTiHf high temperature shape memory alloy tubes,2019.0,50.3,29.7,7.018,Ni50.3Ti29.7Hf20.0 %,20.0
C. Hayrettin; O. Karakoc; I. Karaman; J. H. Mabe; R. Santamarta and J. Pons,Acta Materialia,Two way shape memory effect in NiTiHf high temperature shape memory alloy tubes,2019.0,50.3,29.7,7.018,Ni50.3Ti29.7Hf20.0 %,20.0
C. Hayrettin; O. Karakoc; I. Karaman; J. H. Mabe; R. Santamarta and J. Pons,Acta Materialia,Two way shape memory effect in NiTiHf high temperature shape memory alloy tubes,2019.0,50.3,29.7,7.018,Ni50.3Ti29.7Hf20.0 %,20.0
C. Hayrettin; O. Karakoc; I. Karaman; J. H. Mabe; R. Santamarta and J. Pons,Acta Materialia,Two way shape memory effect in NiTiHf high temperature shape memory alloy tubes,2019.0,50.3,29.7,7.018,Ni50.3Ti29.7Hf20.0 %,20.0
C. Hayrettin; O. Karakoc; I. Karaman; J. H. Mabe; R. Santamarta and J. Pons,Acta Materialia,Two way shape memory effect in NiTiHf high temperature shape memory alloy tubes,2019.0,50.3,29.7,7.018,Ni50.3Ti29.7Hf20.0 %,20.0
C. Hayrettin; O. Karakoc; I. Karaman; J. H. Mabe; R. Santamarta and J. Pons,Acta Materialia,Two way shape memory effect in NiTiHf high temperature shape memory alloy tubes,2019.0,50.3,29.7,7.018,Ni50.3Ti29.7Hf20.0 %,20.0
C. Hayrettin; O. Karakoc; I. Karaman; J. H. Mabe; R. Santamarta and J. Pons,Acta Materialia,Two way shape memory effect in NiTiHf high temperature shape memory alloy tubes,2019.0,50.3,29.7,7.018,Ni50.3Ti29.7Hf20.0 %,20.0
C. Hayrettin; O. Karakoc; I. Karaman; J. H. Mabe; R. Santamarta and J. Pons,Acta Materialia,Two way shape memory effect in NiTiHf high temperature shape memory alloy tubes,2019.0,50.3,29.7,7.018,Ni50.3Ti29.7Hf20.0 %,20.0
C. Hayrettin; O. Karakoc; I. Karaman; J. H. Mabe; R. Santamarta and J. Pons,Acta Materialia,Two way shape memory effect in NiTiHf high temperature shape memory alloy tubes,2019.0,50.3,29.7,7.018,Ni50.3Ti29.7Hf20.0 %,20.0
C. Hayrettin; O. Karakoc; I. Karaman; J. H. Mabe; R. Santamarta and J. Pons,Acta Materialia,Two way shape memory effect in NiTiHf high temperature shape memory alloy tubes,2019.0,50.3,29.7,7.018,Ni50.3Ti29.7Hf20.0 %,20.0
C. Hayrettin; O. Karakoc; I. Karaman; J. H. Mabe; R. Santamarta and J. Pons,Acta Materialia,Two way shape memory effect in NiTiHf high temperature shape memory alloy tubes,2019.0,50.3,29.7,7.018,Ni50.3Ti29.7Hf20.0 %,20.0
C. Hayrettin; O. Karakoc; I. Karaman; J. H. Mabe; R. Santamarta and J. Pons,Acta Materialia,Two way shape memory effect in NiTiHf high temperature shape memory alloy tubes,2019.0,50.3,29.7,7.018,Ni50.3Ti29.7Hf20.0 %,20.0
C. Hayrettin; O. Karakoc; I. Karaman; J. H. Mabe; R. Santamarta and J. Pons,Acta Materialia,Two way shape memory effect in NiTiHf high temperature shape memory alloy tubes,2019.0,50.3,29.7,7.018,Ni50.3Ti29.7Hf20.0 %,20.0
C. Hayrettin; O. Karakoc; I. Karaman; J. H. Mabe; R. Santamarta and J. Pons,Acta Materialia,Two way shape memory effect in NiTiHf high temperature shape memory alloy tubes,2019.0,50.3,29.7,7.018,Ni50.3Ti29.7Hf20.0 %,20.0
C. Hayrettin; O. Karakoc; I. Karaman; J. H. Mabe; R. Santamarta and J. Pons,Acta Materialia,Two way shape memory effect in NiTiHf high temperature shape memory alloy tubes,2019.0,50.3,29.7,7.018,Ni50.3Ti29.7Hf20.0 %,20.0
C. Hayrettin; O. Karakoc; I. Karaman; J. H. Mabe; R. Santamarta and J. Pons,Acta Materialia,Two way shape memory effect in NiTiHf high temperature shape memory alloy tubes,2019.0,50.3,29.7,7.018,Ni50.3Ti29.7Hf20.0 %,20.0
C. Hayrettin; O. Karakoc; I. Karaman; J. H. Mabe; R. Santamarta and J. Pons,Acta Materialia,Two way shape memory effect in NiTiHf high temperature shape memory alloy tubes,2019.0,50.3,29.7,7.018,Ni50.3Ti29.7Hf20.0 %,20.0
C. Hayrettin; O. Karakoc; I. Karaman; J. H. Mabe; R. Santamarta and J. Pons,Acta Materialia,Two way shape memory effect in NiTiHf high temperature shape memory alloy tubes,2019.0,50.3,29.7,7.018,Ni50.3Ti29.7Hf20.0 %,20.0
C. Hayrettin; O. Karakoc; I. Karaman; J. H. Mabe; R. Santamarta and J. Pons,Acta Materialia,Two way shape memory effect in NiTiHf high temperature shape memory alloy tubes,2019.0,50.3,29.7,7.018,Ni50.3Ti29.7Hf20.0 %,20.0
C. Hayrettin; O. Karakoc; I. Karaman; J. H. Mabe; R. Santamarta and J. Pons,Acta Materialia,Two way shape memory effect in NiTiHf high temperature shape memory alloy tubes,2019.0,50.3,29.7,7.018,Ni50.3Ti29.7Hf20.0 %,20.0
C. Hayrettin; O. Karakoc; I. Karaman; J. H. Mabe; R. Santamarta and J. Pons,Acta Materialia,Two way shape memory effect in NiTiHf high temperature shape memory alloy tubes,2019.0,50.3,29.7,7.018,Ni50.3Ti29.7Hf20.0 %,20.0
C. Hayrettin; O. Karakoc; I. Karaman; J. H. Mabe; R. Santamarta and J. Pons,Acta Materialia,Two way shape memory effect in NiTiHf high temperature shape memory alloy tubes,2019.0,50.3,29.7,7.018,Ni50.3Ti29.7Hf20.0 %,20.0
C. Hayrettin; O. Karakoc; I. Karaman; J. H. Mabe; R. Santamarta and J. Pons,Acta Materialia,Two way shape memory effect in NiTiHf high temperature shape memory alloy tubes,2019.0,50.3,29.7,7.018,Ni50.3Ti29.7Hf20.0 %,20.0
C. Hayrettin; O. Karakoc; I. Karaman; J. H. Mabe; R. Santamarta and J. Pons,Acta Materialia,Two way shape memory effect in NiTiHf high temperature shape memory alloy tubes,2019.0,50.3,29.7,7.018,Ni50.3Ti29.7Hf20.0 %,20.0
C. Hayrettin; O. Karakoc; I. Karaman; J. H. Mabe; R. Santamarta and J. Pons,Acta Materialia,Two way shape memory effect in NiTiHf high temperature shape memory alloy tubes,2019.0,50.3,29.7,7.018,Ni50.3Ti29.7Hf20.0 %,20.0
G. S. Firstov; J. Van Humbeeck and Y. N. Koval,Materials Science and Engineering: A,High-temperature shape memory alloys,2004.0,50.4,34.9,7.024,Ni50.4Ti34.900000000000006Hf14.7 %,14.7
X. Meng; Y. D. Fu; W. Cai; J. Zhang; Q. F. Li and L. C. Zhao,Solid State Phenomena,Martensitic Transformation Behavior and Shape Memory Effect of an Aged Ni-rich Ti-Ni-Hf High Temperature Shape Memory Alloy,2008.0,50.4,29.6,7.024,Ni50.4Ti29.6Hf20.0 %,20.0
X. Meng; Y. D. Fu; W. Cai; J. Zhang; Q. F. Li and L. C. Zhao,Solid State Phenomena,Martensitic Transformation Behavior and Shape Memory Effect of an Aged Ni-rich Ti-Ni-Hf High Temperature Shape Memory Alloy,2008.0,50.4,29.6,7.024,Ni50.4Ti29.6Hf20.0 %,20.0
X. Meng; Y. D. Fu; W. Cai; J. Zhang; Q. F. Li and L. C. Zhao,Solid State Phenomena,Martensitic Transformation Behavior and Shape Memory Effect of an Aged Ni-rich Ti-Ni-Hf High Temperature Shape Memory Alloy,2008.0,50.4,29.6,7.024,Ni50.4Ti29.6Hf20.0 %,20.0
X. Meng; Y. D. Fu; W. Cai; J. Zhang; Q. F. Li and L. C. Zhao,Solid State Phenomena,Martensitic Transformation Behavior and Shape Memory Effect of an Aged Ni-rich Ti-Ni-Hf High Temperature Shape Memory Alloy,2008.0,50.4,29.6,7.024,Ni50.4Ti29.6Hf20.0 %,20.0
X. Meng; Y. D. Fu; W. Cai; J. Zhang; Q. F. Li and L. C. Zhao,Solid State Phenomena,Martensitic Transformation Behavior and Shape Memory Effect of an Aged Ni-rich Ti-Ni-Hf High Temperature Shape Memory Alloy,2008.0,50.4,29.6,7.024,Ni50.4Ti29.6Hf20.0 %,20.0
X. Meng; Y. D. Fu; W. Cai; J. Zhang; Q. F. Li and L. C. Zhao,Solid State Phenomena,Martensitic Transformation Behavior and Shape Memory Effect of an Aged Ni-rich Ti-Ni-Hf High Temperature Shape Memory Alloy,2008.0,50.4,29.6,7.024,Ni50.4Ti29.6Hf20.0 %,20.0
X. Meng; Y. D. Fu; W. Cai; J. Zhang; Q. F. Li and L. C. Zhao,Solid State Phenomena,Martensitic Transformation Behavior and Shape Memory Effect of an Aged Ni-rich Ti-Ni-Hf High Temperature Shape Memory Alloy,2008.0,50.4,29.6,7.024,Ni50.4Ti29.6Hf20.0 %,20.0
X. Meng; Y. D. Fu; W. Cai; J. Zhang; Q. F. Li and L. C. Zhao,Solid State Phenomena,Martensitic Transformation Behavior and Shape Memory Effect of an Aged Ni-rich Ti-Ni-Hf High Temperature Shape Memory Alloy,2008.0,50.4,29.6,7.024,Ni50.4Ti29.6Hf20.0 %,20.0
X. Meng; Y. D. Fu; W. Cai; J. Zhang; Q. F. Li and L. C. Zhao,Solid State Phenomena,Martensitic Transformation Behavior and Shape Memory Effect of an Aged Ni-rich Ti-Ni-Hf High Temperature Shape Memory Alloy,2008.0,50.4,29.6,7.024,Ni50.4Ti29.6Hf20.0 %,20.0
X. Meng; Y. D. Fu; W. Cai; J. Zhang; Q. F. Li and L. C. Zhao,Solid State Phenomena,Martensitic Transformation Behavior and Shape Memory Effect of an Aged Ni-rich Ti-Ni-Hf High Temperature Shape Memory Alloy,2008.0,50.4,29.6,7.024,Ni50.4Ti29.6Hf20.0 %,20.0
X. Meng; Y. D. Fu; W. Cai; J. Zhang; Q. F. Li and L. C. Zhao,Solid State Phenomena,Martensitic Transformation Behavior and Shape Memory Effect of an Aged Ni-rich Ti-Ni-Hf High Temperature Shape Memory Alloy,2008.0,50.4,29.6,7.024,Ni50.4Ti29.6Hf20.0 %,20.0
X. Meng; Y. D. Fu; W. Cai; J. Zhang; Q. F. Li and L. C. Zhao,Solid State Phenomena,Martensitic Transformation Behavior and Shape Memory Effect of an Aged Ni-rich Ti-Ni-Hf High Temperature Shape Memory Alloy,2008.0,50.4,29.6,7.024,Ni50.4Ti29.6Hf20.0 %,20.0
X. Meng; Y. D. Fu; W. Cai; J. Zhang; Q. F. Li and L. C. Zhao,Solid State Phenomena,Martensitic Transformation Behavior and Shape Memory Effect of an Aged Ni-rich Ti-Ni-Hf High Temperature Shape Memory Alloy,2008.0,50.4,29.6,7.024,Ni50.4Ti29.6Hf20.0 %,20.0
X. Meng; Y. D. Fu; W. Cai; J. Zhang; Q. F. Li and L. C. Zhao,Solid State Phenomena,Martensitic Transformation Behavior and Shape Memory Effect of an Aged Ni-rich Ti-Ni-Hf High Temperature Shape Memory Alloy,2008.0,50.4,29.6,7.024,Ni50.4Ti29.6Hf20.0 %,20.0
X. Meng; Y. D. Fu; W. Cai; J. Zhang; Q. F. Li and L. C. Zhao,Solid State Phenomena,Martensitic Transformation Behavior and Shape Memory Effect of an Aged Ni-rich Ti-Ni-Hf High Temperature Shape Memory Alloy,2008.0,50.4,29.6,7.024,Ni50.4Ti29.6Hf20.0 %,20.0
X. Meng; Y. D. Fu; W. Cai; J. Zhang; Q. F. Li and L. C. Zhao,Solid State Phenomena,Martensitic Transformation Behavior and Shape Memory Effect of an Aged Ni-rich Ti-Ni-Hf High Temperature Shape Memory Alloy,2008.0,50.4,29.6,7.024,Ni50.4Ti29.6Hf20.0 %,20.0
X. Meng; Y. D. Fu; W. Cai; J. Zhang; Q. F. Li and L. C. Zhao,Solid State Phenomena,Martensitic Transformation Behavior and Shape Memory Effect of an Aged Ni-rich Ti-Ni-Hf High Temperature Shape Memory Alloy,2008.0,50.4,29.6,7.024,Ni50.4Ti29.6Hf20.0 %,20.0
X. Meng; Y. D. Fu; W. Cai; J. Zhang; Q. F. Li and L. C. Zhao,Solid State Phenomena,Martensitic Transformation Behavior and Shape Memory Effect of an Aged Ni-rich Ti-Ni-Hf High Temperature Shape Memory Alloy,2008.0,50.4,29.6,7.024,Ni50.4Ti29.6Hf20.0 %,20.0
Z. Pu; K. Wu and Y. Liu,International Symposium on Shape Memory Materials,Structure and Properties of NiTi-Hf Rapidly Solidified High Temperature Shape Memory Alloys,1994.0,50.4,43.5,7.024,Ni50.4Ti43.5Hf6.1 %,6.1
J. H. Kim; C. H. Park; S. W. Kim; J. K. Hong; C.-S. Oh; Y. M. Jeon; K. M. Kim and J. T. Yeom,Journal of Nanoscience and Nanotechnology,Effects of Microstructure and Deformation Conditions on the Hot Formability of Ni–Ti–Hf Shape Memory Alloys,2014.0,50.5,39.5,7.03,Ni50.5Ti39.5Hf10.0 %,10.0
J. H. Kim; C. H. Park; S. W. Kim; J. K. Hong; C.-S. Oh; Y. M. Jeon; K. M. Kim and J. T. Yeom,Journal of Nanoscience and Nanotechnology,Effects of Microstructure and Deformation Conditions on the Hot Formability of Ni–Ti–Hf Shape Memory Alloys,2014.0,50.5,39.5,7.03,Ni50.5Ti39.5Hf10.0 %,10.0
J. H. Kim; C. H. Park; S. W. Kim; J. K. Hong; C.-S. Oh; Y. M. Jeon; K. M. Kim and J. T. Yeom,Journal of Nanoscience and Nanotechnology,Effects of Microstructure and Deformation Conditions on the Hot Formability of Ni–Ti–Hf Shape Memory Alloys,2014.0,50.5,39.5,7.03,Ni50.5Ti39.5Hf10.0 %,10.0
J. H. Kim; C. H. Park; S. W. Kim; J. K. Hong; C.-S. Oh; Y. M. Jeon; K. M. Kim and J. T. Yeom,Journal of Nanoscience and Nanotechnology,Effects of Microstructure and Deformation Conditions on the Hot Formability of Ni–Ti–Hf Shape Memory Alloys,2014.0,50.5,39.5,7.03,Ni50.5Ti39.5Hf10.0 %,10.0
J. H. Kim; C. H. Park; S. W. Kim; J. K. Hong; C.-S. Oh; Y. M. Jeon; K. M. Kim and J. T. Yeom,Journal of Nanoscience and Nanotechnology,Effects of Microstructure and Deformation Conditions on the Hot Formability of Ni–Ti–Hf Shape Memory Alloys,2014.0,50.5,37.5,7.03,Ni50.5Ti37.5Hf12.0 %,12.0
J. H. Kim; C. H. Park; S. W. Kim; J. K. Hong; C.-S. Oh; Y. M. Jeon; K. M. Kim and J. T. Yeom,Journal of Nanoscience and Nanotechnology,Effects of Microstructure and Deformation Conditions on the Hot Formability of Ni–Ti–Hf Shape Memory Alloys,2014.0,50.5,37.5,7.03,Ni50.5Ti37.5Hf12.0 %,12.0
J. H. Kim; C. H. Park; S. W. Kim; J. K. Hong; C.-S. Oh; Y. M. Jeon; K. M. Kim and J. T. Yeom,Journal of Nanoscience and Nanotechnology,Effects of Microstructure and Deformation Conditions on the Hot Formability of Ni–Ti–Hf Shape Memory Alloys,2014.0,50.5,37.5,7.03,Ni50.5Ti37.5Hf12.0 %,12.0
J. H. Kim; C. H. Park; S. W. Kim; J. K. Hong; C.-S. Oh; Y. M. Jeon; K. M. Kim and J. T. Yeom,Journal of Nanoscience and Nanotechnology,Effects of Microstructure and Deformation Conditions on the Hot Formability of Ni–Ti–Hf Shape Memory Alloys,2014.0,50.5,37.5,7.03,Ni50.5Ti37.5Hf12.0 %,12.0
J. H. Kim; C. H. Park; S. W. Kim; J. K. Hong; C.-S. Oh; Y. M. Jeon; K. M. Kim and J. T. Yeom,Journal of Nanoscience and Nanotechnology,Effects of Microstructure and Deformation Conditions on the Hot Formability of Ni–Ti–Hf Shape Memory Alloys,2014.0,50.5,35.5,7.03,Ni50.5Ti35.5Hf14.0 %,14.0
J. H. Kim; C. H. Park; S. W. Kim; J. K. Hong; C.-S. Oh; Y. M. Jeon; K. M. Kim and J. T. Yeom,Journal of Nanoscience and Nanotechnology,Effects of Microstructure and Deformation Conditions on the Hot Formability of Ni–Ti–Hf Shape Memory Alloys,2014.0,50.5,35.5,7.03,Ni50.5Ti35.5Hf14.0 %,14.0
J. H. Kim; C. H. Park; S. W. Kim; J. K. Hong; C.-S. Oh; Y. M. Jeon; K. M. Kim and J. T. Yeom,Journal of Nanoscience and Nanotechnology,Effects of Microstructure and Deformation Conditions on the Hot Formability of Ni–Ti–Hf Shape Memory Alloys,2014.0,50.5,35.5,7.03,Ni50.5Ti35.5Hf14.0 %,14.0
J. H. Kim; C. H. Park; S. W. Kim; J. K. Hong; C.-S. Oh; Y. M. Jeon; K. M. Kim and J. T. Yeom,Journal of Nanoscience and Nanotechnology,Effects of Microstructure and Deformation Conditions on the Hot Formability of Ni–Ti–Hf Shape Memory Alloys,2014.0,50.5,35.5,7.03,Ni50.5Ti35.5Hf14.0 %,14.0
Y. Wu; E. Ertekin and H. Sehitoglu,Acta Materialia,Elastocaloric cooling capacity of shape memory alloys – Role of deformation temperatures; mechanical cycling; stress hysteresis and inhomogeneity of transformation,2017.0,50.5,36.2,7.03,Ni50.5Ti36.2Hf13.3 %,13.3
D. N. Abujudom; M. Y. Kao; P. E. Thoma and D. R. Angst,US5114504,High transformation temperature shape memory alloy,1992.0,50.5,39.5,7.03,Ni50.5Ti39.5Hf10.0 %,10.0
D. N. Abujudom; M. Y. Kao; P. E. Thoma and D. R. Angst,US5114504,High transformation temperature shape memory alloy,1992.0,50.5,24.5,7.03,Ni50.5Ti24.5Hf25.0 %,25.0
S. Sanjabi; S. Sadrnezhaad and Z. Barber,Materials Science and Technology,Sputter alloying of Ni; Ti and Hf for fabrication of high temperature shape memory thin films,2007.0,50.5,34.5,7.03,Ni50.5Ti34.5Hf15.0 %,15.0
H. Sehitoglu; Y. Wu; L. Patriarca; G. Li; A. Ojha; S. Zhang; Y. Chumlyakov and M. Nishida,Shape Memory and Superelasticity,Superelasticity and Shape Memory Behavior of NiTiHf Alloys,2017.0,50.5,36.2,7.03,Ni50.5Ti36.2Hf13.3 %,13.3
H. Sehitoglu; Y. Wu; L. Patriarca; G. Li; A. Ojha; S. Zhang; Y. Chumlyakov and M. Nishida,Shape Memory and Superelasticity,Superelasticity and Shape Memory Behavior of NiTiHf Alloys,2017.0,50.5,36.2,7.03,Ni50.5Ti36.2Hf13.3 %,13.3
D. Angst; P. Thoma and M. Kao,Journal de Physique IV,The Effect of Hafnium Content on the Transformation Temperatures of Ni49Ti51-xHfx. Shape Memory Alloys,1995.0,50.5,39.5,7.03,Ni50.5Ti39.5Hf10.0 %,10.0
Y. Wu; L. Patriarca; H. Sehitoglu and Y. Chumlyakov,Scripta Materialia,Ultrahigh tensile transformation strains in new Ni50.5Ti36.2Hf13.3 shape memory alloy,2016.0,50.5,36.2,7.03,Ni50.5Ti36.2Hf13.3 %,13.3
X. L. Meng; W. Cai; F. Chen and L. C. Zhao,Scripta Materialia,Effect of aging on martensitic transformation and microstructure in Ni-rich TiNiHf shape memory alloy,2006.0,50.6,29.4,7.036,Ni50.6Ti29.4Hf20.0 %,20.0
X. L. Meng; W. Cai; F. Chen and L. C. Zhao,Scripta Materialia,Effect of aging on martensitic transformation and microstructure in Ni-rich TiNiHf shape memory alloy,2006.0,50.6,29.4,7.036,Ni50.6Ti29.4Hf20.0 %,20.0
X. L. Meng; W. Cai; F. Chen and L. C. Zhao,Scripta Materialia,Effect of aging on martensitic transformation and microstructure in Ni-rich TiNiHf shape memory alloy,2006.0,50.6,29.4,7.036,Ni50.6Ti29.4Hf20.0 %,20.0
X. L. Meng; W. Cai; F. Chen and L. C. Zhao,Scripta Materialia,Effect of aging on martensitic transformation and microstructure in Ni-rich TiNiHf shape memory alloy,2006.0,50.6,29.4,7.036,Ni50.6Ti29.4Hf20.0 %,20.0
X. L. Meng; W. Cai; F. Chen and L. C. Zhao,Scripta Materialia,Effect of aging on martensitic transformation and microstructure in Ni-rich TiNiHf shape memory alloy,2006.0,50.6,29.4,7.036,Ni50.6Ti29.4Hf20.0 %,20.0
X. L. Meng; W. Cai; F. Chen and L. C. Zhao,Scripta Materialia,Effect of aging on martensitic transformation and microstructure in Ni-rich TiNiHf shape memory alloy,2006.0,50.6,29.4,7.036,Ni50.6Ti29.4Hf20.0 %,20.0
X. L. Meng; W. Cai; F. Chen and L. C. Zhao,Scripta Materialia,Effect of aging on martensitic transformation and microstructure in Ni-rich TiNiHf shape memory alloy,2006.0,50.6,29.4,7.036,Ni50.6Ti29.4Hf20.0 %,20.0
X. L. Meng; W. Cai; F. Chen and L. C. Zhao,Scripta Materialia,Effect of aging on martensitic transformation and microstructure in Ni-rich TiNiHf shape memory alloy,2006.0,50.6,29.4,7.036,Ni50.6Ti29.4Hf20.0 %,20.0
X. L. Meng; W. Cai; F. Chen and L. C. Zhao,Scripta Materialia,Effect of aging on martensitic transformation and microstructure in Ni-rich TiNiHf shape memory alloy,2006.0,50.6,29.4,7.036,Ni50.6Ti29.4Hf20.0 %,20.0
X. L. Meng; W. Cai; F. Chen and L. C. Zhao,Scripta Materialia,Effect of aging on martensitic transformation and microstructure in Ni-rich TiNiHf shape memory alloy,2006.0,50.6,29.4,7.036,Ni50.6Ti29.4Hf20.0 %,20.0
X. L. Meng; W. Cai; F. Chen and L. C. Zhao,Scripta Materialia,Effect of aging on martensitic transformation and microstructure in Ni-rich TiNiHf shape memory alloy,2006.0,50.6,29.4,7.036,Ni50.6Ti29.4Hf20.0 %,20.0
X. L. Meng; W. Cai; F. Chen and L. C. Zhao,Scripta Materialia,Effect of aging on martensitic transformation and microstructure in Ni-rich TiNiHf shape memory alloy,2006.0,50.6,29.4,7.036,Ni50.6Ti29.4Hf20.0 %,20.0
X. L. Meng; W. Cai; F. Chen and L. C. Zhao,Scripta Materialia,Effect of aging on martensitic transformation and microstructure in Ni-rich TiNiHf shape memory alloy,2006.0,50.6,29.4,7.036,Ni50.6Ti29.4Hf20.0 %,20.0
X. L. Meng; W. Cai; F. Chen and L. C. Zhao,Scripta Materialia,Effect of aging on martensitic transformation and microstructure in Ni-rich TiNiHf shape memory alloy,2006.0,50.6,29.4,7.036,Ni50.6Ti29.4Hf20.0 %,20.0
X. L. Meng; W. Cai; F. Chen and L. C. Zhao,Scripta Materialia,Effect of aging on martensitic transformation and microstructure in Ni-rich TiNiHf shape memory alloy,2006.0,50.6,29.4,7.036,Ni50.6Ti29.4Hf20.0 %,20.0
X. L. Meng; W. Cai; F. Chen and L. C. Zhao,Scripta Materialia,Effect of aging on martensitic transformation and microstructure in Ni-rich TiNiHf shape memory alloy,2006.0,50.6,29.4,7.036,Ni50.6Ti29.4Hf20.0 %,20.0
X. L. Meng; W. Cai; F. Chen and L. C. Zhao,Scripta Materialia,Effect of aging on martensitic transformation and microstructure in Ni-rich TiNiHf shape memory alloy,2006.0,50.6,29.4,7.036,Ni50.6Ti29.4Hf20.0 %,20.0
X. L. Meng; W. Cai; F. Chen and L. C. Zhao,Scripta Materialia,Effect of aging on martensitic transformation and microstructure in Ni-rich TiNiHf shape memory alloy,2006.0,50.6,29.4,7.036,Ni50.6Ti29.4Hf20.0 %,20.0
X. L. Meng; W. Cai; F. Chen and L. C. Zhao,Scripta Materialia,Effect of aging on martensitic transformation and microstructure in Ni-rich TiNiHf shape memory alloy,2006.0,50.6,29.4,7.036,Ni50.6Ti29.4Hf20.0 %,20.0
X. L. Meng; W. Cai; F. Chen and L. C. Zhao,Scripta Materialia,Effect of aging on martensitic transformation and microstructure in Ni-rich TiNiHf shape memory alloy,2006.0,50.6,29.4,7.036,Ni50.6Ti29.4Hf20.0 %,20.0
X. L. Meng; W. Cai; F. Chen and L. C. Zhao,Scripta Materialia,Effect of aging on martensitic transformation and microstructure in Ni-rich TiNiHf shape memory alloy,2006.0,50.6,29.4,7.036,Ni50.6Ti29.4Hf20.0 %,20.0
X. L. Meng; W. Cai; F. Chen and L. C. Zhao,Scripta Materialia,Effect of aging on martensitic transformation and microstructure in Ni-rich TiNiHf shape memory alloy,2006.0,50.6,29.4,7.036,Ni50.6Ti29.4Hf20.0 %,20.0
L. Patriarca and H. Sehitoglu,Scripta Materialia,High-temperature superelasticity of Ni50.6Ti24.4Hf25.0 shape memory alloy,2015.0,50.6,24.4,7.036,Ni50.6Ti24.4Hf25.0 %,25.0
L. Patriarca and H. Sehitoglu,Scripta Materialia,High-temperature superelasticity of Ni50.6Ti24.4Hf25.0 shape memory alloy,2015.0,50.6,24.4,7.036,Ni50.6Ti24.4Hf25.0 %,25.0
L. Patriarca and H. Sehitoglu,Scripta Materialia,High-temperature superelasticity of Ni50.6Ti24.4Hf25.0 shape memory alloy,2015.0,50.6,24.4,7.036,Ni50.6Ti24.4Hf25.0 %,25.0
L. Patriarca and H. Sehitoglu,Scripta Materialia,High-temperature superelasticity of Ni50.6Ti24.4Hf25.0 shape memory alloy,2015.0,50.6,24.4,7.036,Ni50.6Ti24.4Hf25.0 %,25.0
L. Patriarca and H. Sehitoglu,Scripta Materialia,High-temperature superelasticity of Ni50.6Ti24.4Hf25.0 shape memory alloy,2015.0,50.6,24.4,7.036,Ni50.6Ti24.4Hf25.0 %,25.0
L. Patriarca and H. Sehitoglu,Scripta Materialia,High-temperature superelasticity of Ni50.6Ti24.4Hf25.0 shape memory alloy,2015.0,50.6,24.4,7.036,Ni50.6Ti24.4Hf25.0 %,25.0
L. Patriarca and H. Sehitoglu,Scripta Materialia,High-temperature superelasticity of Ni50.6Ti24.4Hf25.0 shape memory alloy,2015.0,50.6,24.4,7.036,Ni50.6Ti24.4Hf25.0 %,25.0
L. Patriarca and H. Sehitoglu,Scripta Materialia,High-temperature superelasticity of Ni50.6Ti24.4Hf25.0 shape memory alloy,2015.0,50.6,24.4,7.036,Ni50.6Ti24.4Hf25.0 %,25.0
L. Patriarca and H. Sehitoglu,Scripta Materialia,High-temperature superelasticity of Ni50.6Ti24.4Hf25.0 shape memory alloy,2015.0,50.6,24.4,7.036,Ni50.6Ti24.4Hf25.0 %,25.0
L. Patriarca and H. Sehitoglu,Scripta Materialia,High-temperature superelasticity of Ni50.6Ti24.4Hf25.0 shape memory alloy,2015.0,50.6,24.4,7.036,Ni50.6Ti24.4Hf25.0 %,25.0
L. Patriarca and H. Sehitoglu,Scripta Materialia,High-temperature superelasticity of Ni50.6Ti24.4Hf25.0 shape memory alloy,2015.0,50.6,24.4,7.036,Ni50.6Ti24.4Hf25.0 %,25.0
L. Patriarca and H. Sehitoglu,Scripta Materialia,High-temperature superelasticity of Ni50.6Ti24.4Hf25.0 shape memory alloy,2015.0,50.6,24.4,7.036,Ni50.6Ti24.4Hf25.0 %,25.0
L. Patriarca and H. Sehitoglu,Scripta Materialia,High-temperature superelasticity of Ni50.6Ti24.4Hf25.0 shape memory alloy,2015.0,50.6,24.4,7.036,Ni50.6Ti24.4Hf25.0 %,25.0
L. Patriarca and H. Sehitoglu,Scripta Materialia,High-temperature superelasticity of Ni50.6Ti24.4Hf25.0 shape memory alloy,2015.0,50.6,24.4,7.036,Ni50.6Ti24.4Hf25.0 %,25.0
L. Patriarca and H. Sehitoglu,Scripta Materialia,High-temperature superelasticity of Ni50.6Ti24.4Hf25.0 shape memory alloy,2015.0,50.6,24.4,7.036,Ni50.6Ti24.4Hf25.0 %,25.0
L. Patriarca and H. Sehitoglu,Scripta Materialia,High-temperature superelasticity of Ni50.6Ti24.4Hf25.0 shape memory alloy,2015.0,50.6,24.4,7.036,Ni50.6Ti24.4Hf25.0 %,25.0
L. Patriarca and H. Sehitoglu,Scripta Materialia,High-temperature superelasticity of Ni50.6Ti24.4Hf25.0 shape memory alloy,2015.0,50.6,24.4,7.036,Ni50.6Ti24.4Hf25.0 %,25.0
L. Patriarca and H. Sehitoglu,Scripta Materialia,High-temperature superelasticity of Ni50.6Ti24.4Hf25.0 shape memory alloy,2015.0,50.6,24.4,7.036,Ni50.6Ti24.4Hf25.0 %,25.0
L. Patriarca and H. Sehitoglu,Scripta Materialia,High-temperature superelasticity of Ni50.6Ti24.4Hf25.0 shape memory alloy,2015.0,50.6,24.4,7.036,Ni50.6Ti24.4Hf25.0 %,25.0
L. Patriarca and H. Sehitoglu,Scripta Materialia,High-temperature superelasticity of Ni50.6Ti24.4Hf25.0 shape memory alloy,2015.0,50.6,24.4,7.036,Ni50.6Ti24.4Hf25.0 %,25.0
L. Patriarca and H. Sehitoglu,Scripta Materialia,High-temperature superelasticity of Ni50.6Ti24.4Hf25.0 shape memory alloy,2015.0,50.6,24.4,7.036,Ni50.6Ti24.4Hf25.0 %,25.0
L. Patriarca and H. Sehitoglu,Scripta Materialia,High-temperature superelasticity of Ni50.6Ti24.4Hf25.0 shape memory alloy,2015.0,50.6,24.4,7.036,Ni50.6Ti24.4Hf25.0 %,25.0
L. Patriarca and H. Sehitoglu,Scripta Materialia,High-temperature superelasticity of Ni50.6Ti24.4Hf25.0 shape memory alloy,2015.0,50.6,24.4,7.036,Ni50.6Ti24.4Hf25.0 %,25.0
L. Patriarca and H. Sehitoglu,Scripta Materialia,High-temperature superelasticity of Ni50.6Ti24.4Hf25.0 shape memory alloy,2015.0,50.6,24.4,7.036,Ni50.6Ti24.4Hf25.0 %,25.0
X. L. Meng; W. Cai; Y. F. Zheng and L. C. Zhao,Materials Science and Engineering: A,Phase transformation and precipitation in aged Ti–Ni–Hf high-temperature shape memory alloys,2006.0,50.6,29.4,7.036,Ni50.6Ti29.4Hf20.0 %,20.0
X. L. Meng; W. Cai; Y. D. Fu; Q. F. Li; J. X. Zhang and L. C. Zhao,Intermetallics,Shape-memory behaviors in an aged Ni-rich TiNiHf high temperature shape-memory alloy,2008.0,50.6,29.4,7.036,Ni50.6Ti29.4Hf20.0 %,20.0
X. L. Meng; W. Cai; Y. D. Fu; Q. F. Li; J. X. Zhang and L. C. Zhao,Intermetallics,Shape-memory behaviors in an aged Ni-rich TiNiHf high temperature shape-memory alloy,2008.0,50.6,29.4,7.036,Ni50.6Ti29.4Hf20.0 %,20.0
X. L. Meng; W. Cai; Y. D. Fu; Q. F. Li; J. X. Zhang and L. C. Zhao,Intermetallics,Shape-memory behaviors in an aged Ni-rich TiNiHf high temperature shape-memory alloy,2008.0,50.6,29.4,7.036,Ni50.6Ti29.4Hf20.0 %,20.0
X. L. Meng; W. Cai; Y. D. Fu; Q. F. Li; J. X. Zhang and L. C. Zhao,Intermetallics,Shape-memory behaviors in an aged Ni-rich TiNiHf high temperature shape-memory alloy,2008.0,50.6,29.4,7.036,Ni50.6Ti29.4Hf20.0 %,20.0
X. L. Meng; W. Cai; Y. D. Fu; Q. F. Li; J. X. Zhang and L. C. Zhao,Intermetallics,Shape-memory behaviors in an aged Ni-rich TiNiHf high temperature shape-memory alloy,2008.0,50.6,29.4,7.036,Ni50.6Ti29.4Hf20.0 %,20.0
X. L. Meng; W. Cai; Y. D. Fu; Q. F. Li; J. X. Zhang and L. C. Zhao,Intermetallics,Shape-memory behaviors in an aged Ni-rich TiNiHf high temperature shape-memory alloy,2008.0,50.6,29.4,7.036,Ni50.6Ti29.4Hf20.0 %,20.0
X. L. Meng; W. Cai; Y. D. Fu; Q. F. Li; J. X. Zhang and L. C. Zhao,Intermetallics,Shape-memory behaviors in an aged Ni-rich TiNiHf high temperature shape-memory alloy,2008.0,50.6,29.4,7.036,Ni50.6Ti29.4Hf20.0 %,20.0
X. L. Meng; W. Cai; Y. D. Fu; Q. F. Li; J. X. Zhang and L. C. Zhao,Intermetallics,Shape-memory behaviors in an aged Ni-rich TiNiHf high temperature shape-memory alloy,2008.0,50.6,29.4,7.036,Ni50.6Ti29.4Hf20.0 %,20.0
X. L. Meng; W. Cai; Y. D. Fu; Q. F. Li; J. X. Zhang and L. C. Zhao,Intermetallics,Shape-memory behaviors in an aged Ni-rich TiNiHf high temperature shape-memory alloy,2008.0,50.6,29.4,7.036,Ni50.6Ti29.4Hf20.0 %,20.0
X. L. Meng; W. Cai; Y. D. Fu; Q. F. Li; J. X. Zhang and L. C. Zhao,Intermetallics,Shape-memory behaviors in an aged Ni-rich TiNiHf high temperature shape-memory alloy,2008.0,50.6,29.4,7.036,Ni50.6Ti29.4Hf20.0 %,20.0
X. L. Meng; W. Cai; Y. D. Fu; Q. F. Li; J. X. Zhang and L. C. Zhao,Intermetallics,Shape-memory behaviors in an aged Ni-rich TiNiHf high temperature shape-memory alloy,2008.0,50.6,29.4,7.036,Ni50.6Ti29.4Hf20.0 %,20.0
X. L. Meng; W. Cai; Y. D. Fu; Q. F. Li; J. X. Zhang and L. C. Zhao,Intermetallics,Shape-memory behaviors in an aged Ni-rich TiNiHf high temperature shape-memory alloy,2008.0,50.6,29.4,7.036,Ni50.6Ti29.4Hf20.0 %,20.0
X. L. Meng; W. Cai; Y. D. Fu; Q. F. Li; J. X. Zhang and L. C. Zhao,Intermetallics,Shape-memory behaviors in an aged Ni-rich TiNiHf high temperature shape-memory alloy,2008.0,50.6,29.4,7.036,Ni50.6Ti29.4Hf20.0 %,20.0
X. L. Meng; W. Cai; Y. D. Fu; Q. F. Li; J. X. Zhang and L. C. Zhao,Intermetallics,Shape-memory behaviors in an aged Ni-rich TiNiHf high temperature shape-memory alloy,2008.0,50.6,29.4,7.036,Ni50.6Ti29.4Hf20.0 %,20.0
X. L. Meng; W. Cai; Y. D. Fu; Q. F. Li; J. X. Zhang and L. C. Zhao,Intermetallics,Shape-memory behaviors in an aged Ni-rich TiNiHf high temperature shape-memory alloy,2008.0,50.6,29.4,7.036,Ni50.6Ti29.4Hf20.0 %,20.0
X. L. Meng; W. Cai; Y. D. Fu; Q. F. Li; J. X. Zhang and L. C. Zhao,Intermetallics,Shape-memory behaviors in an aged Ni-rich TiNiHf high temperature shape-memory alloy,2008.0,50.6,29.4,7.036,Ni50.6Ti29.4Hf20.0 %,20.0
X. L. Meng; W. Cai; Y. D. Fu; Q. F. Li; J. X. Zhang and L. C. Zhao,Intermetallics,Shape-memory behaviors in an aged Ni-rich TiNiHf high temperature shape-memory alloy,2008.0,50.6,29.4,7.036,Ni50.6Ti29.4Hf20.0 %,20.0
X. L. Meng; W. Cai; Y. D. Fu; Q. F. Li; J. X. Zhang and L. C. Zhao,Intermetallics,Shape-memory behaviors in an aged Ni-rich TiNiHf high temperature shape-memory alloy,2008.0,50.6,29.4,7.036,Ni50.6Ti29.4Hf20.0 %,20.0
X. L. Meng; W. Cai; Y. D. Fu; Q. F. Li; J. X. Zhang and L. C. Zhao,Intermetallics,Shape-memory behaviors in an aged Ni-rich TiNiHf high temperature shape-memory alloy,2008.0,50.6,29.4,7.036,Ni50.6Ti29.4Hf20.0 %,20.0
X. L. Meng; W. Cai; Y. D. Fu; Q. F. Li; J. X. Zhang and L. C. Zhao,Intermetallics,Shape-memory behaviors in an aged Ni-rich TiNiHf high temperature shape-memory alloy,2008.0,50.6,29.4,7.036,Ni50.6Ti29.4Hf20.0 %,20.0
X. L. Meng; W. Cai; Y. D. Fu; Q. F. Li; J. X. Zhang and L. C. Zhao,Intermetallics,Shape-memory behaviors in an aged Ni-rich TiNiHf high temperature shape-memory alloy,2008.0,50.6,29.4,7.036,Ni50.6Ti29.4Hf20.0 %,20.0
X. L. Meng; W. Cai; Y. D. Fu; Q. F. Li; J. X. Zhang and L. C. Zhao,Intermetallics,Shape-memory behaviors in an aged Ni-rich TiNiHf high temperature shape-memory alloy,2008.0,50.6,29.4,7.036,Ni50.6Ti29.4Hf20.0 %,20.0
X. L. Meng; W. Cai; Y. D. Fu; Q. F. Li; J. X. Zhang and L. C. Zhao,Intermetallics,Shape-memory behaviors in an aged Ni-rich TiNiHf high temperature shape-memory alloy,2008.0,50.6,29.4,7.036,Ni50.6Ti29.4Hf20.0 %,20.0
X. L. Meng; W. Cai; Y. D. Fu; Q. F. Li; J. X. Zhang and L. C. Zhao,Intermetallics,Shape-memory behaviors in an aged Ni-rich TiNiHf high temperature shape-memory alloy,2008.0,50.6,29.4,7.036,Ni50.6Ti29.4Hf20.0 %,20.0
X. L. Meng; W. Cai; Y. D. Fu; Q. F. Li; J. X. Zhang and L. C. Zhao,Intermetallics,Shape-memory behaviors in an aged Ni-rich TiNiHf high temperature shape-memory alloy,2008.0,50.6,29.4,7.036,Ni50.6Ti29.4Hf20.0 %,20.0
X. L. Meng; W. Cai; Y. D. Fu; Q. F. Li; J. X. Zhang and L. C. Zhao,Intermetallics,Shape-memory behaviors in an aged Ni-rich TiNiHf high temperature shape-memory alloy,2008.0,50.6,29.4,7.036,Ni50.6Ti29.4Hf20.0 %,20.0
X. L. Meng; W. Cai; Y. D. Fu; Q. F. Li; J. X. Zhang and L. C. Zhao,Intermetallics,Shape-memory behaviors in an aged Ni-rich TiNiHf high temperature shape-memory alloy,2008.0,50.6,29.4,7.036,Ni50.6Ti29.4Hf20.0 %,20.0
X. L. Meng; W. Cai; Y. D. Fu; Q. F. Li; J. X. Zhang and L. C. Zhao,Intermetallics,Shape-memory behaviors in an aged Ni-rich TiNiHf high temperature shape-memory alloy,2008.0,50.6,29.4,7.036,Ni50.6Ti29.4Hf20.0 %,20.0
X. L. Meng; W. Cai; Y. D. Fu; Q. F. Li; J. X. Zhang and L. C. Zhao,Intermetallics,Shape-memory behaviors in an aged Ni-rich TiNiHf high temperature shape-memory alloy,2008.0,50.6,29.4,7.036,Ni50.6Ti29.4Hf20.0 %,20.0
X. L. Meng; W. Cai; Y. D. Fu; Q. F. Li; J. X. Zhang and L. C. Zhao,Intermetallics,Shape-memory behaviors in an aged Ni-rich TiNiHf high temperature shape-memory alloy,2008.0,50.6,29.4,7.036,Ni50.6Ti29.4Hf20.0 %,20.0
X. L. Meng; W. Cai; Y. D. Fu; Q. F. Li; J. X. Zhang and L. C. Zhao,Intermetallics,Shape-memory behaviors in an aged Ni-rich TiNiHf high temperature shape-memory alloy,2008.0,50.6,29.4,7.036,Ni50.6Ti29.4Hf20.0 %,20.0
X. L. Meng; W. Cai; Y. D. Fu; Q. F. Li; J. X. Zhang and L. C. Zhao,Intermetallics,Shape-memory behaviors in an aged Ni-rich TiNiHf high temperature shape-memory alloy,2008.0,50.6,29.4,7.036,Ni50.6Ti29.4Hf20.0 %,20.0
X. L. Meng; W. Cai; Y. D. Fu; Q. F. Li; J. X. Zhang and L. C. Zhao,Intermetallics,Shape-memory behaviors in an aged Ni-rich TiNiHf high temperature shape-memory alloy,2008.0,50.6,29.4,7.036,Ni50.6Ti29.4Hf20.0 %,20.0
X. L. Meng; W. Cai; Y. D. Fu; Q. F. Li; J. X. Zhang and L. C. Zhao,Intermetallics,Shape-memory behaviors in an aged Ni-rich TiNiHf high temperature shape-memory alloy,2008.0,50.6,29.4,7.036,Ni50.6Ti29.4Hf20.0 %,20.0
X. L. Meng; W. Cai; Y. D. Fu; Q. F. Li; J. X. Zhang and L. C. Zhao,Intermetallics,Shape-memory behaviors in an aged Ni-rich TiNiHf high temperature shape-memory alloy,2008.0,50.6,29.4,7.036,Ni50.6Ti29.4Hf20.0 %,20.0
X. L. Meng; W. Cai; Y. D. Fu; Q. F. Li; J. X. Zhang and L. C. Zhao,Intermetallics,Shape-memory behaviors in an aged Ni-rich TiNiHf high temperature shape-memory alloy,2008.0,50.6,29.4,7.036,Ni50.6Ti29.4Hf20.0 %,20.0
S. Saghaian; H. Karaca; H. Tobe; J. Pons; R. Santamarta; Y. Chumlyakov and R. Noebe,Smart Materials and Structures,Effects of Ni content on the shape memory properties and microstructure of Ni-rich NiTi-20Hf alloys,2016.0,50.7,29.3,7.042,Ni50.7Ti29.3Hf20.0 %,20.0
S. M. Saghaian,Mechanical Engineering,Shape memory behavior of single crystal and polycrystalline Ni-rich NiTiHf high temperature shape memory alloys,2015.0,50.7,29.3,7.042,Ni50.7Ti29.3Hf20.0 %,20.0
S. M. Saghaian,Mechanical Engineering,Shape memory behavior of single crystal and polycrystalline Ni-rich NiTiHf high temperature shape memory alloys,2015.0,50.7,29.3,7.042,Ni50.7Ti29.3Hf20.0 %,20.0
S. M. Saghaian,Mechanical Engineering,Shape memory behavior of single crystal and polycrystalline Ni-rich NiTiHf high temperature shape memory alloys,2015.0,50.7,29.3,7.042,Ni50.7Ti29.3Hf20.0 %,20.0
S. M. Saghaian,Mechanical Engineering,Shape memory behavior of single crystal and polycrystalline Ni-rich NiTiHf high temperature shape memory alloys,2015.0,50.7,29.3,7.042,Ni50.7Ti29.3Hf20.0 %,20.0
S. M. Saghaian,Mechanical Engineering,Shape memory behavior of single crystal and polycrystalline Ni-rich NiTiHf high temperature shape memory alloys,2015.0,50.7,29.3,7.042,Ni50.7Ti29.3Hf20.0 %,20.0
S. M. Saghaian,Mechanical Engineering,Shape memory behavior of single crystal and polycrystalline Ni-rich NiTiHf high temperature shape memory alloys,2015.0,50.7,29.3,7.042,Ni50.7Ti29.3Hf20.0 %,20.0
S. M. Saghaian,Mechanical Engineering,Shape memory behavior of single crystal and polycrystalline Ni-rich NiTiHf high temperature shape memory alloys,2015.0,50.7,29.3,7.042,Ni50.7Ti29.3Hf20.0 %,20.0
S. M. Saghaian,Mechanical Engineering,Shape memory behavior of single crystal and polycrystalline Ni-rich NiTiHf high temperature shape memory alloys,2015.0,50.7,29.3,7.042,Ni50.7Ti29.3Hf20.0 %,20.0
S. M. Saghaian,Mechanical Engineering,Shape memory behavior of single crystal and polycrystalline Ni-rich NiTiHf high temperature shape memory alloys,2015.0,50.7,29.3,7.042,Ni50.7Ti29.3Hf20.0 %,20.0
S. M. Saghaian,Mechanical Engineering,Shape memory behavior of single crystal and polycrystalline Ni-rich NiTiHf high temperature shape memory alloys,2015.0,50.7,29.3,7.042,Ni50.7Ti29.3Hf20.0 %,20.0
S. M. Saghaian,Mechanical Engineering,Shape memory behavior of single crystal and polycrystalline Ni-rich NiTiHf high temperature shape memory alloys,2015.0,50.7,29.3,7.042,Ni50.7Ti29.3Hf20.0 %,20.0
S. M. Saghaian,Mechanical Engineering,Shape memory behavior of single crystal and polycrystalline Ni-rich NiTiHf high temperature shape memory alloys,2015.0,50.7,29.3,7.042,Ni50.7Ti29.3Hf20.0 %,20.0
S. M. Saghaian,Mechanical Engineering,Shape memory behavior of single crystal and polycrystalline Ni-rich NiTiHf high temperature shape memory alloys,2015.0,50.7,29.3,7.042,Ni50.7Ti29.3Hf20.0 %,20.0
S. M. Saghaian,Mechanical Engineering,Shape memory behavior of single crystal and polycrystalline Ni-rich NiTiHf high temperature shape memory alloys,2015.0,50.7,29.3,7.042,Ni50.7Ti29.3Hf20.0 %,20.0
S. M. Saghaian,Mechanical Engineering,Shape memory behavior of single crystal and polycrystalline Ni-rich NiTiHf high temperature shape memory alloys,2015.0,50.7,29.3,7.042,Ni50.7Ti29.3Hf20.0 %,20.0
S. M. Saghaian,Mechanical Engineering,Shape memory behavior of single crystal and polycrystalline Ni-rich NiTiHf high temperature shape memory alloys,2015.0,50.7,29.3,7.042,Ni50.7Ti29.3Hf20.0 %,20.0
S. M. Saghaian,Mechanical Engineering,Shape memory behavior of single crystal and polycrystalline Ni-rich NiTiHf high temperature shape memory alloys,2015.0,50.7,29.3,7.042,Ni50.7Ti29.3Hf20.0 %,20.0
S. M. Saghaian,Mechanical Engineering,Shape memory behavior of single crystal and polycrystalline Ni-rich NiTiHf high temperature shape memory alloys,2015.0,50.7,29.3,7.042,Ni50.7Ti29.3Hf20.0 %,20.0
S. M. Saghaian,Mechanical Engineering,Shape memory behavior of single crystal and polycrystalline Ni-rich NiTiHf high temperature shape memory alloys,2015.0,50.7,29.3,7.042,Ni50.7Ti29.3Hf20.0 %,20.0
S. M. Saghaian,Mechanical Engineering,Shape memory behavior of single crystal and polycrystalline Ni-rich NiTiHf high temperature shape memory alloys,2015.0,50.7,29.3,7.042,Ni50.7Ti29.3Hf20.0 %,20.0
S. M. Saghaian,Mechanical Engineering,Shape memory behavior of single crystal and polycrystalline Ni-rich NiTiHf high temperature shape memory alloys,2015.0,50.7,29.3,7.042,Ni50.7Ti29.3Hf20.0 %,20.0
S. M. Saghaian,Mechanical Engineering,Shape memory behavior of single crystal and polycrystalline Ni-rich NiTiHf high temperature shape memory alloys,2015.0,50.7,29.3,7.042,Ni50.7Ti29.3Hf20.0 %,20.0
S. M. Saghaian,Mechanical Engineering,Shape memory behavior of single crystal and polycrystalline Ni-rich NiTiHf high temperature shape memory alloys,2015.0,50.7,29.3,7.042,Ni50.7Ti29.3Hf20.0 %,20.0
S. M. Saghaian,Mechanical Engineering,Shape memory behavior of single crystal and polycrystalline Ni-rich NiTiHf high temperature shape memory alloys,2015.0,50.7,29.3,7.042,Ni50.7Ti29.3Hf20.0 %,20.0
S. M. Saghaian,Mechanical Engineering,Shape memory behavior of single crystal and polycrystalline Ni-rich NiTiHf high temperature shape memory alloys,2015.0,50.7,29.3,7.042,Ni50.7Ti29.3Hf20.0 %,20.0
S. M. Saghaian,Mechanical Engineering,Shape memory behavior of single crystal and polycrystalline Ni-rich NiTiHf high temperature shape memory alloys,2015.0,50.7,29.3,7.042,Ni50.7Ti29.3Hf20.0 %,20.0
S. M. Saghaian,Mechanical Engineering,Shape memory behavior of single crystal and polycrystalline Ni-rich NiTiHf high temperature shape memory alloys,2015.0,50.7,29.3,7.042,Ni50.7Ti29.3Hf20.0 %,20.0
S. M. Saghaian,Mechanical Engineering,Shape memory behavior of single crystal and polycrystalline Ni-rich NiTiHf high temperature shape memory alloys,2015.0,50.7,29.3,7.042,Ni50.7Ti29.3Hf20.0 %,20.0
S. M. Saghaian,Mechanical Engineering,Shape memory behavior of single crystal and polycrystalline Ni-rich NiTiHf high temperature shape memory alloys,2015.0,50.7,29.3,7.042,Ni50.7Ti29.3Hf20.0 %,20.0
S. M. Saghaian,Mechanical Engineering,Shape memory behavior of single crystal and polycrystalline Ni-rich NiTiHf high temperature shape memory alloys,2015.0,50.7,29.3,7.042,Ni50.7Ti29.3Hf20.0 %,20.0
S. M. Saghaian,Mechanical Engineering,Shape memory behavior of single crystal and polycrystalline Ni-rich NiTiHf high temperature shape memory alloys,2015.0,50.7,29.3,7.042,Ni50.7Ti29.3Hf20.0 %,20.0
S. M. Saghaian,Mechanical Engineering,Shape memory behavior of single crystal and polycrystalline Ni-rich NiTiHf high temperature shape memory alloys,2015.0,50.7,29.3,7.042,Ni50.7Ti29.3Hf20.0 %,20.0
S. M. Saghaian,Mechanical Engineering,Shape memory behavior of single crystal and polycrystalline Ni-rich NiTiHf high temperature shape memory alloys,2015.0,50.7,29.3,7.042,Ni50.7Ti29.3Hf20.0 %,20.0
S. M. Saghaian,Mechanical Engineering,Shape memory behavior of single crystal and polycrystalline Ni-rich NiTiHf high temperature shape memory alloys,2015.0,50.7,29.3,7.042,Ni50.7Ti29.3Hf20.0 %,20.0
S. M. Saghaian,Mechanical Engineering,Shape memory behavior of single crystal and polycrystalline Ni-rich NiTiHf high temperature shape memory alloys,2015.0,50.7,29.3,7.042,Ni50.7Ti29.3Hf20.0 %,20.0
S. M. Saghaian,Mechanical Engineering,Shape memory behavior of single crystal and polycrystalline Ni-rich NiTiHf high temperature shape memory alloys,2015.0,50.7,29.3,7.042,Ni50.7Ti29.3Hf20.0 %,20.0
S. M. Saghaian,Mechanical Engineering,Shape memory behavior of single crystal and polycrystalline Ni-rich NiTiHf high temperature shape memory alloys,2015.0,50.7,29.3,7.042,Ni50.7Ti29.3Hf20.0 %,20.0
S. M. Saghaian,Mechanical Engineering,Shape memory behavior of single crystal and polycrystalline Ni-rich NiTiHf high temperature shape memory alloys,2015.0,50.7,29.3,7.042,Ni50.7Ti29.3Hf20.0 %,20.0
S. M. Saghaian,Mechanical Engineering,Shape memory behavior of single crystal and polycrystalline Ni-rich NiTiHf high temperature shape memory alloys,2015.0,50.7,29.3,7.042,Ni50.7Ti29.3Hf20.0 %,20.0
S. M. Saghaian,Mechanical Engineering,Shape memory behavior of single crystal and polycrystalline Ni-rich NiTiHf high temperature shape memory alloys,2015.0,50.7,29.3,7.042,Ni50.7Ti29.3Hf20.0 %,20.0
S. M. Saghaian,Mechanical Engineering,Shape memory behavior of single crystal and polycrystalline Ni-rich NiTiHf high temperature shape memory alloys,2015.0,50.7,29.3,7.042,Ni50.7Ti29.3Hf20.0 %,20.0
S. M. Saghaian,Mechanical Engineering,Shape memory behavior of single crystal and polycrystalline Ni-rich NiTiHf high temperature shape memory alloys,2015.0,50.7,29.3,7.042,Ni50.7Ti29.3Hf20.0 %,20.0
S. M. Saghaian,Mechanical Engineering,Shape memory behavior of single crystal and polycrystalline Ni-rich NiTiHf high temperature shape memory alloys,2015.0,50.7,29.3,7.042,Ni50.7Ti29.3Hf20.0 %,20.0
S. M. Saghaian,Mechanical Engineering,Shape memory behavior of single crystal and polycrystalline Ni-rich NiTiHf high temperature shape memory alloys,2015.0,50.7,29.3,7.042,Ni50.7Ti29.3Hf20.0 %,20.0
S. M. Saghaian,Mechanical Engineering,Shape memory behavior of single crystal and polycrystalline Ni-rich NiTiHf high temperature shape memory alloys,2015.0,50.7,29.3,7.042,Ni50.7Ti29.3Hf20.0 %,20.0
S. M. Saghaian,Mechanical Engineering,Shape memory behavior of single crystal and polycrystalline Ni-rich NiTiHf high temperature shape memory alloys,2015.0,50.7,29.3,7.042,Ni50.7Ti29.3Hf20.0 %,20.0
S. M. Saghaian,Mechanical Engineering,Shape memory behavior of single crystal and polycrystalline Ni-rich NiTiHf high temperature shape memory alloys,2015.0,50.7,29.3,7.042,Ni50.7Ti29.3Hf20.0 %,20.0
S. M. Saghaian,Mechanical Engineering,Shape memory behavior of single crystal and polycrystalline Ni-rich NiTiHf high temperature shape memory alloys,2015.0,50.7,29.3,7.042,Ni50.7Ti29.3Hf20.0 %,20.0
S. M. Saghaian,Mechanical Engineering,Shape memory behavior of single crystal and polycrystalline Ni-rich NiTiHf high temperature shape memory alloys,2015.0,50.7,29.3,7.042,Ni50.7Ti29.3Hf20.0 %,20.0
S. M. Saghaian,Mechanical Engineering,Shape memory behavior of single crystal and polycrystalline Ni-rich NiTiHf high temperature shape memory alloys,2015.0,50.7,29.3,7.042,Ni50.7Ti29.3Hf20.0 %,20.0
S. M. Saghaian,Mechanical Engineering,Shape memory behavior of single crystal and polycrystalline Ni-rich NiTiHf high temperature shape memory alloys,2015.0,50.7,29.3,7.042,Ni50.7Ti29.3Hf20.0 %,20.0
S. M. Saghaian,Mechanical Engineering,Shape memory behavior of single crystal and polycrystalline Ni-rich NiTiHf high temperature shape memory alloys,2015.0,50.7,29.3,7.042,Ni50.7Ti29.3Hf20.0 %,20.0
S. M. Saghaian,Mechanical Engineering,Shape memory behavior of single crystal and polycrystalline Ni-rich NiTiHf high temperature shape memory alloys,2015.0,50.7,29.3,7.042,Ni50.7Ti29.3Hf20.0 %,20.0
S. M. Saghaian,Mechanical Engineering,Shape memory behavior of single crystal and polycrystalline Ni-rich NiTiHf high temperature shape memory alloys,2015.0,50.7,29.3,7.042,Ni50.7Ti29.3Hf20.0 %,20.0
S. M. Saghaian,Mechanical Engineering,Shape memory behavior of single crystal and polycrystalline Ni-rich NiTiHf high temperature shape memory alloys,2015.0,50.7,29.3,7.042,Ni50.7Ti29.3Hf20.0 %,20.0
S. M. Saghaian,Mechanical Engineering,Shape memory behavior of single crystal and polycrystalline Ni-rich NiTiHf high temperature shape memory alloys,2015.0,50.7,29.3,7.042,Ni50.7Ti29.3Hf20.0 %,20.0
S. M. Saghaian,Mechanical Engineering,Shape memory behavior of single crystal and polycrystalline Ni-rich NiTiHf high temperature shape memory alloys,2015.0,50.7,29.3,7.042,Ni50.7Ti29.3Hf20.0 %,20.0
S. M. Saghaian,Mechanical Engineering,Shape memory behavior of single crystal and polycrystalline Ni-rich NiTiHf high temperature shape memory alloys,2015.0,50.7,29.3,7.042,Ni50.7Ti29.3Hf20.0 %,20.0
S. M. Saghaian,Mechanical Engineering,Shape memory behavior of single crystal and polycrystalline Ni-rich NiTiHf high temperature shape memory alloys,2015.0,50.7,29.3,7.042,Ni50.7Ti29.3Hf20.0 %,20.0
S. M. Saghaian,Mechanical Engineering,Shape memory behavior of single crystal and polycrystalline Ni-rich NiTiHf high temperature shape memory alloys,2015.0,50.7,29.3,7.042,Ni50.7Ti29.3Hf20.0 %,20.0
S. M. Saghaian,Mechanical Engineering,Shape memory behavior of single crystal and polycrystalline Ni-rich NiTiHf high temperature shape memory alloys,2015.0,50.7,29.3,7.042,Ni50.7Ti29.3Hf20.0 %,20.0
S. M. Saghaian,Mechanical Engineering,Shape memory behavior of single crystal and polycrystalline Ni-rich NiTiHf high temperature shape memory alloys,2015.0,50.7,29.3,7.042,Ni50.7Ti29.3Hf20.0 %,20.0
S. M. Saghaian,Mechanical Engineering,Shape memory behavior of single crystal and polycrystalline Ni-rich NiTiHf high temperature shape memory alloys,2015.0,50.7,29.3,7.042,Ni50.7Ti29.3Hf20.0 %,20.0
S. M. Saghaian,Mechanical Engineering,Shape memory behavior of single crystal and polycrystalline Ni-rich NiTiHf high temperature shape memory alloys,2015.0,50.7,29.3,7.042,Ni50.7Ti29.3Hf20.0 %,20.0
S. M. Saghaian,Mechanical Engineering,Shape memory behavior of single crystal and polycrystalline Ni-rich NiTiHf high temperature shape memory alloys,2015.0,50.7,29.3,7.042,Ni50.7Ti29.3Hf20.0 %,20.0
S. M. Saghaian,Mechanical Engineering,Shape memory behavior of single crystal and polycrystalline Ni-rich NiTiHf high temperature shape memory alloys,2015.0,50.7,29.3,7.042,Ni50.7Ti29.3Hf20.0 %,20.0
R. Santamarta; R. Arróyave; J. Pons; A. Evirgen; I. Karaman; H. Karaca and R. Noebe,Acta Materialia,TEM study of structural and microstructural characteristics of a precipitate phase in Ni-rich Ni–Ti–Hf and Ni–Ti–Zr shape memory alloys,2013.0,50.7,29.3,7.042,Ni50.7Ti29.3Hf20.0 %,20.0
T. Umale; D. Salas; B. Tomes; R. Arroyave and I. Karaman,Scripta Materialia,The effects of wide range of compositional changes on the martensitic transformation characteristics of NiTiHf shape memory alloys,2019.0,50.7,44.3,7.042,Ni50.7Ti44.3Hf5.0 %,5.0
T. Umale; D. Salas; B. Tomes; R. Arroyave and I. Karaman,Scripta Materialia,The effects of wide range of compositional changes on the martensitic transformation characteristics of NiTiHf shape memory alloys,2019.0,50.7,39.3,7.042,Ni50.7Ti39.3Hf10.0 %,10.0
T. Umale; D. Salas; B. Tomes; R. Arroyave and I. Karaman,Scripta Materialia,The effects of wide range of compositional changes on the martensitic transformation characteristics of NiTiHf shape memory alloys,2019.0,50.7,34.3,7.042,Ni50.7Ti34.3Hf15.0 %,15.0
T. Umale; D. Salas; B. Tomes; R. Arroyave and I. Karaman,Scripta Materialia,The effects of wide range of compositional changes on the martensitic transformation characteristics of NiTiHf shape memory alloys,2019.0,50.7,29.3,7.042,Ni50.7Ti29.299999999999997Hf20.0 %,20.0
T. Umale; D. Salas; B. Tomes; R. Arroyave and I. Karaman,Scripta Materialia,The effects of wide range of compositional changes on the martensitic transformation characteristics of NiTiHf shape memory alloys,2019.0,50.7,24.3,7.042,Ni50.7Ti24.299999999999997Hf25.0 %,25.0
T. Umale; D. Salas; B. Tomes; R. Arroyave and I. Karaman,Scripta Materialia,The effects of wide range of compositional changes on the martensitic transformation characteristics of NiTiHf shape memory alloys,2019.0,50.7,19.3,7.042,Ni50.7Ti19.299999999999997Hf30.0 %,30.0
X. L. Meng; W. Cai; F. Chen and L. C. Zhao,Scripta Materialia,Effect of aging on martensitic transformation and microstructure in Ni-rich TiNiHf shape memory alloy,2006.0,50.8,29.2,7.048,Ni50.8Ti29.2Hf20.0 %,20.0
J. H. Kim; C. H. Park; S. W. Kim; J. K. Hong; C.-S. Oh; Y. M. Jeon; K. M. Kim and J. T. Yeom,Journal of Nanoscience and Nanotechnology,Effects of Microstructure and Deformation Conditions on the Hot Formability of Ni–Ti–Hf Shape Memory Alloys,2014.0,50.8,39.2,7.048,Ni50.8Ti39.2Hf10.0 %,10.0
J. H. Kim; C. H. Park; S. W. Kim; J. K. Hong; C.-S. Oh; Y. M. Jeon; K. M. Kim and J. T. Yeom,Journal of Nanoscience and Nanotechnology,Effects of Microstructure and Deformation Conditions on the Hot Formability of Ni–Ti–Hf Shape Memory Alloys,2014.0,50.8,39.2,7.048,Ni50.8Ti39.2Hf10.0 %,10.0
J. H. Kim; C. H. Park; S. W. Kim; J. K. Hong; C.-S. Oh; Y. M. Jeon; K. M. Kim and J. T. Yeom,Journal of Nanoscience and Nanotechnology,Effects of Microstructure and Deformation Conditions on the Hot Formability of Ni–Ti–Hf Shape Memory Alloys,2014.0,50.8,39.2,7.048,Ni50.8Ti39.2Hf10.0 %,10.0
J. H. Kim; C. H. Park; S. W. Kim; J. K. Hong; C.-S. Oh; Y. M. Jeon; K. M. Kim and J. T. Yeom,Journal of Nanoscience and Nanotechnology,Effects of Microstructure and Deformation Conditions on the Hot Formability of Ni–Ti–Hf Shape Memory Alloys,2014.0,50.8,39.2,7.048,Ni50.8Ti39.2Hf10.0 %,10.0
J. H. Kim; C. H. Park; S. W. Kim; J. K. Hong; C.-S. Oh; Y. M. Jeon; K. M. Kim and J. T. Yeom,Journal of Nanoscience and Nanotechnology,Effects of Microstructure and Deformation Conditions on the Hot Formability of Ni–Ti–Hf Shape Memory Alloys,2014.0,50.8,37.2,7.048,Ni50.8Ti37.2Hf12.0 %,12.0
J. H. Kim; C. H. Park; S. W. Kim; J. K. Hong; C.-S. Oh; Y. M. Jeon; K. M. Kim and J. T. Yeom,Journal of Nanoscience and Nanotechnology,Effects of Microstructure and Deformation Conditions on the Hot Formability of Ni–Ti–Hf Shape Memory Alloys,2014.0,50.8,37.2,7.048,Ni50.8Ti37.2Hf12.0 %,12.0
J. H. Kim; C. H. Park; S. W. Kim; J. K. Hong; C.-S. Oh; Y. M. Jeon; K. M. Kim and J. T. Yeom,Journal of Nanoscience and Nanotechnology,Effects of Microstructure and Deformation Conditions on the Hot Formability of Ni–Ti–Hf Shape Memory Alloys,2014.0,50.8,37.2,7.048,Ni50.8Ti37.2Hf12.0 %,12.0
J. H. Kim; C. H. Park; S. W. Kim; J. K. Hong; C.-S. Oh; Y. M. Jeon; K. M. Kim and J. T. Yeom,Journal of Nanoscience and Nanotechnology,Effects of Microstructure and Deformation Conditions on the Hot Formability of Ni–Ti–Hf Shape Memory Alloys,2014.0,50.8,37.2,7.048,Ni50.8Ti37.2Hf12.0 %,12.0
J. H. Kim; C. H. Park; S. W. Kim; J. K. Hong; C.-S. Oh; Y. M. Jeon; K. M. Kim and J. T. Yeom,Journal of Nanoscience and Nanotechnology,Effects of Microstructure and Deformation Conditions on the Hot Formability of Ni–Ti–Hf Shape Memory Alloys,2014.0,50.8,35.2,7.048,Ni50.8Ti35.2Hf14.0 %,14.0
J. H. Kim; C. H. Park; S. W. Kim; J. K. Hong; C.-S. Oh; Y. M. Jeon; K. M. Kim and J. T. Yeom,Journal of Nanoscience and Nanotechnology,Effects of Microstructure and Deformation Conditions on the Hot Formability of Ni–Ti–Hf Shape Memory Alloys,2014.0,50.8,35.2,7.048,Ni50.8Ti35.2Hf14.0 %,14.0
X. L. Meng; W. Cai; Y. F. Zheng and L. C. Zhao,Materials Science and Engineering: A,Phase transformation and precipitation in aged Ti–Ni–Hf high-temperature shape memory alloys,2006.0,50.8,29.2,7.048,Ni50.8Ti29.2Hf20.0 %,20.0
D. N. Abujudom; M. Y. Kao; P. E. Thoma and D. R. Angst,US5114504,High transformation temperature shape memory alloy,1992.0,51.0,39.0,7.06,Ni51.0Ti39.0Hf10.0 %,10.0
G. S. Firstov; J. Van Humbeeck and Y. N. Koval,Materials Science and Engineering: A,High-temperature shape memory alloys,2004.0,51.0,34.3,7.06,Ni51.0Ti34.3Hf14.7 %,14.7
D. Coughlin; L. Casalena; F. Yang; R. Noebe and M. Mills,Journal of Materials Science,Microstructure–property relationships in a high-strength 51Ni–29Ti–20Hf shape memory alloy,2016.0,51.0,29.0,7.06,Ni51.0Ti29.0Hf20.0 %,20.0
D. Coughlin; L. Casalena; F. Yang; R. Noebe and M. Mills,Journal of Materials Science,Microstructure–property relationships in a high-strength 51Ni–29Ti–20Hf shape memory alloy,2016.0,51.0,29.0,7.06,Ni51.0Ti29.0Hf20.0 %,20.0
D. Coughlin; L. Casalena; F. Yang; R. Noebe and M. Mills,Journal of Materials Science,Microstructure–property relationships in a high-strength 51Ni–29Ti–20Hf shape memory alloy,2016.0,51.0,29.0,7.06,Ni51.0Ti29.0Hf20.0 %,20.0
D. Coughlin; L. Casalena; F. Yang; R. Noebe and M. Mills,Journal of Materials Science,Microstructure–property relationships in a high-strength 51Ni–29Ti–20Hf shape memory alloy,2016.0,51.0,29.0,7.06,Ni51.0Ti29.0Hf20.0 %,20.0
D. Coughlin; L. Casalena; F. Yang; R. Noebe and M. Mills,Journal of Materials Science,Microstructure–property relationships in a high-strength 51Ni–29Ti–20Hf shape memory alloy,2016.0,51.0,29.0,7.06,Ni51.0Ti29.0Hf20.0 %,20.0
D. Coughlin; L. Casalena; F. Yang; R. Noebe and M. Mills,Journal of Materials Science,Microstructure–property relationships in a high-strength 51Ni–29Ti–20Hf shape memory alloy,2016.0,51.0,29.0,7.06,Ni51.0Ti29.0Hf20.0 %,20.0
E. Y. Panchenko; Y. I. Chumlyakov; N. Y. Surikov; A. Tagiltsev; N. Vetoshkina; K. Osipovich; H. Maier and H. Sehitoglu,Russian Physics Journal,Orientation Dependence of Functional Properties in Heterophase Single Crystals of the Ti36. 5Ni51. 0Hf12. 5 and Ti48. 5Ni51. 5 Alloys,2016.0,51.0,36.5,7.06,Ni51.0Ti36.5Hf12.5 %,12.5
E. Y. Panchenko; Y. I. Chumlyakov; N. Y. Surikov; A. Tagiltsev; N. Vetoshkina; K. Osipovich; H. Maier and H. Sehitoglu,Russian Physics Journal,Orientation Dependence of Functional Properties in Heterophase Single Crystals of the Ti36. 5Ni51. 0Hf12. 5 and Ti48. 5Ni51. 5 Alloys,2016.0,51.0,36.5,7.06,Ni51.0Ti36.5Hf12.5 %,12.5
E. Y. Panchenko; Y. I. Chumlyakov; N. Y. Surikov; A. Tagiltsev; N. Vetoshkina; K. Osipovich; H. Maier and H. Sehitoglu,Russian Physics Journal,Orientation Dependence of Functional Properties in Heterophase Single Crystals of the Ti36. 5Ni51. 0Hf12. 5 and Ti48. 5Ni51. 5 Alloys,2016.0,51.0,36.5,7.06,Ni51.0Ti36.5Hf12.5 %,12.5
E. Y. Panchenko; Y. I. Chumlyakov; N. Y. Surikov; A. Tagiltsev; N. Vetoshkina; K. Osipovich; H. Maier and H. Sehitoglu,Russian Physics Journal,Orientation Dependence of Functional Properties in Heterophase Single Crystals of the Ti36. 5Ni51. 0Hf12. 5 and Ti48. 5Ni51. 5 Alloys,2016.0,51.0,36.5,7.06,Ni51.0Ti36.5Hf12.5 %,12.5
E. Y. Panchenko; Y. I. Chumlyakov; N. Y. Surikov; A. Tagiltsev; N. Vetoshkina; K. Osipovich; H. Maier and H. Sehitoglu,Russian Physics Journal,Orientation Dependence of Functional Properties in Heterophase Single Crystals of the Ti36. 5Ni51. 0Hf12. 5 and Ti48. 5Ni51. 5 Alloys,2016.0,51.0,36.5,7.06,Ni51.0Ti36.5Hf12.5 %,12.5
E. Y. Panchenko; Y. I. Chumlyakov; N. Y. Surikov; A. Tagiltsev; N. Vetoshkina; K. Osipovich; H. Maier and H. Sehitoglu,Russian Physics Journal,Orientation Dependence of Functional Properties in Heterophase Single Crystals of the Ti36. 5Ni51. 0Hf12. 5 and Ti48. 5Ni51. 5 Alloys,2016.0,51.0,36.5,7.06,Ni51.0Ti36.5Hf12.5 %,12.5
E. Y. Panchenko; Y. I. Chumlyakov; N. Y. Surikov; A. Tagiltsev; N. Vetoshkina; K. Osipovich; H. Maier and H. Sehitoglu,Russian Physics Journal,Orientation Dependence of Functional Properties in Heterophase Single Crystals of the Ti36. 5Ni51. 0Hf12. 5 and Ti48. 5Ni51. 5 Alloys,2016.0,51.0,36.5,7.06,Ni51.0Ti36.5Hf12.5 %,12.5
L. Casalena; J. M. Sosa; D. R. Coughlin; F. Yang; X. Chen; H. Paranjape; Y. Gao; R. D. Noebe; G. S. Bigelow; D. Gaydosh; S. A. P. II; Y. Wang; P. M. Anderson and M. J. Mills,Microscopy and Microanalysis,Revealing Transformation and Deformation Mechanisms in NiTiHf and NiTiAu High Temperature Shape Memory Alloys Through Microstructural Investigations,2016.0,51.0,29.0,7.06,Ni51.0Ti29.0Hf20.0 %,20.0
Y. Wu; L. Patriarca; G. Li; H. Sehitoglu; Y. Soejima; T. Ito and M. Nishida,Shape Memory and Superelasticity,Shape memory response of polycrystalline NiTi12. 5Hf alloy: transformation at small scales,2015.0,51.0,36.5,7.06,Ni51.0Ti36.5Hf12.5 %,12.5
Y. Wu; L. Patriarca; G. Li; H. Sehitoglu; Y. Soejima; T. Ito and M. Nishida,Shape Memory and Superelasticity,Shape memory response of polycrystalline NiTi12. 5Hf alloy: transformation at small scales,2015.0,51.0,36.5,7.06,Ni51.0Ti36.5Hf12.5 %,12.5
Y. Wu; L. Patriarca; G. Li; H. Sehitoglu; Y. Soejima; T. Ito and M. Nishida,Shape Memory and Superelasticity,Shape memory response of polycrystalline NiTi12. 5Hf alloy: transformation at small scales,2015.0,51.0,36.5,7.06,Ni51.0Ti36.5Hf12.5 %,12.5
Y. Wu; L. Patriarca; G. Li; H. Sehitoglu; Y. Soejima; T. Ito and M. Nishida,Shape Memory and Superelasticity,Shape memory response of polycrystalline NiTi12. 5Hf alloy: transformation at small scales,2015.0,51.0,36.5,7.06,Ni51.0Ti36.5Hf12.5 %,12.5
Y. Wu; L. Patriarca; G. Li; H. Sehitoglu; Y. Soejima; T. Ito and M. Nishida,Shape Memory and Superelasticity,Shape memory response of polycrystalline NiTi12. 5Hf alloy: transformation at small scales,2015.0,51.0,36.5,7.06,Ni51.0Ti36.5Hf12.5 %,12.5
Y. Wu; L. Patriarca; G. Li; H. Sehitoglu; Y. Soejima; T. Ito and M. Nishida,Shape Memory and Superelasticity,Shape memory response of polycrystalline NiTi12. 5Hf alloy: transformation at small scales,2015.0,51.0,36.5,7.06,Ni51.0Ti36.5Hf12.5 %,12.5
Y. Wu; L. Patriarca; G. Li; H. Sehitoglu; Y. Soejima; T. Ito and M. Nishida,Shape Memory and Superelasticity,Shape memory response of polycrystalline NiTi12. 5Hf alloy: transformation at small scales,2015.0,51.0,36.5,7.06,Ni51.0Ti36.5Hf12.5 %,12.5
Y. Wu; L. Patriarca; G. Li; H. Sehitoglu; Y. Soejima; T. Ito and M. Nishida,Shape Memory and Superelasticity,Shape memory response of polycrystalline NiTi12. 5Hf alloy: transformation at small scales,2015.0,51.0,36.5,7.06,Ni51.0Ti36.5Hf12.5 %,12.5
Y. Wu; L. Patriarca; G. Li; H. Sehitoglu; Y. Soejima; T. Ito and M. Nishida,Shape Memory and Superelasticity,Shape memory response of polycrystalline NiTi12. 5Hf alloy: transformation at small scales,2015.0,51.0,36.5,7.06,Ni51.0Ti36.5Hf12.5 %,12.5
Y. Wu; L. Patriarca; G. Li; H. Sehitoglu; Y. Soejima; T. Ito and M. Nishida,Shape Memory and Superelasticity,Shape memory response of polycrystalline NiTi12. 5Hf alloy: transformation at small scales,2015.0,51.0,36.5,7.06,Ni51.0Ti36.5Hf12.5 %,12.5
Y. Wu; L. Patriarca; G. Li; H. Sehitoglu; Y. Soejima; T. Ito and M. Nishida,Shape Memory and Superelasticity,Shape memory response of polycrystalline NiTi12. 5Hf alloy: transformation at small scales,2015.0,51.0,36.5,7.06,Ni51.0Ti36.5Hf12.5 %,12.5
Y. Wu; L. Patriarca; G. Li; H. Sehitoglu; Y. Soejima; T. Ito and M. Nishida,Shape Memory and Superelasticity,Shape memory response of polycrystalline NiTi12. 5Hf alloy: transformation at small scales,2015.0,51.0,36.5,7.06,Ni51.0Ti36.5Hf12.5 %,12.5
Y. Wu; L. Patriarca; G. Li; H. Sehitoglu; Y. Soejima; T. Ito and M. Nishida,Shape Memory and Superelasticity,Shape memory response of polycrystalline NiTi12. 5Hf alloy: transformation at small scales,2015.0,51.0,36.5,7.06,Ni51.0Ti36.5Hf12.5 %,12.5
Y. Wu; L. Patriarca; G. Li; H. Sehitoglu; Y. Soejima; T. Ito and M. Nishida,Shape Memory and Superelasticity,Shape memory response of polycrystalline NiTi12. 5Hf alloy: transformation at small scales,2015.0,51.0,36.5,7.06,Ni51.0Ti36.5Hf12.5 %,12.5
Y. Wu; L. Patriarca; G. Li; H. Sehitoglu; Y. Soejima; T. Ito and M. Nishida,Shape Memory and Superelasticity,Shape memory response of polycrystalline NiTi12. 5Hf alloy: transformation at small scales,2015.0,51.0,36.5,7.06,Ni51.0Ti36.5Hf12.5 %,12.5
Y. Wu; L. Patriarca; G. Li; H. Sehitoglu; Y. Soejima; T. Ito and M. Nishida,Shape Memory and Superelasticity,Shape memory response of polycrystalline NiTi12. 5Hf alloy: transformation at small scales,2015.0,51.0,36.5,7.06,Ni51.0Ti36.5Hf12.5 %,12.5
Y. Wu; L. Patriarca; G. Li; H. Sehitoglu; Y. Soejima; T. Ito and M. Nishida,Shape Memory and Superelasticity,Shape memory response of polycrystalline NiTi12. 5Hf alloy: transformation at small scales,2015.0,51.0,36.5,7.06,Ni51.0Ti36.5Hf12.5 %,12.5
Y. Wu; L. Patriarca; G. Li; H. Sehitoglu; Y. Soejima; T. Ito and M. Nishida,Shape Memory and Superelasticity,Shape memory response of polycrystalline NiTi12. 5Hf alloy: transformation at small scales,2015.0,51.0,36.5,7.06,Ni51.0Ti36.5Hf12.5 %,12.5
Y. Wu; L. Patriarca; G. Li; H. Sehitoglu; Y. Soejima; T. Ito and M. Nishida,Shape Memory and Superelasticity,Shape memory response of polycrystalline NiTi12. 5Hf alloy: transformation at small scales,2015.0,51.0,36.5,7.06,Ni51.0Ti36.5Hf12.5 %,12.5
Y. Wu; L. Patriarca; G. Li; H. Sehitoglu; Y. Soejima; T. Ito and M. Nishida,Shape Memory and Superelasticity,Shape memory response of polycrystalline NiTi12. 5Hf alloy: transformation at small scales,2015.0,51.0,36.5,7.06,Ni51.0Ti36.5Hf12.5 %,12.5
Y. Wu; L. Patriarca; G. Li; H. Sehitoglu; Y. Soejima; T. Ito and M. Nishida,Shape Memory and Superelasticity,Shape memory response of polycrystalline NiTi12. 5Hf alloy: transformation at small scales,2015.0,51.0,36.5,7.06,Ni51.0Ti36.5Hf12.5 %,12.5
E. Panchenko; N. Surikov; Y. Chumlyakov; A. Eftifeeva; A. Neiman and H. Sehitoglu,Materials Today,Stress-ageing effects on the functional properties of high-strength [001]-oriented Ni51.0Ti37.3Hf12.5 single crystals,2017.0,51.0,36.5,7.06,Ni51.0Ti36.5Hf12.5 %,12.5
E. Panchenko; N. Surikov; Y. Chumlyakov; A. Eftifeeva; A. Neiman and H. Sehitoglu,Materials Today,Stress-ageing effects on the functional properties of high-strength [001]-oriented Ni51.0Ti37.3Hf12.5 single crystals,2017.0,51.0,36.5,7.06,Ni51.0Ti36.5Hf12.5 %,12.5
E. Panchenko; N. Surikov; Y. Chumlyakov; A. Eftifeeva; A. Neiman and H. Sehitoglu,Materials Today,Stress-ageing effects on the functional properties of high-strength [001]-oriented Ni51.0Ti37.3Hf12.5 single crystals,2017.0,51.0,36.5,7.06,Ni51.0Ti36.5Hf12.5 %,12.5
E. Panchenko; N. Surikov; Y. Chumlyakov; A. Eftifeeva; A. Neiman and H. Sehitoglu,Materials Today,Stress-ageing effects on the functional properties of high-strength [001]-oriented Ni51.0Ti37.3Hf12.5 single crystals,2017.0,51.0,36.5,7.06,Ni51.0Ti36.5Hf12.5 %,12.5
E. Panchenko; N. Surikov; Y. Chumlyakov; A. Eftifeeva; A. Neiman and H. Sehitoglu,Materials Today,Stress-ageing effects on the functional properties of high-strength [001]-oriented Ni51.0Ti37.3Hf12.5 single crystals,2017.0,51.0,36.5,7.06,Ni51.0Ti36.5Hf12.5 %,12.5
E. Panchenko; N. Surikov; Y. Chumlyakov; A. Eftifeeva; A. Neiman and H. Sehitoglu,Materials Today,Stress-ageing effects on the functional properties of high-strength [001]-oriented Ni51.0Ti37.3Hf12.5 single crystals,2017.0,51.0,36.5,7.06,Ni51.0Ti36.5Hf12.5 %,12.5
E. Panchenko; N. Surikov; Y. Chumlyakov; A. Eftifeeva; A. Neiman and H. Sehitoglu,Materials Today,Stress-ageing effects on the functional properties of high-strength [001]-oriented Ni51.0Ti37.3Hf12.5 single crystals,2017.0,51.0,36.5,7.06,Ni51.0Ti36.5Hf12.5 %,12.5
E. Panchenko; N. Surikov; Y. Chumlyakov; A. Eftifeeva; A. Neiman and H. Sehitoglu,Materials Today,Stress-ageing effects on the functional properties of high-strength [001]-oriented Ni51.0Ti37.3Hf12.5 single crystals,2017.0,51.0,36.5,7.06,Ni51.0Ti36.5Hf12.5 %,12.5
E. Panchenko; N. Surikov; Y. Chumlyakov; A. Eftifeeva; A. Neiman and H. Sehitoglu,Materials Today,Stress-ageing effects on the functional properties of high-strength [001]-oriented Ni51.0Ti37.3Hf12.5 single crystals,2017.0,51.0,36.5,7.06,Ni51.0Ti36.5Hf12.5 %,12.5
E. Panchenko; N. Surikov; Y. Chumlyakov; A. Eftifeeva; A. Neiman and H. Sehitoglu,Materials Today,Stress-ageing effects on the functional properties of high-strength [001]-oriented Ni51.0Ti37.3Hf12.5 single crystals,2017.0,51.0,36.5,7.06,Ni51.0Ti36.5Hf12.5 %,12.5
N. Y. Surikov; A. S. Eftifeeva; E. Y. Panchenko and I. C. Yu,IOP Conference Series: Materials Science and Engineering,Stress-induced martensitic transformation in high-strength [236]-oriented Ni 51 Ti 36.5 Hf 12.5 single crystals,2015.0,51.0,36.5,7.06,Ni51.0Ti36.5Hf12.5 %,12.5
N. Y. Surikov; A. S. Eftifeeva; E. Y. Panchenko and I. C. Yu,IOP Conference Series: Materials Science and Engineering,Stress-induced martensitic transformation in high-strength [236]-oriented Ni 51 Ti 36.5 Hf 12.5 single crystals,2015.0,51.0,36.5,7.06,Ni51.0Ti36.5Hf12.5 %,12.5
Z. Pu; K. Wu and Y. Liu,International Symposium on Shape Memory Materials,Structure and Properties of NiTi-Hf Rapidly Solidified High Temperature Shape Memory Alloys,1994.0,51.0,32.5,7.06,Ni51.0Ti32.5Hf16.5 %,16.5
Z. Pu; K. Wu and Y. Liu,International Symposium on Shape Memory Materials,Structure and Properties of NiTi-Hf Rapidly Solidified High Temperature Shape Memory Alloys,1994.0,51.0,32.5,7.06,Ni51.0Ti32.5Hf16.5 %,16.5
E. Y. Panchenko; Y. I. Chumlyakov; N. Y. Surikov; H. Maier; G. Gerstein and H. Sehitoglu,Technical Physics Letters,Superelasticity in high-strength heterophase single crystals of Ni51. 0Ti36. 5Hf12. 5 alloy,2015.0,51.0,36.5,7.06,Ni51.0Ti36.5Hf12.5 %,12.5
E. Y. Panchenko; Y. I. Chumlyakov; N. Y. Surikov; H. Maier; G. Gerstein and H. Sehitoglu,Technical Physics Letters,Superelasticity in high-strength heterophase single crystals of Ni51. 0Ti36. 5Hf12. 5 alloy,2015.0,51.0,36.5,7.06,Ni51.0Ti36.5Hf12.5 %,12.5
E. Y. Panchenko; Y. I. Chumlyakov; N. Y. Surikov; H. Maier; G. Gerstein and H. Sehitoglu,Technical Physics Letters,Superelasticity in high-strength heterophase single crystals of Ni51. 0Ti36. 5Hf12. 5 alloy,2015.0,51.0,36.5,7.06,Ni51.0Ti36.5Hf12.5 %,12.5
E. Y. Panchenko; Y. I. Chumlyakov; N. Y. Surikov; H. Maier; G. Gerstein and H. Sehitoglu,Technical Physics Letters,Superelasticity in high-strength heterophase single crystals of Ni51. 0Ti36. 5Hf12. 5 alloy,2015.0,51.0,36.5,7.06,Ni51.0Ti36.5Hf12.5 %,12.5
T. Umale; D. Salas; B. Tomes; R. Arroyave and I. Karaman,Scripta Materialia,The effects of wide range of compositional changes on the martensitic transformation characteristics of NiTiHf shape memory alloys,2019.0,51.0,47.5,7.06,Ni51.0Ti47.5Hf1.5 %,1.5
T. Umale; D. Salas; B. Tomes; R. Arroyave and I. Karaman,Scripta Materialia,The effects of wide range of compositional changes on the martensitic transformation characteristics of NiTiHf shape memory alloys,2019.0,51.0,31.0,7.06,Ni51.0Ti31.0Hf18.0 %,18.0
T. Umale; D. Salas; B. Tomes; R. Arroyave and I. Karaman,Scripta Materialia,The effects of wide range of compositional changes on the martensitic transformation characteristics of NiTiHf shape memory alloys,2019.0,51.0,29.0,7.06,Ni51.0Ti29.0Hf20.0 %,20.0
T. Umale; D. Salas; B. Tomes; R. Arroyave and I. Karaman,Scripta Materialia,The effects of wide range of compositional changes on the martensitic transformation characteristics of NiTiHf shape memory alloys,2019.0,51.0,24.0,7.06,Ni51.0Ti24.0Hf25.0 %,25.0
T. Umale; D. Salas; B. Tomes; R. Arroyave and I. Karaman,Scripta Materialia,The effects of wide range of compositional changes on the martensitic transformation characteristics of NiTiHf shape memory alloys,2019.0,51.0,19.0,7.06,Ni51.0Ti19.0Hf30.0 %,30.0
L. Casalena; D. R. Coughlin; F. Yang; X. Chen; H. Paranjape; Y. Gao; R. D. Noebe; G. S. Bigelow; D. Gaydosh; S. A. P. II; Y. Wang; P. M. Anderson and M. J. Mills,Microscopy and Microanalysis,Transformation and deformation characterization of NiTiHf and NiTiAu high temperature shape memory alloys,2015.0,51.0,29.0,7.06,Ni51.0Ti29.0Hf20.0 %,20.0
L. Casalena; D. R. Coughlin; F. Yang; X. Chen; H. Paranjape; Y. Gao; R. D. Noebe; G. S. Bigelow; D. Gaydosh; S. A. P. II; Y. Wang; P. M. Anderson and M. J. Mills,Microscopy and Microanalysis,Transformation and deformation characterization of NiTiHf and NiTiAu high temperature shape memory alloys,2015.0,51.0,29.0,7.06,Ni51.0Ti29.0Hf20.0 %,20.0
L. Casalena; D. R. Coughlin; F. Yang; X. Chen; H. Paranjape; Y. Gao; R. D. Noebe; G. S. Bigelow; D. Gaydosh; S. A. P. II; Y. Wang; P. M. Anderson and M. J. Mills,Microscopy and Microanalysis,Transformation and deformation characterization of NiTiHf and NiTiAu high temperature shape memory alloys,2015.0,51.0,29.0,7.06,Ni51.0Ti29.0Hf20.0 %,20.0
L. Casalena; D. R. Coughlin; F. Yang; X. Chen; H. Paranjape; Y. Gao; R. D. Noebe; G. S. Bigelow; D. Gaydosh; S. A. P. II; Y. Wang; P. M. Anderson and M. J. Mills,Microscopy and Microanalysis,Transformation and deformation characterization of NiTiHf and NiTiAu high temperature shape memory alloys,2015.0,51.0,29.0,7.06,Ni51.0Ti29.0Hf20.0 %,20.0
L. Casalena; D. R. Coughlin; F. Yang; X. Chen; H. Paranjape; Y. Gao; R. D. Noebe; G. S. Bigelow; D. Gaydosh; S. A. P. II; Y. Wang; P. M. Anderson and M. J. Mills,Microscopy and Microanalysis,Transformation and deformation characterization of NiTiHf and NiTiAu high temperature shape memory alloys,2015.0,51.0,29.0,7.06,Ni51.0Ti29.0Hf20.0 %,20.0
L. Casalena; D. R. Coughlin; F. Yang; X. Chen; H. Paranjape; Y. Gao; R. D. Noebe; G. S. Bigelow; D. Gaydosh; S. A. P. II; Y. Wang; P. M. Anderson and M. J. Mills,Microscopy and Microanalysis,Transformation and deformation characterization of NiTiHf and NiTiAu high temperature shape memory alloys,2015.0,51.0,29.0,7.06,Ni51.0Ti29.0Hf20.0 %,20.0
L. Casalena; D. R. Coughlin; F. Yang; X. Chen; H. Paranjape; Y. Gao; R. D. Noebe; G. S. Bigelow; D. Gaydosh; S. A. P. II; Y. Wang; P. M. Anderson and M. J. Mills,Microscopy and Microanalysis,Transformation and deformation characterization of NiTiHf and NiTiAu high temperature shape memory alloys,2015.0,51.0,29.0,7.06,Ni51.0Ti29.0Hf20.0 %,20.0
L. Casalena; D. R. Coughlin; F. Yang; X. Chen; H. Paranjape; Y. Gao; R. D. Noebe; G. S. Bigelow; D. Gaydosh; S. A. P. II; Y. Wang; P. M. Anderson and M. J. Mills,Microscopy and Microanalysis,Transformation and deformation characterization of NiTiHf and NiTiAu high temperature shape memory alloys,2015.0,51.0,29.0,7.06,Ni51.0Ti29.0Hf20.0 %,20.0
L. Casalena; D. R. Coughlin; F. Yang; X. Chen; H. Paranjape; Y. Gao; R. D. Noebe; G. S. Bigelow; D. Gaydosh; S. A. P. II; Y. Wang; P. M. Anderson and M. J. Mills,Microscopy and Microanalysis,Transformation and deformation characterization of NiTiHf and NiTiAu high temperature shape memory alloys,2015.0,51.0,29.0,7.06,Ni51.0Ti29.0Hf20.0 %,20.0
L. Casalena; D. R. Coughlin; F. Yang; X. Chen; H. Paranjape; Y. Gao; R. D. Noebe; G. S. Bigelow; D. Gaydosh; S. A. P. II; Y. Wang; P. M. Anderson and M. J. Mills,Microscopy and Microanalysis,Transformation and deformation characterization of NiTiHf and NiTiAu high temperature shape memory alloys,2015.0,51.0,29.0,7.06,Ni51.0Ti29.0Hf20.0 %,20.0
L. Casalena; D. R. Coughlin; F. Yang; X. Chen; H. Paranjape; Y. Gao; R. D. Noebe; G. S. Bigelow; D. Gaydosh; S. A. P. II; Y. Wang; P. M. Anderson and M. J. Mills,Microscopy and Microanalysis,Transformation and deformation characterization of NiTiHf and NiTiAu high temperature shape memory alloys,2015.0,51.0,29.0,7.06,Ni51.0Ti29.0Hf20.0 %,20.0
L. Casalena; D. R. Coughlin; F. Yang; X. Chen; H. Paranjape; Y. Gao; R. D. Noebe; G. S. Bigelow; D. Gaydosh; S. A. P. II; Y. Wang; P. M. Anderson and M. J. Mills,Microscopy and Microanalysis,Transformation and deformation characterization of NiTiHf and NiTiAu high temperature shape memory alloys,2015.0,51.0,29.0,7.06,Ni51.0Ti29.0Hf20.0 %,20.0
L. Casalena; D. R. Coughlin; F. Yang; X. Chen; H. Paranjape; Y. Gao; R. D. Noebe; G. S. Bigelow; D. Gaydosh; S. A. P. II; Y. Wang; P. M. Anderson and M. J. Mills,Microscopy and Microanalysis,Transformation and deformation characterization of NiTiHf and NiTiAu high temperature shape memory alloys,2015.0,51.0,29.0,7.06,Ni51.0Ti29.0Hf20.0 %,20.0
L. Casalena; D. R. Coughlin; F. Yang; X. Chen; H. Paranjape; Y. Gao; R. D. Noebe; G. S. Bigelow; D. Gaydosh; S. A. P. II; Y. Wang; P. M. Anderson and M. J. Mills,Microscopy and Microanalysis,Transformation and deformation characterization of NiTiHf and NiTiAu high temperature shape memory alloys,2015.0,51.0,29.0,7.06,Ni51.0Ti29.0Hf20.0 %,20.0
L. Casalena; D. R. Coughlin; F. Yang; X. Chen; H. Paranjape; Y. Gao; R. D. Noebe; G. S. Bigelow; D. Gaydosh; S. A. P. II; Y. Wang; P. M. Anderson and M. J. Mills,Microscopy and Microanalysis,Transformation and deformation characterization of NiTiHf and NiTiAu high temperature shape memory alloys,2015.0,51.0,29.0,7.06,Ni51.0Ti29.0Hf20.0 %,20.0
L. Casalena; D. R. Coughlin; F. Yang; X. Chen; H. Paranjape; Y. Gao; R. D. Noebe; G. S. Bigelow; D. Gaydosh; S. A. P. II; Y. Wang; P. M. Anderson and M. J. Mills,Microscopy and Microanalysis,Transformation and deformation characterization of NiTiHf and NiTiAu high temperature shape memory alloys,2015.0,51.0,29.0,7.06,Ni51.0Ti29.0Hf20.0 %,20.0
L. Casalena; D. R. Coughlin; F. Yang; X. Chen; H. Paranjape; Y. Gao; R. D. Noebe; G. S. Bigelow; D. Gaydosh; S. A. P. II; Y. Wang; P. M. Anderson and M. J. Mills,Microscopy and Microanalysis,Transformation and deformation characterization of NiTiHf and NiTiAu high temperature shape memory alloys,2015.0,51.0,29.0,7.06,Ni51.0Ti29.0Hf20.0 %,20.0
L. Casalena; D. R. Coughlin; F. Yang; X. Chen; H. Paranjape; Y. Gao; R. D. Noebe; G. S. Bigelow; D. Gaydosh; S. A. P. II; Y. Wang; P. M. Anderson and M. J. Mills,Microscopy and Microanalysis,Transformation and deformation characterization of NiTiHf and NiTiAu high temperature shape memory alloys,2015.0,51.0,29.0,7.06,Ni51.0Ti29.0Hf20.0 %,20.0
L. Casalena; D. R. Coughlin; F. Yang; X. Chen; H. Paranjape; Y. Gao; R. D. Noebe; G. S. Bigelow; D. Gaydosh; S. A. P. II; Y. Wang; P. M. Anderson and M. J. Mills,Microscopy and Microanalysis,Transformation and deformation characterization of NiTiHf and NiTiAu high temperature shape memory alloys,2015.0,51.0,29.0,7.06,Ni51.0Ti29.0Hf20.0 %,20.0
L. Casalena; D. R. Coughlin; F. Yang; X. Chen; H. Paranjape; Y. Gao; R. D. Noebe; G. S. Bigelow; D. Gaydosh; S. A. P. II; Y. Wang; P. M. Anderson and M. J. Mills,Microscopy and Microanalysis,Transformation and deformation characterization of NiTiHf and NiTiAu high temperature shape memory alloys,2015.0,51.0,29.0,7.06,Ni51.0Ti29.0Hf20.0 %,20.0
L. Casalena; D. R. Coughlin; F. Yang; X. Chen; H. Paranjape; Y. Gao; R. D. Noebe; G. S. Bigelow; D. Gaydosh; S. A. P. II; Y. Wang; P. M. Anderson and M. J. Mills,Microscopy and Microanalysis,Transformation and deformation characterization of NiTiHf and NiTiAu high temperature shape memory alloys,2015.0,51.0,29.0,7.06,Ni51.0Ti29.0Hf20.0 %,20.0
S. Saghaian; H. Karaca; H. Tobe; J. Pons; R. Santamarta; Y. Chumlyakov and R. Noebe,Smart Materials and Structures,Effects of Ni content on the shape memory properties and microstructure of Ni-rich NiTi-20Hf alloys,2016.0,51.2,28.8,7.072,Ni51.2Ti28.8Hf20.0 %,20.0
L. Patriarca; Y. Wu; H. Sehitoglu and Y. I. Chumlyakov,Scripta Materialia,High temperature shape memory behavior of Ni50.3Ti25Hf24.7 single crystals,2016.0,51.2,23.4,7.072,Ni51.2Ti23.4Hf25.4 %,25.4
L. Patriarca; H. Sehitoglu; E. Y. Panchenko and Y. I. Chumlyakov,Acta Materialia,High-temperature functional behavior of single crystal Ni51.2Ti23.4Hf25.4 shape memory alloy,2016.0,51.2,23.4,7.072,Ni51.2Ti23.4Hf25.4 %,25.4
L. Patriarca; H. Sehitoglu; E. Y. Panchenko and Y. I. Chumlyakov,Acta Materialia,High-temperature functional behavior of single crystal Ni51.2Ti23.4Hf25.4 shape memory alloy,2016.0,51.2,23.4,7.072,Ni51.2Ti23.4Hf25.4 %,25.4
L. Patriarca; H. Sehitoglu; E. Y. Panchenko and Y. I. Chumlyakov,Acta Materialia,High-temperature functional behavior of single crystal Ni51.2Ti23.4Hf25.4 shape memory alloy,2016.0,51.2,23.4,7.072,Ni51.2Ti23.4Hf25.4 %,25.4
L. Patriarca; H. Sehitoglu; E. Y. Panchenko and Y. I. Chumlyakov,Acta Materialia,High-temperature functional behavior of single crystal Ni51.2Ti23.4Hf25.4 shape memory alloy,2016.0,51.2,23.4,7.072,Ni51.2Ti23.4Hf25.4 %,25.4
L. Patriarca; H. Sehitoglu; E. Y. Panchenko and Y. I. Chumlyakov,Acta Materialia,High-temperature functional behavior of single crystal Ni51.2Ti23.4Hf25.4 shape memory alloy,2016.0,51.2,23.4,7.072,Ni51.2Ti23.4Hf25.4 %,25.4
L. Patriarca; H. Sehitoglu; E. Y. Panchenko and Y. I. Chumlyakov,Acta Materialia,High-temperature functional behavior of single crystal Ni51.2Ti23.4Hf25.4 shape memory alloy,2016.0,51.2,23.4,7.072,Ni51.2Ti23.4Hf25.4 %,25.4
L. Patriarca; H. Sehitoglu; E. Y. Panchenko and Y. I. Chumlyakov,Acta Materialia,High-temperature functional behavior of single crystal Ni51.2Ti23.4Hf25.4 shape memory alloy,2016.0,51.2,23.4,7.072,Ni51.2Ti23.4Hf25.4 %,25.4
L. Patriarca; H. Sehitoglu; E. Y. Panchenko and Y. I. Chumlyakov,Acta Materialia,High-temperature functional behavior of single crystal Ni51.2Ti23.4Hf25.4 shape memory alloy,2016.0,51.2,23.4,7.072,Ni51.2Ti23.4Hf25.4 %,25.4
L. Patriarca; H. Sehitoglu; E. Y. Panchenko and Y. I. Chumlyakov,Acta Materialia,High-temperature functional behavior of single crystal Ni51.2Ti23.4Hf25.4 shape memory alloy,2016.0,51.2,23.4,7.072,Ni51.2Ti23.4Hf25.4 %,25.4
L. Patriarca; H. Sehitoglu; E. Y. Panchenko and Y. I. Chumlyakov,Acta Materialia,High-temperature functional behavior of single crystal Ni51.2Ti23.4Hf25.4 shape memory alloy,2016.0,51.2,23.4,7.072,Ni51.2Ti23.4Hf25.4 %,25.4
L. Patriarca; H. Sehitoglu; E. Y. Panchenko and Y. I. Chumlyakov,Acta Materialia,High-temperature functional behavior of single crystal Ni51.2Ti23.4Hf25.4 shape memory alloy,2016.0,51.2,23.4,7.072,Ni51.2Ti23.4Hf25.4 %,25.4
L. Patriarca; H. Sehitoglu; E. Y. Panchenko and Y. I. Chumlyakov,Acta Materialia,High-temperature functional behavior of single crystal Ni51.2Ti23.4Hf25.4 shape memory alloy,2016.0,51.2,23.4,7.072,Ni51.2Ti23.4Hf25.4 %,25.4
L. Patriarca; H. Sehitoglu; E. Y. Panchenko and Y. I. Chumlyakov,Acta Materialia,High-temperature functional behavior of single crystal Ni51.2Ti23.4Hf25.4 shape memory alloy,2016.0,51.2,23.4,7.072,Ni51.2Ti23.4Hf25.4 %,25.4
L. Patriarca; H. Sehitoglu; E. Y. Panchenko and Y. I. Chumlyakov,Acta Materialia,High-temperature functional behavior of single crystal Ni51.2Ti23.4Hf25.4 shape memory alloy,2016.0,51.2,23.4,7.072,Ni51.2Ti23.4Hf25.4 %,25.4
L. Patriarca; H. Sehitoglu; E. Y. Panchenko and Y. I. Chumlyakov,Acta Materialia,High-temperature functional behavior of single crystal Ni51.2Ti23.4Hf25.4 shape memory alloy,2016.0,51.2,23.4,7.072,Ni51.2Ti23.4Hf25.4 %,25.4
L. Patriarca; H. Sehitoglu; E. Y. Panchenko and Y. I. Chumlyakov,Acta Materialia,High-temperature functional behavior of single crystal Ni51.2Ti23.4Hf25.4 shape memory alloy,2016.0,51.2,23.4,7.072,Ni51.2Ti23.4Hf25.4 %,25.4
L. Patriarca; H. Sehitoglu; E. Y. Panchenko and Y. I. Chumlyakov,Acta Materialia,High-temperature functional behavior of single crystal Ni51.2Ti23.4Hf25.4 shape memory alloy,2016.0,51.2,23.4,7.072,Ni51.2Ti23.4Hf25.4 %,25.4
L. Patriarca; H. Sehitoglu; E. Y. Panchenko and Y. I. Chumlyakov,Acta Materialia,High-temperature functional behavior of single crystal Ni51.2Ti23.4Hf25.4 shape memory alloy,2016.0,51.2,23.4,7.072,Ni51.2Ti23.4Hf25.4 %,25.4
L. Patriarca; H. Sehitoglu; E. Y. Panchenko and Y. I. Chumlyakov,Acta Materialia,High-temperature functional behavior of single crystal Ni51.2Ti23.4Hf25.4 shape memory alloy,2016.0,51.2,23.4,7.072,Ni51.2Ti23.4Hf25.4 %,25.4
L. Patriarca; H. Sehitoglu; E. Y. Panchenko and Y. I. Chumlyakov,Acta Materialia,High-temperature functional behavior of single crystal Ni51.2Ti23.4Hf25.4 shape memory alloy,2016.0,51.2,23.4,7.072,Ni51.2Ti23.4Hf25.4 %,25.4
L. Patriarca; H. Sehitoglu; E. Y. Panchenko and Y. I. Chumlyakov,Acta Materialia,High-temperature functional behavior of single crystal Ni51.2Ti23.4Hf25.4 shape memory alloy,2016.0,51.2,23.4,7.072,Ni51.2Ti23.4Hf25.4 %,25.4
L. Patriarca; H. Sehitoglu; E. Y. Panchenko and Y. I. Chumlyakov,Acta Materialia,High-temperature functional behavior of single crystal Ni51.2Ti23.4Hf25.4 shape memory alloy,2016.0,51.2,23.4,7.072,Ni51.2Ti23.4Hf25.4 %,25.4
L. Patriarca; H. Sehitoglu; E. Y. Panchenko and Y. I. Chumlyakov,Acta Materialia,High-temperature functional behavior of single crystal Ni51.2Ti23.4Hf25.4 shape memory alloy,2016.0,51.2,23.4,7.072,Ni51.2Ti23.4Hf25.4 %,25.4
L. Patriarca; H. Sehitoglu; E. Y. Panchenko and Y. I. Chumlyakov,Acta Materialia,High-temperature functional behavior of single crystal Ni51.2Ti23.4Hf25.4 shape memory alloy,2016.0,51.2,23.4,7.072,Ni51.2Ti23.4Hf25.4 %,25.4
L. Patriarca; H. Sehitoglu; E. Y. Panchenko and Y. I. Chumlyakov,Acta Materialia,High-temperature functional behavior of single crystal Ni51.2Ti23.4Hf25.4 shape memory alloy,2016.0,51.2,23.4,7.072,Ni51.2Ti23.4Hf25.4 %,25.4
L. Patriarca; H. Sehitoglu; E. Y. Panchenko and Y. I. Chumlyakov,Acta Materialia,High-temperature functional behavior of single crystal Ni51.2Ti23.4Hf25.4 shape memory alloy,2016.0,51.2,23.4,7.072,Ni51.2Ti23.4Hf25.4 %,25.4
L. Patriarca; H. Sehitoglu; E. Y. Panchenko and Y. I. Chumlyakov,Acta Materialia,High-temperature functional behavior of single crystal Ni51.2Ti23.4Hf25.4 shape memory alloy,2016.0,51.2,23.4,7.072,Ni51.2Ti23.4Hf25.4 %,25.4
L. Patriarca; H. Sehitoglu; E. Y. Panchenko and Y. I. Chumlyakov,Acta Materialia,High-temperature functional behavior of single crystal Ni51.2Ti23.4Hf25.4 shape memory alloy,2016.0,51.2,23.4,7.072,Ni51.2Ti23.4Hf25.4 %,25.4
L. Patriarca; H. Sehitoglu; E. Y. Panchenko and Y. I. Chumlyakov,Acta Materialia,High-temperature functional behavior of single crystal Ni51.2Ti23.4Hf25.4 shape memory alloy,2016.0,51.2,23.4,7.072,Ni51.2Ti23.4Hf25.4 %,25.4
L. Patriarca; H. Sehitoglu; E. Y. Panchenko and Y. I. Chumlyakov,Acta Materialia,High-temperature functional behavior of single crystal Ni51.2Ti23.4Hf25.4 shape memory alloy,2016.0,51.2,23.4,7.072,Ni51.2Ti23.4Hf25.4 %,25.4
S. M. Saghaian,Mechanical Engineering,Shape memory behavior of single crystal and polycrystalline Ni-rich NiTiHf high temperature shape memory alloys,2015.0,51.2,28.8,7.072,Ni51.2Ti28.8Hf20.0 %,20.0
S. M. Saghaian,Mechanical Engineering,Shape memory behavior of single crystal and polycrystalline Ni-rich NiTiHf high temperature shape memory alloys,2015.0,51.2,28.8,7.072,Ni51.2Ti28.8Hf20.0 %,20.0
S. M. Saghaian,Mechanical Engineering,Shape memory behavior of single crystal and polycrystalline Ni-rich NiTiHf high temperature shape memory alloys,2015.0,51.2,28.8,7.072,Ni51.2Ti28.8Hf20.0 %,20.0
S. M. Saghaian,Mechanical Engineering,Shape memory behavior of single crystal and polycrystalline Ni-rich NiTiHf high temperature shape memory alloys,2015.0,51.2,28.8,7.072,Ni51.2Ti28.8Hf20.0 %,20.0
S. M. Saghaian,Mechanical Engineering,Shape memory behavior of single crystal and polycrystalline Ni-rich NiTiHf high temperature shape memory alloys,2015.0,51.2,28.8,7.072,Ni51.2Ti28.8Hf20.0 %,20.0
S. M. Saghaian,Mechanical Engineering,Shape memory behavior of single crystal and polycrystalline Ni-rich NiTiHf high temperature shape memory alloys,2015.0,51.2,28.8,7.072,Ni51.2Ti28.8Hf20.0 %,20.0
S. M. Saghaian,Mechanical Engineering,Shape memory behavior of single crystal and polycrystalline Ni-rich NiTiHf high temperature shape memory alloys,2015.0,51.2,28.8,7.072,Ni51.2Ti28.8Hf20.0 %,20.0
S. M. Saghaian,Mechanical Engineering,Shape memory behavior of single crystal and polycrystalline Ni-rich NiTiHf high temperature shape memory alloys,2015.0,51.2,28.8,7.072,Ni51.2Ti28.8Hf20.0 %,20.0
S. M. Saghaian,Mechanical Engineering,Shape memory behavior of single crystal and polycrystalline Ni-rich NiTiHf high temperature shape memory alloys,2015.0,51.2,28.8,7.072,Ni51.2Ti28.8Hf20.0 %,20.0
S. M. Saghaian,Mechanical Engineering,Shape memory behavior of single crystal and polycrystalline Ni-rich NiTiHf high temperature shape memory alloys,2015.0,51.2,28.8,7.072,Ni51.2Ti28.8Hf20.0 %,20.0
S. M. Saghaian,Mechanical Engineering,Shape memory behavior of single crystal and polycrystalline Ni-rich NiTiHf high temperature shape memory alloys,2015.0,51.2,28.8,7.072,Ni51.2Ti28.8Hf20.0 %,20.0
S. M. Saghaian,Mechanical Engineering,Shape memory behavior of single crystal and polycrystalline Ni-rich NiTiHf high temperature shape memory alloys,2015.0,51.2,28.8,7.072,Ni51.2Ti28.8Hf20.0 %,20.0
S. M. Saghaian,Mechanical Engineering,Shape memory behavior of single crystal and polycrystalline Ni-rich NiTiHf high temperature shape memory alloys,2015.0,51.2,28.8,7.072,Ni51.2Ti28.8Hf20.0 %,20.0
S. M. Saghaian,Mechanical Engineering,Shape memory behavior of single crystal and polycrystalline Ni-rich NiTiHf high temperature shape memory alloys,2015.0,51.2,28.8,7.072,Ni51.2Ti28.8Hf20.0 %,20.0
S. M. Saghaian,Mechanical Engineering,Shape memory behavior of single crystal and polycrystalline Ni-rich NiTiHf high temperature shape memory alloys,2015.0,51.2,28.8,7.072,Ni51.2Ti28.8Hf20.0 %,20.0
S. M. Saghaian,Mechanical Engineering,Shape memory behavior of single crystal and polycrystalline Ni-rich NiTiHf high temperature shape memory alloys,2015.0,51.2,28.8,7.072,Ni51.2Ti28.8Hf20.0 %,20.0
S. M. Saghaian,Mechanical Engineering,Shape memory behavior of single crystal and polycrystalline Ni-rich NiTiHf high temperature shape memory alloys,2015.0,51.2,28.8,7.072,Ni51.2Ti28.8Hf20.0 %,20.0
S. M. Saghaian,Mechanical Engineering,Shape memory behavior of single crystal and polycrystalline Ni-rich NiTiHf high temperature shape memory alloys,2015.0,51.2,28.8,7.072,Ni51.2Ti28.8Hf20.0 %,20.0
S. M. Saghaian,Mechanical Engineering,Shape memory behavior of single crystal and polycrystalline Ni-rich NiTiHf high temperature shape memory alloys,2015.0,51.2,28.8,7.072,Ni51.2Ti28.8Hf20.0 %,20.0
S. M. Saghaian,Mechanical Engineering,Shape memory behavior of single crystal and polycrystalline Ni-rich NiTiHf high temperature shape memory alloys,2015.0,51.2,28.8,7.072,Ni51.2Ti28.8Hf20.0 %,20.0
S. M. Saghaian,Mechanical Engineering,Shape memory behavior of single crystal and polycrystalline Ni-rich NiTiHf high temperature shape memory alloys,2015.0,51.2,28.8,7.072,Ni51.2Ti28.8Hf20.0 %,20.0
S. M. Saghaian,Mechanical Engineering,Shape memory behavior of single crystal and polycrystalline Ni-rich NiTiHf high temperature shape memory alloys,2015.0,51.2,28.8,7.072,Ni51.2Ti28.8Hf20.0 %,20.0
S. M. Saghaian,Mechanical Engineering,Shape memory behavior of single crystal and polycrystalline Ni-rich NiTiHf high temperature shape memory alloys,2015.0,51.2,28.8,7.072,Ni51.2Ti28.8Hf20.0 %,20.0
S. M. Saghaian,Mechanical Engineering,Shape memory behavior of single crystal and polycrystalline Ni-rich NiTiHf high temperature shape memory alloys,2015.0,51.2,28.8,7.072,Ni51.2Ti28.8Hf20.0 %,20.0
S. M. Saghaian,Mechanical Engineering,Shape memory behavior of single crystal and polycrystalline Ni-rich NiTiHf high temperature shape memory alloys,2015.0,51.2,28.8,7.072,Ni51.2Ti28.8Hf20.0 %,20.0
S. M. Saghaian,Mechanical Engineering,Shape memory behavior of single crystal and polycrystalline Ni-rich NiTiHf high temperature shape memory alloys,2015.0,51.2,28.8,7.072,Ni51.2Ti28.8Hf20.0 %,20.0
S. M. Saghaian,Mechanical Engineering,Shape memory behavior of single crystal and polycrystalline Ni-rich NiTiHf high temperature shape memory alloys,2015.0,51.2,28.8,7.072,Ni51.2Ti28.8Hf20.0 %,20.0
S. M. Saghaian,Mechanical Engineering,Shape memory behavior of single crystal and polycrystalline Ni-rich NiTiHf high temperature shape memory alloys,2015.0,51.2,28.8,7.072,Ni51.2Ti28.8Hf20.0 %,20.0
S. M. Saghaian,Mechanical Engineering,Shape memory behavior of single crystal and polycrystalline Ni-rich NiTiHf high temperature shape memory alloys,2015.0,51.2,28.8,7.072,Ni51.2Ti28.8Hf20.0 %,20.0
S. M. Saghaian,Mechanical Engineering,Shape memory behavior of single crystal and polycrystalline Ni-rich NiTiHf high temperature shape memory alloys,2015.0,51.2,28.8,7.072,Ni51.2Ti28.8Hf20.0 %,20.0
S. M. Saghaian,Mechanical Engineering,Shape memory behavior of single crystal and polycrystalline Ni-rich NiTiHf high temperature shape memory alloys,2015.0,51.2,28.8,7.072,Ni51.2Ti28.8Hf20.0 %,20.0
S. M. Saghaian,Mechanical Engineering,Shape memory behavior of single crystal and polycrystalline Ni-rich NiTiHf high temperature shape memory alloys,2015.0,51.2,28.8,7.072,Ni51.2Ti28.8Hf20.0 %,20.0
S. M. Saghaian,Mechanical Engineering,Shape memory behavior of single crystal and polycrystalline Ni-rich NiTiHf high temperature shape memory alloys,2015.0,51.2,28.8,7.072,Ni51.2Ti28.8Hf20.0 %,20.0
S. M. Saghaian,Mechanical Engineering,Shape memory behavior of single crystal and polycrystalline Ni-rich NiTiHf high temperature shape memory alloys,2015.0,51.2,28.8,7.072,Ni51.2Ti28.8Hf20.0 %,20.0
S. M. Saghaian,Mechanical Engineering,Shape memory behavior of single crystal and polycrystalline Ni-rich NiTiHf high temperature shape memory alloys,2015.0,51.2,28.8,7.072,Ni51.2Ti28.8Hf20.0 %,20.0
S. M. Saghaian,Mechanical Engineering,Shape memory behavior of single crystal and polycrystalline Ni-rich NiTiHf high temperature shape memory alloys,2015.0,51.2,28.8,7.072,Ni51.2Ti28.8Hf20.0 %,20.0
S. M. Saghaian,Mechanical Engineering,Shape memory behavior of single crystal and polycrystalline Ni-rich NiTiHf high temperature shape memory alloys,2015.0,51.2,28.8,7.072,Ni51.2Ti28.8Hf20.0 %,20.0
S. M. Saghaian,Mechanical Engineering,Shape memory behavior of single crystal and polycrystalline Ni-rich NiTiHf high temperature shape memory alloys,2015.0,51.2,28.8,7.072,Ni51.2Ti28.8Hf20.0 %,20.0
S. M. Saghaian,Mechanical Engineering,Shape memory behavior of single crystal and polycrystalline Ni-rich NiTiHf high temperature shape memory alloys,2015.0,51.2,28.8,7.072,Ni51.2Ti28.8Hf20.0 %,20.0
S. M. Saghaian,Mechanical Engineering,Shape memory behavior of single crystal and polycrystalline Ni-rich NiTiHf high temperature shape memory alloys,2015.0,51.2,28.8,7.072,Ni51.2Ti28.8Hf20.0 %,20.0
S. M. Saghaian,Mechanical Engineering,Shape memory behavior of single crystal and polycrystalline Ni-rich NiTiHf high temperature shape memory alloys,2015.0,51.2,28.8,7.072,Ni51.2Ti28.8Hf20.0 %,20.0
S. M. Saghaian,Mechanical Engineering,Shape memory behavior of single crystal and polycrystalline Ni-rich NiTiHf high temperature shape memory alloys,2015.0,51.2,28.8,7.072,Ni51.2Ti28.8Hf20.0 %,20.0
S. M. Saghaian,Mechanical Engineering,Shape memory behavior of single crystal and polycrystalline Ni-rich NiTiHf high temperature shape memory alloys,2015.0,51.2,28.8,7.072,Ni51.2Ti28.8Hf20.0 %,20.0
S. M. Saghaian,Mechanical Engineering,Shape memory behavior of single crystal and polycrystalline Ni-rich NiTiHf high temperature shape memory alloys,2015.0,51.2,28.8,7.072,Ni51.2Ti28.8Hf20.0 %,20.0
S. M. Saghaian,Mechanical Engineering,Shape memory behavior of single crystal and polycrystalline Ni-rich NiTiHf high temperature shape memory alloys,2015.0,51.2,28.8,7.072,Ni51.2Ti28.8Hf20.0 %,20.0
S. M. Saghaian,Mechanical Engineering,Shape memory behavior of single crystal and polycrystalline Ni-rich NiTiHf high temperature shape memory alloys,2015.0,51.2,28.8,7.072,Ni51.2Ti28.8Hf20.0 %,20.0
S. M. Saghaian,Mechanical Engineering,Shape memory behavior of single crystal and polycrystalline Ni-rich NiTiHf high temperature shape memory alloys,2015.0,51.2,28.8,7.072,Ni51.2Ti28.8Hf20.0 %,20.0
S. M. Saghaian,Mechanical Engineering,Shape memory behavior of single crystal and polycrystalline Ni-rich NiTiHf high temperature shape memory alloys,2015.0,51.2,28.8,7.072,Ni51.2Ti28.8Hf20.0 %,20.0
S. M. Saghaian,Mechanical Engineering,Shape memory behavior of single crystal and polycrystalline Ni-rich NiTiHf high temperature shape memory alloys,2015.0,51.2,28.8,7.072,Ni51.2Ti28.8Hf20.0 %,20.0
S. M. Saghaian,Mechanical Engineering,Shape memory behavior of single crystal and polycrystalline Ni-rich NiTiHf high temperature shape memory alloys,2015.0,51.2,28.8,7.072,Ni51.2Ti28.8Hf20.0 %,20.0
S. M. Saghaian,Mechanical Engineering,Shape memory behavior of single crystal and polycrystalline Ni-rich NiTiHf high temperature shape memory alloys,2015.0,51.2,28.8,7.072,Ni51.2Ti28.8Hf20.0 %,20.0
S. M. Saghaian,Mechanical Engineering,Shape memory behavior of single crystal and polycrystalline Ni-rich NiTiHf high temperature shape memory alloys,2015.0,51.2,28.8,7.072,Ni51.2Ti28.8Hf20.0 %,20.0
S. M. Saghaian,Mechanical Engineering,Shape memory behavior of single crystal and polycrystalline Ni-rich NiTiHf high temperature shape memory alloys,2015.0,51.2,28.8,7.072,Ni51.2Ti28.8Hf20.0 %,20.0
H. Sehitoglu; Y. Wu; L. Patriarca; G. Li; A. Ojha; S. Zhang; Y. Chumlyakov and M. Nishida,Shape Memory and Superelasticity,Superelasticity and Shape Memory Behavior of NiTiHf Alloys,2017.0,51.2,23.4,7.072,Ni51.2Ti23.4Hf25.4 %,25.4
H. Sehitoglu; Y. Wu; L. Patriarca; G. Li; A. Ojha; S. Zhang; Y. Chumlyakov and M. Nishida,Shape Memory and Superelasticity,Superelasticity and Shape Memory Behavior of NiTiHf Alloys,2017.0,51.2,23.4,7.072,Ni51.2Ti23.4Hf25.4 %,25.4
T. Umale; D. Salas; B. Tomes; R. Arroyave and I. Karaman,Scripta Materialia,The effects of wide range of compositional changes on the martensitic transformation characteristics of NiTiHf shape memory alloys,2019.0,51.2,28.8,7.072,Ni51.2Ti28.799999999999997Hf20.0 %,20.0
T. Umale; D. Salas; B. Tomes; R. Arroyave and I. Karaman,Scripta Materialia,The effects of wide range of compositional changes on the martensitic transformation characteristics of NiTiHf shape memory alloys,2019.0,51.2,23.8,7.072,Ni51.2Ti23.799999999999997Hf25.0 %,25.0
T. Umale; D. Salas; B. Tomes; R. Arroyave and I. Karaman,Scripta Materialia,The effects of wide range of compositional changes on the martensitic transformation characteristics of NiTiHf shape memory alloys,2019.0,51.2,18.8,7.072,Ni51.2Ti18.799999999999997Hf30.0 %,30.0
R. Santamarta; R. Arróyave; J. Pons; A. Evirgen; I. Karaman; H. Karaca and R. Noebe,Acta Materialia,TEM study of structural and microstructural characteristics of a precipitate phase in Ni-rich Ni–Ti–Hf and Ni–Ti–Zr shape memory alloys,2013.0,51.3,28.7,7.078,Ni51.3Ti28.7Hf20.0 %,20.0
S. Saghaian; H. Karaca; H. Tobe; J. Pons; R. Santamarta; Y. Chumlyakov and R. Noebe,Smart Materials and Structures,Effects of Ni content on the shape memory properties and microstructure of Ni-rich NiTi-20Hf alloys,2016.0,52.0,28.0,7.12,Ni52.0Ti28.0Hf20.0 %,20.0
S. M. Saghaian,Mechanical Engineering,Shape memory behavior of single crystal and polycrystalline Ni-rich NiTiHf high temperature shape memory alloys,2015.0,52.0,28.0,7.12,Ni52.0Ti28.0Hf20.0 %,20.0
S. M. Saghaian,Mechanical Engineering,Shape memory behavior of single crystal and polycrystalline Ni-rich NiTiHf high temperature shape memory alloys,2015.0,52.0,28.0,7.12,Ni52.0Ti28.0Hf20.0 %,20.0
S. M. Saghaian,Mechanical Engineering,Shape memory behavior of single crystal and polycrystalline Ni-rich NiTiHf high temperature shape memory alloys,2015.0,52.0,28.0,7.12,Ni52.0Ti28.0Hf20.0 %,20.0
S. M. Saghaian,Mechanical Engineering,Shape memory behavior of single crystal and polycrystalline Ni-rich NiTiHf high temperature shape memory alloys,2015.0,52.0,28.0,7.12,Ni52.0Ti28.0Hf20.0 %,20.0
S. M. Saghaian,Mechanical Engineering,Shape memory behavior of single crystal and polycrystalline Ni-rich NiTiHf high temperature shape memory alloys,2015.0,52.0,28.0,7.12,Ni52.0Ti28.0Hf20.0 %,20.0
S. M. Saghaian,Mechanical Engineering,Shape memory behavior of single crystal and polycrystalline Ni-rich NiTiHf high temperature shape memory alloys,2015.0,52.0,28.0,7.12,Ni52.0Ti28.0Hf20.0 %,20.0
S. M. Saghaian,Mechanical Engineering,Shape memory behavior of single crystal and polycrystalline Ni-rich NiTiHf high temperature shape memory alloys,2015.0,52.0,28.0,7.12,Ni52.0Ti28.0Hf20.0 %,20.0
S. M. Saghaian,Mechanical Engineering,Shape memory behavior of single crystal and polycrystalline Ni-rich NiTiHf high temperature shape memory alloys,2015.0,52.0,28.0,7.12,Ni52.0Ti28.0Hf20.0 %,20.0
S. M. Saghaian,Mechanical Engineering,Shape memory behavior of single crystal and polycrystalline Ni-rich NiTiHf high temperature shape memory alloys,2015.0,52.0,28.0,7.12,Ni52.0Ti28.0Hf20.0 %,20.0
S. M. Saghaian,Mechanical Engineering,Shape memory behavior of single crystal and polycrystalline Ni-rich NiTiHf high temperature shape memory alloys,2015.0,52.0,28.0,7.12,Ni52.0Ti28.0Hf20.0 %,20.0
S. M. Saghaian,Mechanical Engineering,Shape memory behavior of single crystal and polycrystalline Ni-rich NiTiHf high temperature shape memory alloys,2015.0,52.0,28.0,7.12,Ni52.0Ti28.0Hf20.0 %,20.0
S. M. Saghaian,Mechanical Engineering,Shape memory behavior of single crystal and polycrystalline Ni-rich NiTiHf high temperature shape memory alloys,2015.0,52.0,28.0,7.12,Ni52.0Ti28.0Hf20.0 %,20.0
S. M. Saghaian,Mechanical Engineering,Shape memory behavior of single crystal and polycrystalline Ni-rich NiTiHf high temperature shape memory alloys,2015.0,52.0,28.0,7.12,Ni52.0Ti28.0Hf20.0 %,20.0
S. M. Saghaian,Mechanical Engineering,Shape memory behavior of single crystal and polycrystalline Ni-rich NiTiHf high temperature shape memory alloys,2015.0,52.0,28.0,7.12,Ni52.0Ti28.0Hf20.0 %,20.0
S. M. Saghaian,Mechanical Engineering,Shape memory behavior of single crystal and polycrystalline Ni-rich NiTiHf high temperature shape memory alloys,2015.0,52.0,28.0,7.12,Ni52.0Ti28.0Hf20.0 %,20.0
S. M. Saghaian,Mechanical Engineering,Shape memory behavior of single crystal and polycrystalline Ni-rich NiTiHf high temperature shape memory alloys,2015.0,52.0,28.0,7.12,Ni52.0Ti28.0Hf20.0 %,20.0
S. M. Saghaian,Mechanical Engineering,Shape memory behavior of single crystal and polycrystalline Ni-rich NiTiHf high temperature shape memory alloys,2015.0,52.0,28.0,7.12,Ni52.0Ti28.0Hf20.0 %,20.0
S. M. Saghaian,Mechanical Engineering,Shape memory behavior of single crystal and polycrystalline Ni-rich NiTiHf high temperature shape memory alloys,2015.0,52.0,28.0,7.12,Ni52.0Ti28.0Hf20.0 %,20.0
S. M. Saghaian,Mechanical Engineering,Shape memory behavior of single crystal and polycrystalline Ni-rich NiTiHf high temperature shape memory alloys,2015.0,52.0,28.0,7.12,Ni52.0Ti28.0Hf20.0 %,20.0
S. M. Saghaian,Mechanical Engineering,Shape memory behavior of single crystal and polycrystalline Ni-rich NiTiHf high temperature shape memory alloys,2015.0,52.0,28.0,7.12,Ni52.0Ti28.0Hf20.0 %,20.0
S. M. Saghaian,Mechanical Engineering,Shape memory behavior of single crystal and polycrystalline Ni-rich NiTiHf high temperature shape memory alloys,2015.0,52.0,28.0,7.12,Ni52.0Ti28.0Hf20.0 %,20.0
S. M. Saghaian,Mechanical Engineering,Shape memory behavior of single crystal and polycrystalline Ni-rich NiTiHf high temperature shape memory alloys,2015.0,52.0,28.0,7.12,Ni52.0Ti28.0Hf20.0 %,20.0
S. M. Saghaian,Mechanical Engineering,Shape memory behavior of single crystal and polycrystalline Ni-rich NiTiHf high temperature shape memory alloys,2015.0,52.0,28.0,7.12,Ni52.0Ti28.0Hf20.0 %,20.0
S. M. Saghaian,Mechanical Engineering,Shape memory behavior of single crystal and polycrystalline Ni-rich NiTiHf high temperature shape memory alloys,2015.0,52.0,28.0,7.12,Ni52.0Ti28.0Hf20.0 %,20.0
S. M. Saghaian,Mechanical Engineering,Shape memory behavior of single crystal and polycrystalline Ni-rich NiTiHf high temperature shape memory alloys,2015.0,52.0,28.0,7.12,Ni52.0Ti28.0Hf20.0 %,20.0
S. M. Saghaian,Mechanical Engineering,Shape memory behavior of single crystal and polycrystalline Ni-rich NiTiHf high temperature shape memory alloys,2015.0,52.0,28.0,7.12,Ni52.0Ti28.0Hf20.0 %,20.0
S. M. Saghaian,Mechanical Engineering,Shape memory behavior of single crystal and polycrystalline Ni-rich NiTiHf high temperature shape memory alloys,2015.0,52.0,28.0,7.12,Ni52.0Ti28.0Hf20.0 %,20.0
S. M. Saghaian,Mechanical Engineering,Shape memory behavior of single crystal and polycrystalline Ni-rich NiTiHf high temperature shape memory alloys,2015.0,52.0,28.0,7.12,Ni52.0Ti28.0Hf20.0 %,20.0
S. M. Saghaian,Mechanical Engineering,Shape memory behavior of single crystal and polycrystalline Ni-rich NiTiHf high temperature shape memory alloys,2015.0,52.0,28.0,7.12,Ni52.0Ti28.0Hf20.0 %,20.0
S. M. Saghaian,Mechanical Engineering,Shape memory behavior of single crystal and polycrystalline Ni-rich NiTiHf high temperature shape memory alloys,2015.0,52.0,28.0,7.12,Ni52.0Ti28.0Hf20.0 %,20.0
S. M. Saghaian,Mechanical Engineering,Shape memory behavior of single crystal and polycrystalline Ni-rich NiTiHf high temperature shape memory alloys,2015.0,52.0,28.0,7.12,Ni52.0Ti28.0Hf20.0 %,20.0
S. M. Saghaian,Mechanical Engineering,Shape memory behavior of single crystal and polycrystalline Ni-rich NiTiHf high temperature shape memory alloys,2015.0,52.0,28.0,7.12,Ni52.0Ti28.0Hf20.0 %,20.0
S. M. Saghaian,Mechanical Engineering,Shape memory behavior of single crystal and polycrystalline Ni-rich NiTiHf high temperature shape memory alloys,2015.0,52.0,28.0,7.12,Ni52.0Ti28.0Hf20.0 %,20.0
S. M. Saghaian,Mechanical Engineering,Shape memory behavior of single crystal and polycrystalline Ni-rich NiTiHf high temperature shape memory alloys,2015.0,52.0,28.0,7.12,Ni52.0Ti28.0Hf20.0 %,20.0
S. M. Saghaian,Mechanical Engineering,Shape memory behavior of single crystal and polycrystalline Ni-rich NiTiHf high temperature shape memory alloys,2015.0,52.0,28.0,7.12,Ni52.0Ti28.0Hf20.0 %,20.0
S. M. Saghaian,Mechanical Engineering,Shape memory behavior of single crystal and polycrystalline Ni-rich NiTiHf high temperature shape memory alloys,2015.0,52.0,28.0,7.12,Ni52.0Ti28.0Hf20.0 %,20.0
S. M. Saghaian,Mechanical Engineering,Shape memory behavior of single crystal and polycrystalline Ni-rich NiTiHf high temperature shape memory alloys,2015.0,52.0,28.0,7.12,Ni52.0Ti28.0Hf20.0 %,20.0
S. M. Saghaian,Mechanical Engineering,Shape memory behavior of single crystal and polycrystalline Ni-rich NiTiHf high temperature shape memory alloys,2015.0,52.0,28.0,7.12,Ni52.0Ti28.0Hf20.0 %,20.0
S. M. Saghaian,Mechanical Engineering,Shape memory behavior of single crystal and polycrystalline Ni-rich NiTiHf high temperature shape memory alloys,2015.0,52.0,28.0,7.12,Ni52.0Ti28.0Hf20.0 %,20.0
S. M. Saghaian,Mechanical Engineering,Shape memory behavior of single crystal and polycrystalline Ni-rich NiTiHf high temperature shape memory alloys,2015.0,52.0,28.0,7.12,Ni52.0Ti28.0Hf20.0 %,20.0
S. M. Saghaian,Mechanical Engineering,Shape memory behavior of single crystal and polycrystalline Ni-rich NiTiHf high temperature shape memory alloys,2015.0,52.0,28.0,7.12,Ni52.0Ti28.0Hf20.0 %,20.0
S. M. Saghaian,Mechanical Engineering,Shape memory behavior of single crystal and polycrystalline Ni-rich NiTiHf high temperature shape memory alloys,2015.0,52.0,28.0,7.12,Ni52.0Ti28.0Hf20.0 %,20.0
S. M. Saghaian,Mechanical Engineering,Shape memory behavior of single crystal and polycrystalline Ni-rich NiTiHf high temperature shape memory alloys,2015.0,52.0,28.0,7.12,Ni52.0Ti28.0Hf20.0 %,20.0
S. M. Saghaian,Mechanical Engineering,Shape memory behavior of single crystal and polycrystalline Ni-rich NiTiHf high temperature shape memory alloys,2015.0,52.0,28.0,7.12,Ni52.0Ti28.0Hf20.0 %,20.0
S. M. Saghaian,Mechanical Engineering,Shape memory behavior of single crystal and polycrystalline Ni-rich NiTiHf high temperature shape memory alloys,2015.0,52.0,28.0,7.12,Ni52.0Ti28.0Hf20.0 %,20.0
S. M. Saghaian,Mechanical Engineering,Shape memory behavior of single crystal and polycrystalline Ni-rich NiTiHf high temperature shape memory alloys,2015.0,52.0,28.0,7.12,Ni52.0Ti28.0Hf20.0 %,20.0
S. M. Saghaian,Mechanical Engineering,Shape memory behavior of single crystal and polycrystalline Ni-rich NiTiHf high temperature shape memory alloys,2015.0,52.0,28.0,7.12,Ni52.0Ti28.0Hf20.0 %,20.0
S. M. Saghaian,Mechanical Engineering,Shape memory behavior of single crystal and polycrystalline Ni-rich NiTiHf high temperature shape memory alloys,2015.0,52.0,28.0,7.12,Ni52.0Ti28.0Hf20.0 %,20.0
S. M. Saghaian,Mechanical Engineering,Shape memory behavior of single crystal and polycrystalline Ni-rich NiTiHf high temperature shape memory alloys,2015.0,52.0,28.0,7.12,Ni52.0Ti28.0Hf20.0 %,20.0
S. M. Saghaian,Mechanical Engineering,Shape memory behavior of single crystal and polycrystalline Ni-rich NiTiHf high temperature shape memory alloys,2015.0,52.0,28.0,7.12,Ni52.0Ti28.0Hf20.0 %,20.0
S. M. Saghaian,Mechanical Engineering,Shape memory behavior of single crystal and polycrystalline Ni-rich NiTiHf high temperature shape memory alloys,2015.0,52.0,28.0,7.12,Ni52.0Ti28.0Hf20.0 %,20.0
S. M. Saghaian,Mechanical Engineering,Shape memory behavior of single crystal and polycrystalline Ni-rich NiTiHf high temperature shape memory alloys,2015.0,52.0,28.0,7.12,Ni52.0Ti28.0Hf20.0 %,20.0
S. M. Saghaian,Mechanical Engineering,Shape memory behavior of single crystal and polycrystalline Ni-rich NiTiHf high temperature shape memory alloys,2015.0,52.0,28.0,7.12,Ni52.0Ti28.0Hf20.0 %,20.0
S. M. Saghaian,Mechanical Engineering,Shape memory behavior of single crystal and polycrystalline Ni-rich NiTiHf high temperature shape memory alloys,2015.0,52.0,28.0,7.12,Ni52.0Ti28.0Hf20.0 %,20.0
S. M. Saghaian,Mechanical Engineering,Shape memory behavior of single crystal and polycrystalline Ni-rich NiTiHf high temperature shape memory alloys,2015.0,52.0,28.0,7.12,Ni52.0Ti28.0Hf20.0 %,20.0
S. M. Saghaian,Mechanical Engineering,Shape memory behavior of single crystal and polycrystalline Ni-rich NiTiHf high temperature shape memory alloys,2015.0,52.0,28.0,7.12,Ni52.0Ti28.0Hf20.0 %,20.0
R. Santamarta; R. Arróyave; J. Pons; A. Evirgen; I. Karaman; H. Karaca and R. Noebe,Acta Materialia,TEM study of structural and microstructural characteristics of a precipitate phase in Ni-rich Ni–Ti–Hf and Ni–Ti–Zr shape memory alloys,2013.0,52.0,28.0,7.12,Ni52.0Ti28.0Hf20.0 %,20.0
K. Khanlari; M. Ramezani; P. Kelly; P. Cao and T. Neitzert,Wear,Comparison of the reciprocating sliding wear of 58Ni39Ti-3Hf alloy and baseline 60NiTi,2018.0,54.0,45.0,7.24,Ni54.0Ti45.0Hf1.0 %,1.0
K. Khanlari; M. Ramezani; P. Kelly; P. Cao and T. Neitzert,Wear,Comparison of the reciprocating sliding wear of 58Ni39Ti-3Hf alloy and baseline 60NiTi,2018.0,54.0,45.0,7.24,Ni54.0Ti45.0Hf1.0 %,1.0
K. Khanlari; M. Ramezani; P. Kelly; P. Cao and T. Neitzert,Wear,Comparison of the reciprocating sliding wear of 58Ni39Ti-3Hf alloy and baseline 60NiTi,2018.0,54.0,45.0,7.24,Ni54.0Ti45.0Hf1.0 %,1.0
K. Khanlari; M. Ramezani; P. Kelly; P. Cao and T. Neitzert,Wear,Comparison of the reciprocating sliding wear of 58Ni39Ti-3Hf alloy and baseline 60NiTi,2018.0,54.0,45.0,7.24,Ni54.0Ti45.0Hf1.0 %,1.0
K. Khanlari; M. Ramezani; P. Kelly; P. Cao and T. Neitzert,Wear,Comparison of the reciprocating sliding wear of 58Ni39Ti-3Hf alloy and baseline 60NiTi,2018.0,54.0,45.0,7.24,Ni54.0Ti45.0Hf1.0 %,1.0
K. Khanlari; M. Ramezani; P. Kelly and T. Neitzert,Metallography; Microstructure; and Analysis,Effect of Hafnium Addition in 60NiTi Alloy Hardened Under Open Atmosphere Conditions,2018.0,54.0,45.0,7.24,Ni54.0Ti45.0Hf1.0 %,1.0
B. C. Hornbuckle; R. D. Noebe and G. B. Thompson,Journal of Alloys and Compounds,Influence of Hf solute additions on the precipitation and hardenability in Ni-rich NiTi alloys,2015.0,54.0,45.0,7.24,Ni54.0Ti45.0Hf1.0 %,1.0
B. C. Hornbuckle; R. D. Noebe and G. B. Thompson,Journal of Alloys and Compounds,Influence of Hf solute additions on the precipitation and hardenability in Ni-rich NiTi alloys,2015.0,54.0,45.0,7.24,Ni54.0Ti45.0Hf1.0 %,1.0
B. C. Hornbuckle; R. D. Noebe and G. B. Thompson,Journal of Alloys and Compounds,Influence of Hf solute additions on the precipitation and hardenability in Ni-rich NiTi alloys,2015.0,54.0,45.0,7.24,Ni54.0Ti45.0Hf1.0 %,1.0
B. C. Hornbuckle; R. D. Noebe and G. B. Thompson,Journal of Alloys and Compounds,Influence of Hf solute additions on the precipitation and hardenability in Ni-rich NiTi alloys,2015.0,54.0,45.0,7.24,Ni54.0Ti45.0Hf1.0 %,1.0
B. C. Hornbuckle; R. D. Noebe and G. B. Thompson,Journal of Alloys and Compounds,Influence of Hf solute additions on the precipitation and hardenability in Ni-rich NiTi alloys,2015.0,54.0,45.0,7.24,Ni54.0Ti45.0Hf1.0 %,1.0
B. C. Hornbuckle; R. D. Noebe and G. B. Thompson,Journal of Alloys and Compounds,Influence of Hf solute additions on the precipitation and hardenability in Ni-rich NiTi alloys,2015.0,54.0,45.0,7.24,Ni54.0Ti45.0Hf1.0 %,1.0
B. C. Hornbuckle; R. D. Noebe and G. B. Thompson,Journal of Alloys and Compounds,Influence of Hf solute additions on the precipitation and hardenability in Ni-rich NiTi alloys,2015.0,54.0,45.0,7.24,Ni54.0Ti45.0Hf1.0 %,1.0
B. C. Hornbuckle; R. D. Noebe and G. B. Thompson,Journal of Alloys and Compounds,Influence of Hf solute additions on the precipitation and hardenability in Ni-rich NiTi alloys,2015.0,54.0,45.0,7.24,Ni54.0Ti45.0Hf1.0 %,1.0
B. C. Hornbuckle; R. D. Noebe and G. B. Thompson,Journal of Alloys and Compounds,Influence of Hf solute additions on the precipitation and hardenability in Ni-rich NiTi alloys,2015.0,54.0,45.0,7.24,Ni54.0Ti45.0Hf1.0 %,1.0
B. C. Hornbuckle; R. D. Noebe and G. B. Thompson,Journal of Alloys and Compounds,Influence of Hf solute additions on the precipitation and hardenability in Ni-rich NiTi alloys,2015.0,54.0,45.0,7.24,Ni54.0Ti45.0Hf1.0 %,1.0
B. C. Hornbuckle; R. D. Noebe and G. B. Thompson,Journal of Alloys and Compounds,Influence of Hf solute additions on the precipitation and hardenability in Ni-rich NiTi alloys,2015.0,54.0,45.0,7.24,Ni54.0Ti45.0Hf1.0 %,1.0
B. C. Hornbuckle; R. D. Noebe and G. B. Thompson,Journal of Alloys and Compounds,Influence of Hf solute additions on the precipitation and hardenability in Ni-rich NiTi alloys,2015.0,54.0,45.0,7.24,Ni54.0Ti45.0Hf1.0 %,1.0
B. C. Hornbuckle; R. D. Noebe and G. B. Thompson,Journal of Alloys and Compounds,Influence of Hf solute additions on the precipitation and hardenability in Ni-rich NiTi alloys,2015.0,54.0,44.0,7.24,Ni54.0Ti44.0Hf2.0 %,2.0
B. C. Hornbuckle; R. D. Noebe and G. B. Thompson,Journal of Alloys and Compounds,Influence of Hf solute additions on the precipitation and hardenability in Ni-rich NiTi alloys,2015.0,54.0,44.0,7.24,Ni54.0Ti44.0Hf2.0 %,2.0
B. C. Hornbuckle; R. D. Noebe and G. B. Thompson,Journal of Alloys and Compounds,Influence of Hf solute additions on the precipitation and hardenability in Ni-rich NiTi alloys,2015.0,54.0,44.0,7.24,Ni54.0Ti44.0Hf2.0 %,2.0
B. C. Hornbuckle; R. D. Noebe and G. B. Thompson,Journal of Alloys and Compounds,Influence of Hf solute additions on the precipitation and hardenability in Ni-rich NiTi alloys,2015.0,54.0,44.0,7.24,Ni54.0Ti44.0Hf2.0 %,2.0
B. C. Hornbuckle; R. D. Noebe and G. B. Thompson,Journal of Alloys and Compounds,Influence of Hf solute additions on the precipitation and hardenability in Ni-rich NiTi alloys,2015.0,54.0,44.0,7.24,Ni54.0Ti44.0Hf2.0 %,2.0
B. C. Hornbuckle; R. D. Noebe and G. B. Thompson,Journal of Alloys and Compounds,Influence of Hf solute additions on the precipitation and hardenability in Ni-rich NiTi alloys,2015.0,54.0,44.0,7.24,Ni54.0Ti44.0Hf2.0 %,2.0
B. C. Hornbuckle; R. D. Noebe and G. B. Thompson,Journal of Alloys and Compounds,Influence of Hf solute additions on the precipitation and hardenability in Ni-rich NiTi alloys,2015.0,54.0,44.0,7.24,Ni54.0Ti44.0Hf2.0 %,2.0
B. C. Hornbuckle; R. D. Noebe and G. B. Thompson,Journal of Alloys and Compounds,Influence of Hf solute additions on the precipitation and hardenability in Ni-rich NiTi alloys,2015.0,54.0,44.0,7.24,Ni54.0Ti44.0Hf2.0 %,2.0
B. C. Hornbuckle; R. D. Noebe and G. B. Thompson,Journal of Alloys and Compounds,Influence of Hf solute additions on the precipitation and hardenability in Ni-rich NiTi alloys,2015.0,54.0,44.0,7.24,Ni54.0Ti44.0Hf2.0 %,2.0
B. C. Hornbuckle; R. D. Noebe and G. B. Thompson,Journal of Alloys and Compounds,Influence of Hf solute additions on the precipitation and hardenability in Ni-rich NiTi alloys,2015.0,54.0,44.0,7.24,Ni54.0Ti44.0Hf2.0 %,2.0
B. C. Hornbuckle; R. D. Noebe and G. B. Thompson,Journal of Alloys and Compounds,Influence of Hf solute additions on the precipitation and hardenability in Ni-rich NiTi alloys,2015.0,54.0,44.0,7.24,Ni54.0Ti44.0Hf2.0 %,2.0
B. C. Hornbuckle; R. D. Noebe and G. B. Thompson,Journal of Alloys and Compounds,Influence of Hf solute additions on the precipitation and hardenability in Ni-rich NiTi alloys,2015.0,54.0,44.0,7.24,Ni54.0Ti44.0Hf2.0 %,2.0
L. Casalena; A. N. Bucsek; D. C. Pagan; G. M. Hommer; G. S. Bigelow; M. Obstalecki; R. D. Noebe; M. J. Mills and A. P. Stebner,Advanced Engineering Materials,Structure‐Property Relationships of a High Strength Superelastic NiTi–1Hf Alloy,2018.0,54.0,45.0,7.24,Ni54.0Ti45.0Hf1.0 %,1.0
L. Casalena; A. N. Bucsek; D. C. Pagan; G. M. Hommer; G. S. Bigelow; M. Obstalecki; R. D. Noebe; M. J. Mills and A. P. Stebner,Advanced Engineering Materials,Structure‐Property Relationships of a High Strength Superelastic NiTi–1Hf Alloy,2018.0,54.0,45.0,7.24,Ni54.0Ti45.0Hf1.0 %,1.0
L. Casalena; A. N. Bucsek; D. C. Pagan; G. M. Hommer; G. S. Bigelow; M. Obstalecki; R. D. Noebe; M. J. Mills and A. P. Stebner,Advanced Engineering Materials,Structure‐Property Relationships of a High Strength Superelastic NiTi–1Hf Alloy,2018.0,54.0,45.0,7.24,Ni54.0Ti45.0Hf1.0 %,1.0
L. Casalena; A. N. Bucsek; D. C. Pagan; G. M. Hommer; G. S. Bigelow; M. Obstalecki; R. D. Noebe; M. J. Mills and A. P. Stebner,Advanced Engineering Materials,Structure‐Property Relationships of a High Strength Superelastic NiTi–1Hf Alloy,2018.0,54.0,45.0,7.24,Ni54.0Ti45.0Hf1.0 %,1.0
L. Casalena; A. N. Bucsek; D. C. Pagan; G. M. Hommer; G. S. Bigelow; M. Obstalecki; R. D. Noebe; M. J. Mills and A. P. Stebner,Advanced Engineering Materials,Structure‐Property Relationships of a High Strength Superelastic NiTi–1Hf Alloy,2018.0,54.0,45.0,7.24,Ni54.0Ti45.0Hf1.0 %,1.0
A. Stebner; L. Balogh; Q. Yu; A. Minor; A. Pelton and R. Noebe,,Unique deformation mechanisms of an ultra-high strength NiTiHf alloy,2014.0,54.0,45.0,7.24,Ni54.0Ti45.0Hf1.0 %,1.0
B. C. Hornbuckle; R. D. Noebe and G. B. Thompson,Journal of Alloys and Compounds,Influence of Hf solute additions on the precipitation and hardenability in Ni-rich NiTi alloys,2015.0,55.0,44.0,7.3,Ni55.0Ti44.0Hf1.0 %,1.0
B. C. Hornbuckle; R. D. Noebe and G. B. Thompson,Journal of Alloys and Compounds,Influence of Hf solute additions on the precipitation and hardenability in Ni-rich NiTi alloys,2015.0,55.0,44.0,7.3,Ni55.0Ti44.0Hf1.0 %,1.0
B. C. Hornbuckle; R. D. Noebe and G. B. Thompson,Journal of Alloys and Compounds,Influence of Hf solute additions on the precipitation and hardenability in Ni-rich NiTi alloys,2015.0,55.0,44.0,7.3,Ni55.0Ti44.0Hf1.0 %,1.0
B. C. Hornbuckle; R. D. Noebe and G. B. Thompson,Journal of Alloys and Compounds,Influence of Hf solute additions on the precipitation and hardenability in Ni-rich NiTi alloys,2015.0,55.0,44.0,7.3,Ni55.0Ti44.0Hf1.0 %,1.0
B. C. Hornbuckle; R. D. Noebe and G. B. Thompson,Journal of Alloys and Compounds,Influence of Hf solute additions on the precipitation and hardenability in Ni-rich NiTi alloys,2015.0,55.0,44.0,7.3,Ni55.0Ti44.0Hf1.0 %,1.0
B. C. Hornbuckle; R. D. Noebe and G. B. Thompson,Journal of Alloys and Compounds,Influence of Hf solute additions on the precipitation and hardenability in Ni-rich NiTi alloys,2015.0,55.0,44.0,7.3,Ni55.0Ti44.0Hf1.0 %,1.0
B. C. Hornbuckle; R. D. Noebe and G. B. Thompson,Journal of Alloys and Compounds,Influence of Hf solute additions on the precipitation and hardenability in Ni-rich NiTi alloys,2015.0,55.0,44.0,7.3,Ni55.0Ti44.0Hf1.0 %,1.0
B. C. Hornbuckle; R. D. Noebe and G. B. Thompson,Journal of Alloys and Compounds,Influence of Hf solute additions on the precipitation and hardenability in Ni-rich NiTi alloys,2015.0,55.0,44.0,7.3,Ni55.0Ti44.0Hf1.0 %,1.0
B. C. Hornbuckle; R. D. Noebe and G. B. Thompson,Journal of Alloys and Compounds,Influence of Hf solute additions on the precipitation and hardenability in Ni-rich NiTi alloys,2015.0,55.0,44.0,7.3,Ni55.0Ti44.0Hf1.0 %,1.0
B. C. Hornbuckle; R. D. Noebe and G. B. Thompson,Journal of Alloys and Compounds,Influence of Hf solute additions on the precipitation and hardenability in Ni-rich NiTi alloys,2015.0,55.0,44.0,7.3,Ni55.0Ti44.0Hf1.0 %,1.0
B. C. Hornbuckle; R. D. Noebe and G. B. Thompson,Journal of Alloys and Compounds,Influence of Hf solute additions on the precipitation and hardenability in Ni-rich NiTi alloys,2015.0,55.0,44.0,7.3,Ni55.0Ti44.0Hf1.0 %,1.0
B. C. Hornbuckle; R. D. Noebe and G. B. Thompson,Journal of Alloys and Compounds,Influence of Hf solute additions on the precipitation and hardenability in Ni-rich NiTi alloys,2015.0,55.0,44.0,7.3,Ni55.0Ti44.0Hf1.0 %,1.0
Z. Pu; K. Wu and Y. Liu,International Symposium on Shape Memory Materials,Structure and Properties of NiTi-Hf Rapidly Solidified High Temperature Shape Memory Alloys,1994.0,55.0,22.8,7.3,Ni55.0Ti22.8Hf22.2 %,22.2
B. C. Hornbuckle; R. D. Noebe and G. B. Thompson,Journal of Alloys and Compounds,Influence of Hf solute additions on the precipitation and hardenability in Ni-rich NiTi alloys,2015.0,56.0,40.0,7.36,Ni56.0Ti40.0Hf4.0 %,4.0
B. C. Hornbuckle; R. D. Noebe and G. B. Thompson,Journal of Alloys and Compounds,Influence of Hf solute additions on the precipitation and hardenability in Ni-rich NiTi alloys,2015.0,56.0,40.0,7.36,Ni56.0Ti40.0Hf4.0 %,4.0
B. C. Hornbuckle; R. D. Noebe and G. B. Thompson,Journal of Alloys and Compounds,Influence of Hf solute additions on the precipitation and hardenability in Ni-rich NiTi alloys,2015.0,56.0,40.0,7.36,Ni56.0Ti40.0Hf4.0 %,4.0
B. C. Hornbuckle; R. D. Noebe and G. B. Thompson,Journal of Alloys and Compounds,Influence of Hf solute additions on the precipitation and hardenability in Ni-rich NiTi alloys,2015.0,56.0,40.0,7.36,Ni56.0Ti40.0Hf4.0 %,4.0
B. C. Hornbuckle; R. D. Noebe and G. B. Thompson,Journal of Alloys and Compounds,Influence of Hf solute additions on the precipitation and hardenability in Ni-rich NiTi alloys,2015.0,56.0,40.0,7.36,Ni56.0Ti40.0Hf4.0 %,4.0
B. C. Hornbuckle; R. D. Noebe and G. B. Thompson,Journal of Alloys and Compounds,Influence of Hf solute additions on the precipitation and hardenability in Ni-rich NiTi alloys,2015.0,56.0,40.0,7.36,Ni56.0Ti40.0Hf4.0 %,4.0
B. C. Hornbuckle; R. D. Noebe and G. B. Thompson,Journal of Alloys and Compounds,Influence of Hf solute additions on the precipitation and hardenability in Ni-rich NiTi alloys,2015.0,56.0,40.0,7.36,Ni56.0Ti40.0Hf4.0 %,4.0
B. C. Hornbuckle; R. D. Noebe and G. B. Thompson,Journal of Alloys and Compounds,Influence of Hf solute additions on the precipitation and hardenability in Ni-rich NiTi alloys,2015.0,56.0,40.0,7.36,Ni56.0Ti40.0Hf4.0 %,4.0
B. C. Hornbuckle; R. D. Noebe and G. B. Thompson,Journal of Alloys and Compounds,Influence of Hf solute additions on the precipitation and hardenability in Ni-rich NiTi alloys,2015.0,56.0,40.0,7.36,Ni56.0Ti40.0Hf4.0 %,4.0
B. C. Hornbuckle; R. D. Noebe and G. B. Thompson,Journal of Alloys and Compounds,Influence of Hf solute additions on the precipitation and hardenability in Ni-rich NiTi alloys,2015.0,56.0,40.0,7.36,Ni56.0Ti40.0Hf4.0 %,4.0
B. C. Hornbuckle; R. D. Noebe and G. B. Thompson,Journal of Alloys and Compounds,Influence of Hf solute additions on the precipitation and hardenability in Ni-rich NiTi alloys,2015.0,56.0,40.0,7.36,Ni56.0Ti40.0Hf4.0 %,4.0
B. C. Hornbuckle; R. D. Noebe and G. B. Thompson,Journal of Alloys and Compounds,Influence of Hf solute additions on the precipitation and hardenability in Ni-rich NiTi alloys,2015.0,56.0,40.0,7.36,Ni56.0Ti40.0Hf4.0 %,4.0
Z. Pu; K. Wu and Y. Liu,International Symposium on Shape Memory Materials,Structure and Properties of NiTi-Hf Rapidly Solidified High Temperature Shape Memory Alloys,1994.0,56.3,16.3,7.378,Ni56.3Ti16.3Hf27.4 %,27.4
