Authors,Source,Title,Year,Ni (at.%),Ti (at.%),Martensite Start Temperature - MS - (°C),composition,Hf (at.%)
Y. Tong; F. Chen; B. Tian; L. Li and Y. Zheng,Materials Letters,Microstructure and martensitic transformation of Ti49Ni51−xHfx high temperature shape memory alloys,2009,36,49,278,Ni36.0Ti49.0Hf15.0 %,15
D. N. Abujudom; M. Y. Kao; P. E. Thoma and D. R. Angst,US5114504,High transformation temperature shape memory alloy,1992,40,50,108,Ni40.0Ti50.0Hf10.0 %,10
J. Rao; T. Roberts; K. Lawson and J. Nicholls,Surface and Coatings Technology,Nickel titanium and nickel titanium hafnium shape memory alloy thin films,2010,40,30,99,Ni40.0Ti30.0Hf30.0 %,30
S. Besseghini; E. Villa and A. Tuissi,Materials Science and Engineering: A,Ni-Ti-Hf shape memory alloy: effect of aging and thermal cycling,1999,40,50,141,Ni40.0Ti50.0Hf10.0 %,10
D. König; R. Zarnetta; A. Savan; H. Brunken and A. Ludwig,Acta Materialia,Phase transformation; structural and functional fatigue properties of Ti–Ni–Hf shape memory thin films,2011,40,53.6,10,Ni40.0Ti53.6Hf6.4 %,6.4
D. König; R. Zarnetta; A. Savan; H. Brunken and A. Ludwig,Acta Materialia,Phase transformation; structural and functional fatigue properties of Ti–Ni–Hf shape memory thin films,2011,40,51.7,17,Ni40.0Ti51.7Hf8.3 %,8.3
D. König; R. Zarnetta; A. Savan; H. Brunken and A. Ludwig,Acta Materialia,Phase transformation; structural and functional fatigue properties of Ti–Ni–Hf shape memory thin films,2011,40,50.7,28,Ni40.0Ti50.7Hf9.3 %,9.3
D. König; R. Zarnetta; A. Savan; H. Brunken and A. Ludwig,Acta Materialia,Phase transformation; structural and functional fatigue properties of Ti–Ni–Hf shape memory thin films,2011,40,48.3,29,Ni40.0Ti48.3Hf11.7 %,11.7
D. König; R. Zarnetta; A. Savan; H. Brunken and A. Ludwig,Acta Materialia,Phase transformation; structural and functional fatigue properties of Ti–Ni–Hf shape memory thin films,2011,40,45.7,41,Ni40.0Ti45.7Hf14.3 %,14.3
D. König; R. Zarnetta; A. Savan; H. Brunken and A. Ludwig,Acta Materialia,Phase transformation; structural and functional fatigue properties of Ti–Ni–Hf shape memory thin films,2011,40,43.2,58,Ni40.0Ti43.2Hf16.8 %,16.8
D. Angst; P. Thoma and M. Kao,Journal de Physique IV,The Effect of Hafnium Content on the Transformation Temperatures of Ni49Ti51-xHfx. Shape Memory Alloys,1995,40,50,110,Ni40.0Ti50.0Hf10.0 %,10
Y. Tong; F. Chen; B. Tian; L. Li and Y. Zheng,Materials Letters,Microstructure and martensitic transformation of Ti49Ni51−xHfx high temperature shape memory alloys,2009,41,49,154,Ni41.0Ti49.0Hf10.0 %,10
C. Zhang; P. E. Thoma and R. H. Zee,Materials Research Society,High Hf content NiTiHf Shape Memory Alloys,2000,42,48,33,Ni42.0Ti48.0Hf10.0 %,10
C. Zhang; P. E. Thoma and R. H. Zee,Materials Research Society,High Hf content NiTiHf Shape Memory Alloys,2000,42,48,26,Ni42.0Ti48.0Hf10.0 %,10
C. Zhang; P. E. Thoma and R. H. Zee,Materials Research Society,High Hf content NiTiHf Shape Memory Alloys,2000,42,48,25,Ni42.0Ti48.0Hf10.0 %,10
C. Zhang; P. E. Thoma and R. H. Zee,Materials Research Society,High Hf content NiTiHf Shape Memory Alloys,2000,42,48,27,Ni42.0Ti48.0Hf10.0 %,10
C. Zhang; P. E. Thoma and R. H. Zee,Materials Research Society,High Hf content NiTiHf Shape Memory Alloys,2000,42,48,43,Ni42.0Ti48.0Hf10.0 %,10
C. Zhang; P. E. Thoma and R. H. Zee,Materials Research Society,High Hf content NiTiHf Shape Memory Alloys,2000,42,48,58,Ni42.0Ti48.0Hf10.0 %,10
C. Zhang; P. E. Thoma and R. H. Zee,Materials Research Society,High Hf content NiTiHf Shape Memory Alloys,2000,42,48,74,Ni42.0Ti48.0Hf10.0 %,10
C. Zhang; P. E. Thoma and R. H. Zee,Materials Research Society,High Hf content NiTiHf Shape Memory Alloys,2000,42,48,50,Ni42.0Ti48.0Hf10.0 %,10
C. Zhang; P. E. Thoma and R. H. Zee,Materials Research Society,High Hf content NiTiHf Shape Memory Alloys,2000,42,48,49,Ni42.0Ti48.0Hf10.0 %,10
C. Zhang; P. E. Thoma and R. H. Zee,Materials Research Society,High Hf content NiTiHf Shape Memory Alloys,2000,42,48,49,Ni42.0Ti48.0Hf10.0 %,10
C. Zhang; P. E. Thoma and R. H. Zee,Materials Research Society,High Hf content NiTiHf Shape Memory Alloys,2000,42,48,48,Ni42.0Ti48.0Hf10.0 %,10
C. Zhang; P. E. Thoma and R. H. Zee,Materials Research Society,High Hf content NiTiHf Shape Memory Alloys,2000,42,48,55,Ni42.0Ti48.0Hf10.0 %,10
C. Zhang; P. E. Thoma and R. H. Zee,Materials Research Society,High Hf content NiTiHf Shape Memory Alloys,2000,42,48,60,Ni42.0Ti48.0Hf10.0 %,10
C. Zhang; P. E. Thoma and R. H. Zee,Materials Research Society,High Hf content NiTiHf Shape Memory Alloys,2000,42,48,76,Ni42.0Ti48.0Hf10.0 %,10
C. Zhang; P. E. Thoma and R. H. Zee,Materials Research Society,High Hf content NiTiHf Shape Memory Alloys,2000,42,48,61,Ni42.0Ti48.0Hf10.0 %,10
C. Zhang; P. E. Thoma and R. H. Zee,Materials Research Society,High Hf content NiTiHf Shape Memory Alloys,2000,42,48,56,Ni42.0Ti48.0Hf10.0 %,10
C. Zhang; P. E. Thoma and R. H. Zee,Materials Research Society,High Hf content NiTiHf Shape Memory Alloys,2000,42,48,57,Ni42.0Ti48.0Hf10.0 %,10
C. Zhang; P. E. Thoma and R. H. Zee,Materials Research Society,High Hf content NiTiHf Shape Memory Alloys,2000,42,48,62,Ni42.0Ti48.0Hf10.0 %,10
C. Zhang; P. E. Thoma and R. H. Zee,Materials Research Society,High Hf content NiTiHf Shape Memory Alloys,2000,42,48,62,Ni42.0Ti48.0Hf10.0 %,10
C. Zhang; P. E. Thoma and R. H. Zee,Materials Research Society,High Hf content NiTiHf Shape Memory Alloys,2000,42,48,67,Ni42.0Ti48.0Hf10.0 %,10
C. Zhang; P. E. Thoma and R. H. Zee,Materials Research Society,High Hf content NiTiHf Shape Memory Alloys,2000,42,48,78,Ni42.0Ti48.0Hf10.0 %,10
C. Zhang; P. E. Thoma and R. H. Zee,Materials Research Society,High Hf content NiTiHf Shape Memory Alloys,2000,42,48,76,Ni42.0Ti48.0Hf10.0 %,10
C. Zhang; P. E. Thoma and R. H. Zee,Materials Research Society,High Hf content NiTiHf Shape Memory Alloys,2000,42,48,73,Ni42.0Ti48.0Hf10.0 %,10
C. Zhang; P. E. Thoma and R. H. Zee,Materials Research Society,High Hf content NiTiHf Shape Memory Alloys,2000,42,48,71,Ni42.0Ti48.0Hf10.0 %,10
C. Zhang; P. E. Thoma and R. H. Zee,Materials Research Society,High Hf content NiTiHf Shape Memory Alloys,2000,42,48,71,Ni42.0Ti48.0Hf10.0 %,10
C. Zhang; P. E. Thoma and R. H. Zee,Materials Research Society,High Hf content NiTiHf Shape Memory Alloys,2000,42,48,75,Ni42.0Ti48.0Hf10.0 %,10
C. Zhang; P. E. Thoma and R. H. Zee,Materials Research Society,High Hf content NiTiHf Shape Memory Alloys,2000,42,48,78,Ni42.0Ti48.0Hf10.0 %,10
C. Zhang; P. E. Thoma and R. H. Zee,Materials Research Society,High Hf content NiTiHf Shape Memory Alloys,2000,42,48,83,Ni42.0Ti48.0Hf10.0 %,10
C. Zhang; P. E. Thoma and R. H. Zee,Materials Research Society,High Hf content NiTiHf Shape Memory Alloys,2000,42,48,84,Ni42.0Ti48.0Hf10.0 %,10
C. Zhang; P. E. Thoma and R. H. Zee,Materials Research Society,High Hf content NiTiHf Shape Memory Alloys,2000,42,48,81,Ni42.0Ti48.0Hf10.0 %,10
C. Zhang; P. E. Thoma and R. H. Zee,Materials Research Society,High Hf content NiTiHf Shape Memory Alloys,2000,42,48,82,Ni42.0Ti48.0Hf10.0 %,10
C. Zhang; P. E. Thoma and R. H. Zee,Materials Research Society,High Hf content NiTiHf Shape Memory Alloys,2000,42,48,83,Ni42.0Ti48.0Hf10.0 %,10
C. Zhang; P. E. Thoma and R. H. Zee,Materials Research Society,High Hf content NiTiHf Shape Memory Alloys,2000,42,48,84,Ni42.0Ti48.0Hf10.0 %,10
C. Zhang; P. E. Thoma and R. H. Zee,Materials Research Society,High Hf content NiTiHf Shape Memory Alloys,2000,42,48,82,Ni42.0Ti48.0Hf10.0 %,10
C. Zhang; P. E. Thoma and R. H. Zee,Materials Research Society,High Hf content NiTiHf Shape Memory Alloys,2000,42,48,85,Ni42.0Ti48.0Hf10.0 %,10
D. König; R. Zarnetta; A. Savan; H. Brunken and A. Ludwig,Acta Materialia,Phase transformation; structural and functional fatigue properties of Ti–Ni–Hf shape memory thin films,2011,42.5,52.6,26,Ni42.5Ti52.6Hf4.9 %,4.9
D. König; R. Zarnetta; A. Savan; H. Brunken and A. Ludwig,Acta Materialia,Phase transformation; structural and functional fatigue properties of Ti–Ni–Hf shape memory thin films,2011,42.5,50.6,23,Ni42.5Ti50.6Hf6.9 %,6.9
D. König; R. Zarnetta; A. Savan; H. Brunken and A. Ludwig,Acta Materialia,Phase transformation; structural and functional fatigue properties of Ti–Ni–Hf shape memory thin films,2011,42.5,46.9,36,Ni42.5Ti46.9Hf10.6 %,10.6
D. König; R. Zarnetta; A. Savan; H. Brunken and A. Ludwig,Acta Materialia,Phase transformation; structural and functional fatigue properties of Ti–Ni–Hf shape memory thin films,2011,42.5,44.7,38,Ni42.5Ti44.7Hf12.8 %,12.8
D. König; R. Zarnetta; A. Savan; H. Brunken and A. Ludwig,Acta Materialia,Phase transformation; structural and functional fatigue properties of Ti–Ni–Hf shape memory thin films,2011,42.5,42.4,56,Ni42.5Ti42.4Hf15.1 %,15.1
J. H. Mulder; J. Beyer; P. Donner and J. Peterseim,Shape Memory and Superelastic Technologies,On the High Temperature Shape Memory Capabilities of Ni-(TiZr) and Ni-(TiHf) Alloys,1994,43,42,233,Ni43.0Ti42.0Hf15.0 %,15
Y. Tong; F. Chen; B. Tian; L. Li and Y. Zheng,Materials Letters,Microstructure and martensitic transformation of Ti49Ni51−xHfx high temperature shape memory alloys,2009,44,49,91,Ni44.0Ti49.0Hf7.0 %,7
Y. Tong; Y. Liu and J. Miao,Thin Solid Films,Phase transformation in NiTiHf shape memory alloy thin films,2008,45,32,190,Ni45.0Ti32.0Hf23.0 %,23
D. König; R. Zarnetta; A. Savan; H. Brunken and A. Ludwig,Acta Materialia,Phase transformation; structural and functional fatigue properties of Ti–Ni–Hf shape memory thin films,2011,45,51.3,30,Ni45.0Ti51.3Hf3.7 %,3.7
D. König; R. Zarnetta; A. Savan; H. Brunken and A. Ludwig,Acta Materialia,Phase transformation; structural and functional fatigue properties of Ti–Ni–Hf shape memory thin films,2011,45,49.2,37,Ni45.0Ti49.2Hf5.8 %,5.8
D. König; R. Zarnetta; A. Savan; H. Brunken and A. Ludwig,Acta Materialia,Phase transformation; structural and functional fatigue properties of Ti–Ni–Hf shape memory thin films,2011,45,48.6,45,Ni45.0Ti48.6Hf6.4 %,6.4
D. König; R. Zarnetta; A. Savan; H. Brunken and A. Ludwig,Acta Materialia,Phase transformation; structural and functional fatigue properties of Ti–Ni–Hf shape memory thin films,2011,45,46.4,38,Ni45.0Ti46.4Hf8.6 %,8.6
D. König; R. Zarnetta; A. Savan; H. Brunken and A. Ludwig,Acta Materialia,Phase transformation; structural and functional fatigue properties of Ti–Ni–Hf shape memory thin films,2011,45,44.4,38,Ni45.0Ti44.4Hf10.6 %,10.6
D. König; R. Zarnetta; A. Savan; H. Brunken and A. Ludwig,Acta Materialia,Phase transformation; structural and functional fatigue properties of Ti–Ni–Hf shape memory thin films,2011,45,41.6,52,Ni45.0Ti41.6Hf13.4 %,13.4
D. König; R. Zarnetta; A. Savan; H. Brunken and A. Ludwig,Acta Materialia,Phase transformation; structural and functional fatigue properties of Ti–Ni–Hf shape memory thin films,2011,45,39.1,69,Ni45.0Ti39.1Hf15.9 %,15.9
S. Sanjabi; S. Sadrnezhaad and Z. Barber,Materials Science and Technology,Sputter alloying of Ni; Ti and Hf for fabrication of high temperature shape memory thin films,2007,45,40,90,Ni45.0Ti40.0Hf15.0 %,15
S.-W. Kim; J. W. Jo; C. H. Park; J.-K. Hong; J.-T. Yeom and H.-G. Kim,Materials Science and Engineering: A,Fracture toughness of TiNiHf alloys: A hybrid study using in-situ transmission electron microscopy experiments and finite element analyses,2016,46,39,237,Ni46.0Ti39.0Hf15.0 %,15
D. N. Abujudom; M. Y. Kao; P. E. Thoma and D. R. Angst,US5114504,High transformation temperature shape memory alloy,1992,46,44,108,Ni46.0Ti44.0Hf10.0 %,10
Y. Tong; F. Chen; B. Tian; L. Li and Y. Zheng,Materials Letters,Microstructure and martensitic transformation of Ti49Ni51−xHfx high temperature shape memory alloys,2009,46,49,79,Ni46.0Ti49.0Hf5.0 %,5
S. Sanjabi; S. Sadrnezhaad and Z. Barber,Materials Science and Technology,Sputter alloying of Ni; Ti and Hf for fabrication of high temperature shape memory thin films,2007,46,39,91,Ni46.0Ti39.0Hf15.0 %,15
D. Angst; P. Thoma and M. Kao,Journal de Physique IV,The Effect of Hafnium Content on the Transformation Temperatures of Ni49Ti51-xHfx. Shape Memory Alloys,1995,46,44,109,Ni46.0Ti44.0Hf10.0 %,10
K. H. Wu; Z. Pu; H. Tseng and F. S. Biancaniello,Shape Memory and Superelastic Technologies,The Shape Memory Effect of the NiTi-Hf High Temperature Shape Memory Alloy,1995,46.1,28.8,298,Ni46.1Ti28.8Hf25.1 %,25.1
K. H. Wu; Z. Pu; H. Tseng and F. S. Biancaniello,Shape Memory and Superelastic Technologies,The Shape Memory Effect of the NiTi-Hf High Temperature Shape Memory Alloy,1995,46.8,23.3,409,Ni46.8Ti23.3Hf29.9 %,29.9
K. H. Wu; Z. Pu; H. Tseng and F. S. Biancaniello,Shape Memory and Superelastic Technologies,The Shape Memory Effect of the NiTi-Hf High Temperature Shape Memory Alloy,1995,46.9,33.2,199,Ni46.9Ti33.2Hf19.9 %,19.9
D. N. Abujudom; M. Y. Kao; P. E. Thoma and D. R. Angst,US5114504,High transformation temperature shape memory alloy,1992,47,43,111,Ni47.0Ti43.0Hf10.0 %,10
D. Angst; P. Thoma and M. Kao,Journal de Physique IV,The Effect of Hafnium Content on the Transformation Temperatures of Ni49Ti51-xHfx. Shape Memory Alloys,1995,47,43,100,Ni47.0Ti43.0Hf10.0 %,10
G. S. Firstov; J. Van Humbeeck and Y. N. Koval,Materials Science and Engineering: A,High-temperature shape memory alloys,2004,47.1,38.2,174,Ni47.1Ti38.2Hf14.7 %,14.7
D. König; R. Zarnetta; A. Savan; H. Brunken and A. Ludwig,Acta Materialia,Phase transformation; structural and functional fatigue properties of Ti–Ni–Hf shape memory thin films,2011,47.5,49.6,54,Ni47.5Ti49.6Hf2.9 %,2.9
D. König; R. Zarnetta; A. Savan; H. Brunken and A. Ludwig,Acta Materialia,Phase transformation; structural and functional fatigue properties of Ti–Ni–Hf shape memory thin films,2011,47.5,47.1,51,Ni47.5Ti47.1Hf5.4 %,5.4
D. König; R. Zarnetta; A. Savan; H. Brunken and A. Ludwig,Acta Materialia,Phase transformation; structural and functional fatigue properties of Ti–Ni–Hf shape memory thin films,2011,47.5,45.4,49,Ni47.5Ti45.4Hf7.1 %,7.1
D. König; R. Zarnetta; A. Savan; H. Brunken and A. Ludwig,Acta Materialia,Phase transformation; structural and functional fatigue properties of Ti–Ni–Hf shape memory thin films,2011,47.5,42.7,44,Ni47.5Ti42.7Hf9.8 %,9.8
D. König; R. Zarnetta; A. Savan; H. Brunken and A. Ludwig,Acta Materialia,Phase transformation; structural and functional fatigue properties of Ti–Ni–Hf shape memory thin films,2011,47.5,40.5,48,Ni47.5Ti40.5Hf12.0 %,12
D. König; R. Zarnetta; A. Savan; H. Brunken and A. Ludwig,Acta Materialia,Phase transformation; structural and functional fatigue properties of Ti–Ni–Hf shape memory thin films,2011,47.5,38,66,Ni47.5Ti38.0Hf14.5 %,14.5
D. König; R. Zarnetta; A. Savan; H. Brunken and A. Ludwig,Acta Materialia,Phase transformation; structural and functional fatigue properties of Ti–Ni–Hf shape memory thin films,2011,47.5,35.5,73,Ni47.5Ti35.5Hf17.0 %,17
S. Sanjabi; S. Sadrnezhaad and Z. Barber,Materials Science and Technology,Sputter alloying of Ni; Ti and Hf for fabrication of high temperature shape memory thin films,2007,47.5,37.5,88,Ni47.5Ti37.5Hf15.0 %,15
Y. Tong; Y. Liu; J. Miao and L. Zhao,Scripta Materialia,Characterization of a nanocrystalline NiTiHf high temperature shape memory alloy thin film,2005,47.9,35.7,125,Ni47.9Ti35.7Hf16.4 %,16.4
Y. Tong; Y. Liu; J. Miao and L. Zhao,Scripta Materialia,Characterization of a nanocrystalline NiTiHf high temperature shape memory alloy thin film,2005,47.9,35.7,162,Ni47.9Ti35.7Hf16.4 %,16.4
Y. Tong; Y. Liu; J. Miao and L. Zhao,Scripta Materialia,Characterization of a nanocrystalline NiTiHf high temperature shape memory alloy thin film,2005,47.9,35.7,177,Ni47.9Ti35.7Hf16.4 %,16.4
Y. Tong; Y. Liu; J. Miao and L. Zhao,Scripta Materialia,Characterization of a nanocrystalline NiTiHf high temperature shape memory alloy thin film,2005,47.9,35.7,171,Ni47.9Ti35.7Hf16.4 %,16.4
Y. Tong; Y. Liu and J. Miao,Thin Solid Films,Phase transformation in NiTiHf shape memory alloy thin films,2008,47.9,35.7,130,Ni47.9Ti35.7Hf16.4 %,16.4
D. N. Abujudom; M. Y. Kao; P. E. Thoma and D. R. Angst,US5114504,High transformation temperature shape memory alloy,1992,48,42,103,Ni48.0Ti42.0Hf10.0 %,10
Y. Tong; F. Chen; B. Tian; L. Li and Y. Zheng,Materials Letters,Microstructure and martensitic transformation of Ti49Ni51−xHfx high temperature shape memory alloys,2009,48,49,76,Ni48.0Ti49.0Hf3.0 %,3
Y. Tong; Y. Liu and J. Miao,Thin Solid Films,Phase transformation in NiTiHf shape memory alloy thin films,2008,48,37.7,103,Ni48.0Ti37.7Hf14.3 %,14.3
S. Sanjabi; S. Sadrnezhaad and Z. Barber,Materials Science and Technology,Sputter alloying of Ni; Ti and Hf for fabrication of high temperature shape memory thin films,2007,48,37,96,Ni48.0Ti37.0Hf15.0 %,15
K. Wu; Z. Pu and Y. Gao,International Conference of Displacive Phase Transformations and their Applications in Materials Engineering,Study of NiTi-Hf and NiTi-Zr High-Temperature Shape Memory Alloys,1996,48,51,69,Ni48.0Ti51.0Hf1.0 %,1
K. Wu; Z. Pu and Y. Gao,International Conference of Displacive Phase Transformations and their Applications in Materials Engineering,Study of NiTi-Hf and NiTi-Zr High-Temperature Shape Memory Alloys,1996,48,46,65,Ni48.0Ti46.0Hf6.0 %,6
K. Wu; Z. Pu and Y. Gao,International Conference of Displacive Phase Transformations and their Applications in Materials Engineering,Study of NiTi-Hf and NiTi-Zr High-Temperature Shape Memory Alloys,1996,48,39.5,151,Ni48.0Ti39.5Hf12.5 %,12.5
K. Wu; Z. Pu and Y. Gao,International Conference of Displacive Phase Transformations and their Applications in Materials Engineering,Study of NiTi-Hf and NiTi-Zr High-Temperature Shape Memory Alloys,1996,48,37,213,Ni48.0Ti37.0Hf15.0 %,15
K. Wu; Z. Pu and Y. Gao,International Conference of Displacive Phase Transformations and their Applications in Materials Engineering,Study of NiTi-Hf and NiTi-Zr High-Temperature Shape Memory Alloys,1996,48,32,301,Ni48.0Ti32.0Hf20.0 %,20
K. Wu; Z. Pu and Y. Gao,International Conference of Displacive Phase Transformations and their Applications in Materials Engineering,Study of NiTi-Hf and NiTi-Zr High-Temperature Shape Memory Alloys,1996,48,27,412,Ni48.0Ti27.0Hf25.0 %,25
D. Angst; P. Thoma and M. Kao,Journal de Physique IV,The Effect of Hafnium Content on the Transformation Temperatures of Ni49Ti51-xHfx. Shape Memory Alloys,1995,48,42,101,Ni48.0Ti42.0Hf10.0 %,10
K. H. Wu; Z. Pu; H. Tseng and F. S. Biancaniello,Shape Memory and Superelastic Technologies,The Shape Memory Effect of the NiTi-Hf High Temperature Shape Memory Alloy,1995,48.3,45.5,79,Ni48.3Ti45.5Hf6.2 %,6.2
Z. Pu; H. K. Tseng and K. Wu,International Society for Optical Engineering,Innovative system of high-temperature shape memory alloys,1994,48.5,50.5,60,Ni48.5Ti50.5Hf1.0 %,1
Z. Pu; H. K. Tseng and K. Wu,International Society for Optical Engineering,Innovative system of high-temperature shape memory alloys,1994,48.5,46.5,79,Ni48.5Ti46.5Hf5.0 %,5
Z. Pu; H. K. Tseng and K. Wu,International Society for Optical Engineering,Innovative system of high-temperature shape memory alloys,1994,48.5,36.5,199,Ni48.5Ti36.5Hf15.0 %,15
Z. Pu; H. K. Tseng and K. Wu,International Society for Optical Engineering,Innovative system of high-temperature shape memory alloys,1994,48.5,31.5,299,Ni48.5Ti31.5Hf20.0 %,20
Z. Pu; H. K. Tseng and K. Wu,International Society for Optical Engineering,Innovative system of high-temperature shape memory alloys,1994,48.5,26.5,409,Ni48.5Ti26.5Hf25.0 %,25
G. K. Rasmussen; F. Chang; J. Zhang and T. J. Gold,US6592724B1,Method for producing NiTiHf alloy films by sputtering,2003,48.5,35.5,153,Ni48.5Ti35.5Hf16.0 %,16
G. K. Rasmussen; F. Chang; J. Zhang and T. J. Gold,US6592724B1,Method for producing NiTiHf alloy films by sputtering,2003,48.5,35.5,178,Ni48.5Ti35.5Hf16.0 %,16
X. D. Han; W. H. Zou; R. Wang; Z. Zhang and D. Z. Yang,Acta Materialia,Structure and substructure of martensite in a Ti36.5Ni48.5Hf15 high temperature shape memory alloy,1996,48.5,36.5,200,Ni48.5Ti36.5Hf15.0 %,15
Y. Zhu; Z. Pu; C. Li and K. Wu,International Symposium on Shape Memory Materials,The Stability of NiTi-Pd and NiTi-Hf High Temperature Shape Memory Alloys,1994,48.5,36.5,205,Ni48.5Ti36.5Hf15.0 %,15
Y. Zhu; Z. Pu; C. Li and K. Wu,International Symposium on Shape Memory Materials,The Stability of NiTi-Pd and NiTi-Hf High Temperature Shape Memory Alloys,1994,48.5,36.5,197,Ni48.5Ti36.5Hf15.0 %,15
Y. Zhu; Z. Pu; C. Li and K. Wu,International Symposium on Shape Memory Materials,The Stability of NiTi-Pd and NiTi-Hf High Temperature Shape Memory Alloys,1994,48.5,36.5,203,Ni48.5Ti36.5Hf15.0 %,15
Y. Zhu; Z. Pu; C. Li and K. Wu,International Symposium on Shape Memory Materials,The Stability of NiTi-Pd and NiTi-Hf High Temperature Shape Memory Alloys,1994,48.5,36.5,198,Ni48.5Ti36.5Hf15.0 %,15
Y. Zhu; Z. Pu; C. Li and K. Wu,International Symposium on Shape Memory Materials,The Stability of NiTi-Pd and NiTi-Hf High Temperature Shape Memory Alloys,1994,48.5,36.5,201,Ni48.5Ti36.5Hf15.0 %,15
Y. Zhu; Z. Pu; C. Li and K. Wu,International Symposium on Shape Memory Materials,The Stability of NiTi-Pd and NiTi-Hf High Temperature Shape Memory Alloys,1994,48.5,36.5,198,Ni48.5Ti36.5Hf15.0 %,15
Y. Zhu; Z. Pu; C. Li and K. Wu,International Symposium on Shape Memory Materials,The Stability of NiTi-Pd and NiTi-Hf High Temperature Shape Memory Alloys,1994,48.5,36.5,199,Ni48.5Ti36.5Hf15.0 %,15
Y. Zhu; Z. Pu; C. Li and K. Wu,International Symposium on Shape Memory Materials,The Stability of NiTi-Pd and NiTi-Hf High Temperature Shape Memory Alloys,1994,48.5,21.5,409,Ni48.5Ti21.5Hf30.0 %,30
Y. Zhu; Z. Pu; C. Li and K. Wu,International Symposium on Shape Memory Materials,The Stability of NiTi-Pd and NiTi-Hf High Temperature Shape Memory Alloys,1994,48.5,21.5,399,Ni48.5Ti21.5Hf30.0 %,30
Y. Zhu; Z. Pu; C. Li and K. Wu,International Symposium on Shape Memory Materials,The Stability of NiTi-Pd and NiTi-Hf High Temperature Shape Memory Alloys,1994,48.5,21.5,407,Ni48.5Ti21.5Hf30.0 %,30
Y. Zhu; Z. Pu; C. Li and K. Wu,International Symposium on Shape Memory Materials,The Stability of NiTi-Pd and NiTi-Hf High Temperature Shape Memory Alloys,1994,48.5,21.5,400,Ni48.5Ti21.5Hf30.0 %,30
Y. Zhu; Z. Pu; C. Li and K. Wu,International Symposium on Shape Memory Materials,The Stability of NiTi-Pd and NiTi-Hf High Temperature Shape Memory Alloys,1994,48.5,21.5,405,Ni48.5Ti21.5Hf30.0 %,30
Y. Zhu; Z. Pu; C. Li and K. Wu,International Symposium on Shape Memory Materials,The Stability of NiTi-Pd and NiTi-Hf High Temperature Shape Memory Alloys,1994,48.5,21.5,400,Ni48.5Ti21.5Hf30.0 %,30
Y. Zhu; Z. Pu; C. Li and K. Wu,International Symposium on Shape Memory Materials,The Stability of NiTi-Pd and NiTi-Hf High Temperature Shape Memory Alloys,1994,48.5,21.5,403,Ni48.5Ti21.5Hf30.0 %,30
S. Han; W. Zou; S. Jin; Z. Zhang and D. Yang,Scripta Metallurgica et Materialia,The studies of the martensite transformations in a Ti36.5Ni48.5Hf15 alloy,1995,48.5,36.5,200,Ni48.5Ti36.5Hf15.0 %,15
X. D. Han; Z. Zhang and T. Li,International Symposium on Shape Memory Materials,The studies of the microstructure and the martensite transformations in a Ti36.5Ni48.5Hf15 alloy,1994,48.5,36.5,200,Ni48.5Ti36.5Hf15.0 %,15
Q. Wei; X. D. Han and Z. Zhang,Materials Letters,The substructures of martensite in a TiNiHf10 high temperature shape memory alloy,2006,48.5,41.5,150,Ni48.5Ti41.5Hf10.0 %,10
J. H. Mulder; J. Beyer; P. Donner and J. Peterseim,Shape Memory and Superelastic Technologies,On the High Temperature Shape Memory Capabilities of Ni-(TiZr) and Ni-(TiHf) Alloys,1994,48.7,36.8,182,Ni48.7Ti36.8Hf14.5 %,14.5
H. D. Gu; K. M. Leung and C. Y. Chung,Journal of Vacuum Science & Technology A ,Growth of high-temperature NiTi1−xHfxNiTi1−xHfx shape memory alloy thin films by laser ablation of composite targets,1998,48.8,33.7,76,Ni48.8Ti33.7Hf17.5 %,17.5
K. H. Wu; Z. Pu; H. Tseng and F. S. Biancaniello,Shape Memory and Superelastic Technologies,The Shape Memory Effect of the NiTi-Hf High Temperature Shape Memory Alloy,1995,48.8,50.1,60,Ni48.8Ti50.1Hf1.1 %,1.1
K. M. Kim; J. K. Hong; C. H. Park and J.-T. Yeom,Journal of Nanoscience and Nanotechnology,Comparative Study of the Thermocyclic Behavior of Ti–Ni–Hf and Ti–Ni–Hf–Ta Shape Memory Alloys,2016,49,36,211,Ni49.0Ti36.0Hf15.0 %,15
K. M. Kim; J. K. Hong; C. H. Park and J.-T. Yeom,Journal of Nanoscience and Nanotechnology,Comparative Study of the Thermocyclic Behavior of Ti–Ni–Hf and Ti–Ni–Hf–Ta Shape Memory Alloys,2016,49,36,208,Ni49.0Ti36.0Hf15.0 %,15
K. M. Kim; J. K. Hong; C. H. Park and J.-T. Yeom,Journal of Nanoscience and Nanotechnology,Comparative Study of the Thermocyclic Behavior of Ti–Ni–Hf and Ti–Ni–Hf–Ta Shape Memory Alloys,2016,49,36,206,Ni49.0Ti36.0Hf15.0 %,15
K. M. Kim; J. K. Hong; C. H. Park and J.-T. Yeom,Journal of Nanoscience and Nanotechnology,Comparative Study of the Thermocyclic Behavior of Ti–Ni–Hf and Ti–Ni–Hf–Ta Shape Memory Alloys,2016,49,36,205,Ni49.0Ti36.0Hf15.0 %,15
K. M. Kim; J. K. Hong; C. H. Park and J.-T. Yeom,Journal of Nanoscience and Nanotechnology,Comparative Study of the Thermocyclic Behavior of Ti–Ni–Hf and Ti–Ni–Hf–Ta Shape Memory Alloys,2016,49,36,204,Ni49.0Ti36.0Hf15.0 %,15
K. M. Kim; J. K. Hong; C. H. Park and J.-T. Yeom,Journal of Nanoscience and Nanotechnology,Comparative Study of the Thermocyclic Behavior of Ti–Ni–Hf and Ti–Ni–Hf–Ta Shape Memory Alloys,2016,49,36,202,Ni49.0Ti36.0Hf15.0 %,15
K. M. Kim; J. K. Hong; C. H. Park and J.-T. Yeom,Journal of Nanoscience and Nanotechnology,Comparative Study of the Thermocyclic Behavior of Ti–Ni–Hf and Ti–Ni–Hf–Ta Shape Memory Alloys,2016,49,36,201,Ni49.0Ti36.0Hf15.0 %,15
K. M. Kim; J. K. Hong; C. H. Park and J.-T. Yeom,Journal of Nanoscience and Nanotechnology,Comparative Study of the Thermocyclic Behavior of Ti–Ni–Hf and Ti–Ni–Hf–Ta Shape Memory Alloys,2016,49,36,200,Ni49.0Ti36.0Hf15.0 %,15
X. L. Meng; Y. F. Zheng; Z. Wang and L. C. Zhao,Scripta Materialia,Effect of aging on the phase transformation and mechanical behavior of Ti36Ni49Hf15 high temperature shape memory alloy,2000,49,36,187,Ni49.0Ti36.0Hf15.0 %,15
X. L. Meng; Y. F. Zheng; Z. Wang and L. C. Zhao,Scripta Materialia,Effect of aging on the phase transformation and mechanical behavior of Ti36Ni49Hf15 high temperature shape memory alloy,2000,49,36,122,Ni49.0Ti36.0Hf15.0 %,15
X. L. Meng; Y. F. Zheng; Z. Wang and L. C. Zhao,Scripta Materialia,Effect of aging on the phase transformation and mechanical behavior of Ti36Ni49Hf15 high temperature shape memory alloy,2000,49,36,120,Ni49.0Ti36.0Hf15.0 %,15
X. L. Meng; Y. F. Zheng; Z. Wang and L. C. Zhao,Scripta Materialia,Effect of aging on the phase transformation and mechanical behavior of Ti36Ni49Hf15 high temperature shape memory alloy,2000,49,36,128,Ni49.0Ti36.0Hf15.0 %,15
X. L. Meng; Y. F. Zheng; Z. Wang and L. C. Zhao,Scripta Materialia,Effect of aging on the phase transformation and mechanical behavior of Ti36Ni49Hf15 high temperature shape memory alloy,2000,49,36,128,Ni49.0Ti36.0Hf15.0 %,15
X. L. Meng; Y. F. Zheng; Z. Wang and L. C. Zhao,Scripta Materialia,Effect of aging on the phase transformation and mechanical behavior of Ti36Ni49Hf15 high temperature shape memory alloy,2000,49,36,151,Ni49.0Ti36.0Hf15.0 %,15
X. L. Meng; Y. F. Zheng; Z. Wang and L. C. Zhao,Scripta Materialia,Effect of aging on the phase transformation and mechanical behavior of Ti36Ni49Hf15 high temperature shape memory alloy,2000,49,36,124,Ni49.0Ti36.0Hf15.0 %,15
P. E. Thoma and J. J. Boehm,Materials Science and Engineering: A,Effect of composition on the amount of second phase and transformation temperatures of NixTi90−xHf10 shape memory alloys,1999,49,41,129,Ni49.0Ti41.0Hf10.0 %,10
X. L. Meng; Y. X. Tong; K. T. Lau; W. Cai; L. M. Zhou and L. C. Zhao,Materials Letters,Effect of Cu addition on phase transformation of Ti–Ni–Hf high-temperature shape memory alloys,2002,49,36,163,Ni49.0Ti36.0Hf15.0 %,15
X. L. Meng; Y. X. Tong; K. T. Lau; W. Cai; L. M. Zhou and L. C. Zhao,Materials Letters,Effect of Cu addition on phase transformation of Ti–Ni–Hf high-temperature shape memory alloys,2002,49,36,164,Ni49.0Ti36.0Hf15.0 %,15
X. L. Meng; Y. X. Tong; K. T. Lau; W. Cai; L. M. Zhou and L. C. Zhao,Materials Letters,Effect of Cu addition on phase transformation of Ti–Ni–Hf high-temperature shape memory alloys,2002,49,36,166,Ni49.0Ti36.0Hf15.0 %,15
X. L. Meng; Y. X. Tong; K. T. Lau; W. Cai; L. M. Zhou and L. C. Zhao,Materials Letters,Effect of Cu addition on phase transformation of Ti–Ni–Hf high-temperature shape memory alloys,2002,49,36,168,Ni49.0Ti36.0Hf15.0 %,15
X. L. Meng; Y. X. Tong; K. T. Lau; W. Cai; L. M. Zhou and L. C. Zhao,Materials Letters,Effect of Cu addition on phase transformation of Ti–Ni–Hf high-temperature shape memory alloys,2002,49,36,173,Ni49.0Ti36.0Hf15.0 %,15
X. L. Meng; Y. X. Tong; K. T. Lau; W. Cai; L. M. Zhou and L. C. Zhao,Materials Letters,Effect of Cu addition on phase transformation of Ti–Ni–Hf high-temperature shape memory alloys,2002,49,36,180,Ni49.0Ti36.0Hf15.0 %,15
J. H. Kim; K. M. Kim; J. T. Yeom and S. Young,Metals and Materials International,Effect of yttrium on martensite-austenite phase transformation temperatures and high temperature oxidation kinetics of Ti-Ni-Hf high-temperature shape memory alloys,2016,49,41,150,Ni49.0Ti41.0Hf10.0 %,10
M. Moshref-Javadi; M. Belbasi; S. H. Seyedein and M. T. Salehi,Journal of Materials Science and Technology,Fabrication of (Ti;Hf)-rich NiTiHf Alloy Using Graphitic Mold and Crucible,2014,49,36,170,Ni49.0Ti36.0Hf15.0 %,15
M. Moshref-Javadi; M. Belbasi; S. Seyedein and M. Salehi,,Heat Treatment of a (Ti; Hf)-Rich NiTiHf High Temperature Shape Memory Alloy,2011,49,36,168,Ni49.0Ti36.0Hf15.0 %,15
M. Moshref-Javadi; M. Belbasi; S. Seyedein and M. Salehi,,Heat Treatment of a (Ti; Hf)-Rich NiTiHf High Temperature Shape Memory Alloy,2011,49,36,143,Ni49.0Ti36.0Hf15.0 %,15
S. M. Tuominen,Shape Memory and Superelastic Technologies,High Transformation Temperature Ni-Ti-Hf Alloys,1994,49,41,133,Ni49.0Ti41.0Hf10.0 %,10
S. M. Tuominen,Shape Memory and Superelastic Technologies,High Transformation Temperature Ni-Ti-Hf Alloys,1994,49,41,137,Ni49.0Ti41.0Hf10.0 %,10
S. M. Tuominen,Shape Memory and Superelastic Technologies,High Transformation Temperature Ni-Ti-Hf Alloys,1994,49,41,148,Ni49.0Ti41.0Hf10.0 %,10
D. N. Abujudom; M. Y. Kao; P. E. Thoma and D. R. Angst,US5114504,High transformation temperature shape memory alloy,1992,49,50,69,Ni49.0Ti50.0Hf1.0 %,1
D. N. Abujudom; M. Y. Kao; P. E. Thoma and D. R. Angst,US5114504,High transformation temperature shape memory alloy,1992,49,49.5,60,Ni49.0Ti49.5Hf1.5 %,1.5
D. N. Abujudom; M. Y. Kao; P. E. Thoma and D. R. Angst,US5114504,High transformation temperature shape memory alloy,1992,49,48,76,Ni49.0Ti48.0Hf3.0 %,3
D. N. Abujudom; M. Y. Kao; P. E. Thoma and D. R. Angst,US5114504,High transformation temperature shape memory alloy,1992,49,46,80,Ni49.0Ti46.0Hf5.0 %,5
D. N. Abujudom; M. Y. Kao; P. E. Thoma and D. R. Angst,US5114504,High transformation temperature shape memory alloy,1992,49,43,86,Ni49.0Ti43.0Hf8.0 %,8
D. N. Abujudom; M. Y. Kao; P. E. Thoma and D. R. Angst,US5114504,High transformation temperature shape memory alloy,1992,49,41,120,Ni49.0Ti41.0Hf10.0 %,10
D. N. Abujudom; M. Y. Kao; P. E. Thoma and D. R. Angst,US5114504,High transformation temperature shape memory alloy,1992,49,41,120,Ni49.0Ti41.0Hf10.0 %,10
D. N. Abujudom; M. Y. Kao; P. E. Thoma and D. R. Angst,US5114504,High transformation temperature shape memory alloy,1992,49,40,129,Ni49.0Ti40.0Hf11.0 %,11
D. N. Abujudom; M. Y. Kao; P. E. Thoma and D. R. Angst,US5114504,High transformation temperature shape memory alloy,1992,49,36,203,Ni49.0Ti36.0Hf15.0 %,15
D. N. Abujudom; M. Y. Kao; P. E. Thoma and D. R. Angst,US5114504,High transformation temperature shape memory alloy,1992,49,31,307,Ni49.0Ti31.0Hf20.0 %,20
D. N. Abujudom; M. Y. Kao; P. E. Thoma and D. R. Angst,US5114504,High transformation temperature shape memory alloy,1992,49,26,395,Ni49.0Ti26.0Hf25.0 %,25
D. N. Abujudom; M. Y. Kao; P. E. Thoma and D. R. Angst,US5114504,High transformation temperature shape memory alloy,1992,49,21,525,Ni49.0Ti21.0Hf30.0 %,30
Y. F. Zheng; W. Cai; J. X. Zhang; Y. Q. Wang; L. C. Zhao and H. Q. Ye,Materials Letters,High-resolution electron microscopy study on the substructure of Ti–Ni–Hf B19′ Martensite,1998,49,36,184,Ni49.0Ti36.0Hf15.0 %,15
G. S. Firstov; J. Van Humbeeck and Y. N. Koval,Materials Science and Engineering: A,High-temperature shape memory alloys,2004,49,36.3,181,Ni49.0Ti36.3Hf14.7 %,14.7
X. Yi; K. Sun; W. Gao; X. Meng; W. Cai and L. Zhao,Journal of Alloys and Compounds,Martensitic transformation and mechanical properties of Ti-Ni-Hf high temperature shape memory alloy with network structure second particles,2018,49,36,183,Ni49.0Ti36.0Hf15.0 %,15
X. Yi; K. Sun; W. Gao; X. Meng; W. Cai and L. Zhao,Journal of Alloys and Compounds,Martensitic transformation and mechanical properties of Ti-Ni-Hf high temperature shape memory alloy with network structure second particles,2018,49,36,192,Ni49.0Ti36.0Hf15.0 %,15
X. Yi; K. Sun; W. Gao; X. Meng; W. Cai and L. Zhao,Journal of Alloys and Compounds,Martensitic transformation and mechanical properties of Ti-Ni-Hf high temperature shape memory alloy with network structure second particles,2018,49,36,140,Ni49.0Ti36.0Hf15.0 %,15
X. Yi; W. Gao; X. Meng; Z. Gao; W. Cai and L. Zhao,Journal of Alloys and Compounds,Martensitic transformation behaviors and mechanical properties of (Ti 36 Ni 49 Hf 15) 100-x Y x high temperature shape memory alloys,2017,49,36,209,Ni49.0Ti36.0Hf15.0 %,15
X. Yi; W. Gao; X. Meng; Z. Gao; W. Cai and L. Zhao,Journal of Alloys and Compounds,Martensitic transformation behaviors and mechanical properties of (Ti 36 Ni 49 Hf 15) 100-x Y x high temperature shape memory alloys,2017,49,36,188,Ni49.0Ti36.0Hf15.0 %,15
X. Yi; W. Gao; X. Meng; Z. Gao; W. Cai and L. Zhao,Journal of Alloys and Compounds,Martensitic transformation behaviors and mechanical properties of (Ti 36 Ni 49 Hf 15) 100-x Y x high temperature shape memory alloys,2017,49,36,189,Ni49.0Ti36.0Hf15.0 %,15
X. Yi; W. Gao; X. Meng; Z. Gao; W. Cai and L. Zhao,Journal of Alloys and Compounds,Martensitic transformation behaviors and mechanical properties of (Ti 36 Ni 49 Hf 15) 100-x Y x high temperature shape memory alloys,2017,49,36,189,Ni49.0Ti36.0Hf15.0 %,15
X. Yi; W. Gao; X. Meng; Z. Gao; W. Cai and L. Zhao,Journal of Alloys and Compounds,Martensitic transformation behaviors and mechanical properties of (Ti 36 Ni 49 Hf 15) 100-x Y x high temperature shape memory alloys,2017,49,36,205,Ni49.0Ti36.0Hf15.0 %,15
X. Yi; W. Gao; X. Meng; Z. Gao; W. Cai and L. Zhao,Journal of Alloys and Compounds,Martensitic transformation behaviors and mechanical properties of (Ti 36 Ni 49 Hf 15) 100-x Y x high temperature shape memory alloys,2017,49,36,190,Ni49.0Ti36.0Hf15.0 %,15
X. Yi; W. Gao; X. Meng; Z. Gao; W. Cai and L. Zhao,Journal of Alloys and Compounds,Martensitic transformation behaviors and mechanical properties of (Ti 36 Ni 49 Hf 15) 100-x Y x high temperature shape memory alloys,2017,49,36,194,Ni49.0Ti36.0Hf15.0 %,15
Y. Wang; W. Cai; W. Zhu and L. C. Zhao,Shape Memory and Superelastic Technologies,Microstructure and Mechnical Behavior of a Ni-Ti-Hf High Temperature Shape Memory Alloy,1997,49,36,184,Ni49.0Ti36.0Hf15.0 %,15
R. V. S. Prasad; C. H. Park; S.-W. Kim; J. K. Hong and J.-T. Yeom,Journal of Alloys and Compounds,Microstructure and phase transformation behavior of a new high temperature NiTiHf-Ta shape memory alloy with excellent formability,2017,49,36,203,Ni49.0Ti36.0Hf15.0 %,15
X. Yi; K. Sun; W. Gao; X. Meng; W. Cai and L. Zhao,Journal of Alloys and Compounds,Microstructure design of the excellent shape recovery properties in (Ti; Hf) 2Ni/Ti-Ni-Hf high temperature shape memory alloy composite,2017,49,36,122,Ni49.0Ti36.0Hf15.0 %,15
X. Yi; K. Sun; W. Gao; X. Meng; W. Cai and L. Zhao,Journal of Alloys and Compounds,Microstructure design of the excellent shape recovery properties in (Ti; Hf) 2Ni/Ti-Ni-Hf high temperature shape memory alloy composite,2017,49,36,186,Ni49.0Ti36.0Hf15.0 %,15
X. Yi; X. Meng; W. Cai and L. Zhao,Journal of Alloys and Compounds,Multi-stage martensitic transformation behaviors and microstructural characteristics of Ti-Ni-Hf high temperature shape memory alloy powders,2019,49,36,192,Ni49.0Ti36.0Hf15.0 %,15
X. Yi; X. Meng; W. Cai and L. Zhao,Journal of Alloys and Compounds,Multi-stage martensitic transformation behaviors and microstructural characteristics of Ti-Ni-Hf high temperature shape memory alloy powders,2019,49,36,192,Ni49.0Ti36.0Hf15.0 %,15
X. Yi; X. Meng; W. Cai and L. Zhao,Journal of Alloys and Compounds,Multi-stage martensitic transformation behaviors and microstructural characteristics of Ti-Ni-Hf high temperature shape memory alloy powders,2019,49,36,190,Ni49.0Ti36.0Hf15.0 %,15
X. Yi; X. Meng; W. Cai and L. Zhao,Journal of Alloys and Compounds,Multi-stage martensitic transformation behaviors and microstructural characteristics of Ti-Ni-Hf high temperature shape memory alloy powders,2019,49,36,195,Ni49.0Ti36.0Hf15.0 %,15
X. Yi; X. Meng; W. Cai and L. Zhao,Journal of Alloys and Compounds,Multi-stage martensitic transformation behaviors and microstructural characteristics of Ti-Ni-Hf high temperature shape memory alloy powders,2019,49,36,198,Ni49.0Ti36.0Hf15.0 %,15
X. Yi; X. Meng; W. Cai and L. Zhao,Journal of Alloys and Compounds,Multi-stage martensitic transformation behaviors and microstructural characteristics of Ti-Ni-Hf high temperature shape memory alloy powders,2019,49,36,197,Ni49.0Ti36.0Hf15.0 %,15
S. Besseghini; E. Villa and A. Tuissi,Materials Science and Engineering: A,Ni-Ti-Hf shape memory alloy: effect of aging and thermal cycling,1999,49,41,118,Ni49.0Ti41.0Hf10.0 %,10
S. Besseghini; E. Villa and A. Tuissi,Materials Science and Engineering: A,Ni-Ti-Hf shape memory alloy: effect of aging and thermal cycling,1999,49,41,126,Ni49.0Ti41.0Hf10.0 %,10
S. Besseghini; E. Villa and A. Tuissi,Materials Science and Engineering: A,Ni-Ti-Hf shape memory alloy: effect of aging and thermal cycling,1999,49,41,110,Ni49.0Ti41.0Hf10.0 %,10
S. Besseghini; E. Villa and A. Tuissi,Materials Science and Engineering: A,Ni-Ti-Hf shape memory alloy: effect of aging and thermal cycling,1999,49,41,111,Ni49.0Ti41.0Hf10.0 %,10
S. Besseghini; E. Villa and A. Tuissi,Materials Science and Engineering: A,Ni-Ti-Hf shape memory alloy: effect of aging and thermal cycling,1999,49,41,109,Ni49.0Ti41.0Hf10.0 %,10
S. Besseghini; E. Villa and A. Tuissi,Materials Science and Engineering: A,Ni-Ti-Hf shape memory alloy: effect of aging and thermal cycling,1999,49,41,110,Ni49.0Ti41.0Hf10.0 %,10
S. Besseghini; E. Villa and A. Tuissi,Materials Science and Engineering: A,Ni-Ti-Hf shape memory alloy: effect of aging and thermal cycling,1999,49,41,108,Ni49.0Ti41.0Hf10.0 %,10
S. Besseghini; E. Villa and A. Tuissi,Materials Science and Engineering: A,Ni-Ti-Hf shape memory alloy: effect of aging and thermal cycling,1999,49,41,123,Ni49.0Ti41.0Hf10.0 %,10
N. N. Popov; D. V. Presnyakov; E. N. Grishin; T. I. Sysoeva; T. A. Morozova and A. A. Kostyleva,Russian Metallurgy (Metally),Properties of a 49Ni–36Ti–15Hf High-Temperature Shape Memory Alloy in the As-Cast State,2019,49,36,210,Ni49.0Ti36.0Hf15.0 %,15
N. N. Popov; D. V. Presnyakov; E. N. Grishin; T. I. Sysoeva; T. A. Morozova and A. A. Kostyleva,Russian Metallurgy (Metally),Properties of a 49Ni–36Ti–15Hf High-Temperature Shape Memory Alloy in the As-Cast State,2019,49,36,211,Ni49.0Ti36.0Hf15.0 %,15
X. L. Meng; Y. F. Zheng; Z. Wang and L. C. Zhao,Materials Letters,Shape memory properties of the Ti36Ni49Hf15 high temperature shape memory alloy,2000,49,36,179,Ni49.0Ti36.0Hf15.0 %,15
D.-J. Kim; Y.-W. Kim and T.-H. Nam,Journal of nanoscience and nanotechnology,Solidification Rate Dependence of Microstructures and Transformation Behavior of Ti–Ni–Hf Alloys,2018,49,31,162,Ni49.0Ti31.0Hf20.0 %,20
D.-J. Kim; Y.-W. Kim and T.-H. Nam,Journal of nanoscience and nanotechnology,Solidification Rate Dependence of Microstructures and Transformation Behavior of Ti–Ni–Hf Alloys,2018,49,31,167,Ni49.0Ti31.0Hf20.0 %,20
D.-J. Kim; Y.-W. Kim and T.-H. Nam,Journal of nanoscience and nanotechnology,Solidification Rate Dependence of Microstructures and Transformation Behavior of Ti–Ni–Hf Alloys,2018,49,31,308,Ni49.0Ti31.0Hf20.0 %,20
D. Angst; P. Thoma and M. Kao,Journal de Physique IV,The Effect of Hafnium Content on the Transformation Temperatures of Ni49Ti51-xHfx. Shape Memory Alloys,1995,49,50.5,69,Ni49.0Ti50.5Hf0.5 %,0.5
D. Angst; P. Thoma and M. Kao,Journal de Physique IV,The Effect of Hafnium Content on the Transformation Temperatures of Ni49Ti51-xHfx. Shape Memory Alloys,1995,49,50,72,Ni49.0Ti50.0Hf1.0 %,1
D. Angst; P. Thoma and M. Kao,Journal de Physique IV,The Effect of Hafnium Content on the Transformation Temperatures of Ni49Ti51-xHfx. Shape Memory Alloys,1995,49,48,79,Ni49.0Ti48.0Hf3.0 %,3
D. Angst; P. Thoma and M. Kao,Journal de Physique IV,The Effect of Hafnium Content on the Transformation Temperatures of Ni49Ti51-xHfx. Shape Memory Alloys,1995,49,46,82,Ni49.0Ti46.0Hf5.0 %,5
D. Angst; P. Thoma and M. Kao,Journal de Physique IV,The Effect of Hafnium Content on the Transformation Temperatures of Ni49Ti51-xHfx. Shape Memory Alloys,1995,49,43,87,Ni49.0Ti43.0Hf8.0 %,8
D. Angst; P. Thoma and M. Kao,Journal de Physique IV,The Effect of Hafnium Content on the Transformation Temperatures of Ni49Ti51-xHfx. Shape Memory Alloys,1995,49,41,123,Ni49.0Ti41.0Hf10.0 %,10
D. Angst; P. Thoma and M. Kao,Journal de Physique IV,The Effect of Hafnium Content on the Transformation Temperatures of Ni49Ti51-xHfx. Shape Memory Alloys,1995,49,41,108,Ni49.0Ti41.0Hf10.0 %,10
D. Angst; P. Thoma and M. Kao,Journal de Physique IV,The Effect of Hafnium Content on the Transformation Temperatures of Ni49Ti51-xHfx. Shape Memory Alloys,1995,49,41,22,Ni49.0Ti41.0Hf10.0 %,10
D. Angst; P. Thoma and M. Kao,Journal de Physique IV,The Effect of Hafnium Content on the Transformation Temperatures of Ni49Ti51-xHfx. Shape Memory Alloys,1995,49,41,68,Ni49.0Ti41.0Hf10.0 %,10
D. Angst; P. Thoma and M. Kao,Journal de Physique IV,The Effect of Hafnium Content on the Transformation Temperatures of Ni49Ti51-xHfx. Shape Memory Alloys,1995,49,41,99,Ni49.0Ti41.0Hf10.0 %,10
D. Angst; P. Thoma and M. Kao,Journal de Physique IV,The Effect of Hafnium Content on the Transformation Temperatures of Ni49Ti51-xHfx. Shape Memory Alloys,1995,49,41,107,Ni49.0Ti41.0Hf10.0 %,10
D. Angst; P. Thoma and M. Kao,Journal de Physique IV,The Effect of Hafnium Content on the Transformation Temperatures of Ni49Ti51-xHfx. Shape Memory Alloys,1995,49,41,111,Ni49.0Ti41.0Hf10.0 %,10
D. Angst; P. Thoma and M. Kao,Journal de Physique IV,The Effect of Hafnium Content on the Transformation Temperatures of Ni49Ti51-xHfx. Shape Memory Alloys,1995,49,40,130,Ni49.0Ti40.0Hf11.0 %,11
D. Angst; P. Thoma and M. Kao,Journal de Physique IV,The Effect of Hafnium Content on the Transformation Temperatures of Ni49Ti51-xHfx. Shape Memory Alloys,1995,49,36,212,Ni49.0Ti36.0Hf15.0 %,15
D. Angst; P. Thoma and M. Kao,Journal de Physique IV,The Effect of Hafnium Content on the Transformation Temperatures of Ni49Ti51-xHfx. Shape Memory Alloys,1995,49,31,311,Ni49.0Ti31.0Hf20.0 %,20
D. Angst; P. Thoma and M. Kao,Journal de Physique IV,The Effect of Hafnium Content on the Transformation Temperatures of Ni49Ti51-xHfx. Shape Memory Alloys,1995,49,21,528,Ni49.0Ti21.0Hf30.0 %,30
X. L. Meng; W. Cai; Y. F. Zheng; Y. B. Rao and L. C. Zhao,Materials Letters,Two-way shape memory effect induced by martensite deformation and stabilization of martensite in Ti36Ni49Hf15 high temperature shape memory alloy,2003,49,36,196,Ni49.0Ti36.0Hf15.0 %,15
X. L. Meng; W. Cai; Y. F. Zheng; Y. B. Rao and L. C. Zhao,Materials Letters,Two-way shape memory effect induced by martensite deformation and stabilization of martensite in Ti36Ni49Hf15 high temperature shape memory alloy,2003,49,36,195,Ni49.0Ti36.0Hf15.0 %,15
X. L. Meng; W. Cai; Y. F. Zheng; Y. B. Rao and L. C. Zhao,Materials Letters,Two-way shape memory effect induced by martensite deformation and stabilization of martensite in Ti36Ni49Hf15 high temperature shape memory alloy,2003,49,36,194,Ni49.0Ti36.0Hf15.0 %,15
X. L. Meng; W. Cai; Y. F. Zheng; Y. B. Rao and L. C. Zhao,Materials Letters,Two-way shape memory effect induced by martensite deformation and stabilization of martensite in Ti36Ni49Hf15 high temperature shape memory alloy,2003,49,36,193,Ni49.0Ti36.0Hf15.0 %,15
X. L. Meng; W. Cai; Y. F. Zheng; Y. B. Rao and L. C. Zhao,Materials Letters,Two-way shape memory effect induced by martensite deformation and stabilization of martensite in Ti36Ni49Hf15 high temperature shape memory alloy,2003,49,36,192,Ni49.0Ti36.0Hf15.0 %,15
X. L. Meng; W. Cai; Y. F. Zheng; Y. B. Rao and L. C. Zhao,Materials Letters,Two-way shape memory effect induced by martensite deformation and stabilization of martensite in Ti36Ni49Hf15 high temperature shape memory alloy,2003,49,36,191,Ni49.0Ti36.0Hf15.0 %,15
X. L. Meng; Y. F. Zheng; W. Cai and L. C. Zhao,Journal of Alloys and Compounds,Two-way shape memory effect of a TiNiHf high temperature shape memory alloy,2004,49,36,179,Ni49.0Ti36.0Hf15.0 %,15
X. L. Meng; Y. F. Zheng; W. Cai and L. C. Zhao,Journal of Alloys and Compounds,Two-way shape memory effect of a TiNiHf high temperature shape memory alloy,2004,49,36,192,Ni49.0Ti36.0Hf15.0 %,15
X. L. Meng; Y. F. Zheng; W. Cai and L. C. Zhao,Journal of Alloys and Compounds,Two-way shape memory effect of a TiNiHf high temperature shape memory alloy,2004,49,36,192,Ni49.0Ti36.0Hf15.0 %,15
X. L. Meng; Y. F. Zheng; W. Cai and L. C. Zhao,Journal of Alloys and Compounds,Two-way shape memory effect of a TiNiHf high temperature shape memory alloy,2004,49,36,190,Ni49.0Ti36.0Hf15.0 %,15
X. L. Meng; Y. F. Zheng; W. Cai and L. C. Zhao,Journal of Alloys and Compounds,Two-way shape memory effect of a TiNiHf high temperature shape memory alloy,2004,49,36,200,Ni49.0Ti36.0Hf15.0 %,15
X. L. Meng; Y. F. Zheng; W. Cai and L. C. Zhao,Journal of Alloys and Compounds,Two-way shape memory effect of a TiNiHf high temperature shape memory alloy,2004,49,36,199,Ni49.0Ti36.0Hf15.0 %,15
P. E. Thoma and J. J. Boehm,Materials Science and Engineering: A,Effect of composition on the amount of second phase and transformation temperatures of NixTi90−xHf10 shape memory alloys,1999,49.2,40.8,130,Ni49.2Ti40.8Hf10.0 %,10
S. Sanjabi; Y. Z. Cao and Z. H. Barber,Sensors and Actuators A: Physical,Multi-target sputter deposition of Ni50Ti50−xHfx shape memory thin films for high temperature microactuator application,2005,49.2,29.7,193,Ni49.2Ti29.7Hf21.1 %,21.1
A. J. Muir Wood; S. Sanjabi; Y. Q. Fu; Z. H. Barber and T. W. Clyne,Surface and Coatings Technology,Nanoindentation of binary and ternary Ni–Ti-based shape memory alloy thin films,2008,49.2,29.7,200,Ni49.2Ti29.7Hf21.1 %,21.1
H. D. Gu; K. M. Leung and C. Y. Chung,Journal of Vacuum Science & Technology A ,Growth of high-temperature NiTi1−xHfxNiTi1−xHfx shape memory alloy thin films by laser ablation of composite targets,1998,49.3,30.9,109,Ni49.3Ti30.9Hf19.8 %,19.8
S. Sanjabi; Y. Z. Cao and Z. H. Barber,Sensors and Actuators A: Physical,Multi-target sputter deposition of Ni50Ti50−xHfx shape memory thin films for high temperature microactuator application,2005,49.3,26.3,275,Ni49.3Ti26.3Hf24.4 %,24.4
A. J. Muir Wood; S. Sanjabi; Y. Q. Fu; Z. H. Barber and T. W. Clyne,Surface and Coatings Technology,Nanoindentation of binary and ternary Ni–Ti-based shape memory alloy thin films,2008,49.3,26.3,360,Ni49.3Ti26.3Hf24.4 %,24.4
P. E. Thoma and J. J. Boehm,Materials Science and Engineering: A,Effect of composition on the amount of second phase and transformation temperatures of NixTi90−xHf10 shape memory alloys,1999,49.4,40.6,129,Ni49.4Ti40.6Hf10.0 %,10
K. S. Suresh; D. I. Kim; S. K. Bhaumik and S. Suwas,Intermetallics,Evolution and stability of phases in a high temperature shape memory alloy Ni49.4Ti38.6Hf12,2014,49.4,38.6,195,Ni49.4Ti38.6Hf12.0 %,12
K. S. Suresh; D. I. Kim; S. K. Bhaumik and S. Suwas,Intermetallics,Evolution and stability of phases in a high temperature shape memory alloy Ni49.4Ti38.6Hf12,2014,49.4,38.6,200,Ni49.4Ti38.6Hf12.0 %,12
K. S. Suresh; D. I. Kim; S. K. Bhaumik and S. Suwas,Intermetallics,Evolution and stability of phases in a high temperature shape memory alloy Ni49.4Ti38.6Hf12,2014,49.4,38.6,190,Ni49.4Ti38.6Hf12.0 %,12
K. S. Suresh; D. I. Kim; S. K. Bhaumik and S. Suwas,Intermetallics,Evolution of microstructure and texture in Ni49.4Ti38.6Hf12 shape memory alloy during hot rolling,2013,49.4,38.6,199,Ni49.4Ti38.6Hf12.0 %,12
K. S. Suresh; D. I. Kim; S. K. Bhaumik and S. Suwas,Intermetallics,Evolution of microstructure and texture in Ni49.4Ti38.6Hf12 shape memory alloy during hot rolling,2013,49.4,38.6,197,Ni49.4Ti38.6Hf12.0 %,12
H. D. Gu; K. M. Leung and C. Y. Chung,Journal of Vacuum Science & Technology A ,Growth of high-temperature NiTi1−xHfxNiTi1−xHfx shape memory alloy thin films by laser ablation of composite targets,1998,49.4,20.7,174,Ni49.4Ti20.7Hf29.9 %,29.9
G. S. Firstov; J. Van Humbeeck and Y. N. Koval,Materials Science and Engineering: A,High-temperature shape memory alloys,2004,49.4,35.9,185,Ni49.4Ti35.900000000000006Hf14.7 %,14.7
S. Sanjabi; Y. Z. Cao and Z. H. Barber,Sensors and Actuators A: Physical,Multi-target sputter deposition of Ni50Ti50−xHfx shape memory thin films for high temperature microactuator application,2005,49.4,40.2,88,Ni49.4Ti40.2Hf10.4 %,10.4
A. J. Muir Wood; S. Sanjabi; Y. Q. Fu; Z. H. Barber and T. W. Clyne,Surface and Coatings Technology,Nanoindentation of binary and ternary Ni–Ti-based shape memory alloy thin films,2008,49.4,40.2,70,Ni49.4Ti40.2Hf10.4 %,10.4
G. S. Firstov; J. Van Humbeeck and Y. N. Koval,Scripta Materialia,Comparison of high temperature shape memory behaviour for ZrCu-based; Ti–Ni–Zr and Ti–Ni–Hf alloys,2004,49.42,35.95,187,Ni49.42Ti35.95Hf14.63 %,14.63
H. Y. Kim; T. Jinguu; T.-h. Nam and S. Miyazaki,Scripta Materialia,Cold workability and shape memory properties of novel Ti–Ni–Hf–Nb high-temperature shape memory alloys,2011,49.5,35.5,189,Ni49.5Ti35.5Hf15.0 %,15
H. Y. Kim; T. Jinguu; T.-h. Nam and S. Miyazaki,Scripta Materialia,Cold workability and shape memory properties of novel Ti–Ni–Hf–Nb high-temperature shape memory alloys,2011,49.5,35.5,192,Ni49.5Ti35.5Hf15.0 %,15
H. Y. Kim; T. Jinguu; T.-h. Nam and S. Miyazaki,Scripta Materialia,Cold workability and shape memory properties of novel Ti–Ni–Hf–Nb high-temperature shape memory alloys,2011,49.5,35.5,209,Ni49.5Ti35.5Hf15.0 %,15
H. Y. Kim; T. Jinguu; T.-h. Nam and S. Miyazaki,Scripta Materialia,Cold workability and shape memory properties of novel Ti–Ni–Hf–Nb high-temperature shape memory alloys,2011,49.5,35.5,226,Ni49.5Ti35.5Hf15.0 %,15
H. Y. Kim; T. Jinguu; T.-h. Nam and S. Miyazaki,Scripta Materialia,Cold workability and shape memory properties of novel Ti–Ni–Hf–Nb high-temperature shape memory alloys,2011,49.5,35.5,235,Ni49.5Ti35.5Hf15.0 %,15
S. Sanjabi; Y. Z. Cao and Z. H. Barber,Sensors and Actuators A: Physical,Multi-target sputter deposition of Ni50Ti50−xHfx shape memory thin films for high temperature microactuator application,2005,49.5,34.9,98,Ni49.5Ti34.9Hf15.6 %,15.6
A. J. Muir Wood; S. Sanjabi; Y. Q. Fu; Z. H. Barber and T. W. Clyne,Surface and Coatings Technology,Nanoindentation of binary and ternary Ni–Ti-based shape memory alloy thin films,2008,49.5,34.9,100,Ni49.5Ti34.9Hf15.6 %,15.6
D.-J. Kim; Y.-W. Kim and T.-H. Nam,Journal of nanoscience and nanotechnology,Solidification Rate Dependence of Microstructures and Transformation Behavior of Ti–Ni–Hf Alloys,2018,49.5,30.5,95,Ni49.5Ti30.5Hf20.0 %,20
D.-J. Kim; Y.-W. Kim and T.-H. Nam,Journal of nanoscience and nanotechnology,Solidification Rate Dependence of Microstructures and Transformation Behavior of Ti–Ni–Hf Alloys,2018,49.5,30.5,109,Ni49.5Ti30.5Hf20.0 %,20
D.-J. Kim; Y.-W. Kim and T.-H. Nam,Journal of nanoscience and nanotechnology,Solidification Rate Dependence of Microstructures and Transformation Behavior of Ti–Ni–Hf Alloys,2018,49.5,30.5,285,Ni49.5Ti30.5Hf20.0 %,20
S. Sanjabi; S. Sadrnezhaad and Z. Barber,Materials Science and Technology,Sputter alloying of Ni; Ti and Hf for fabrication of high temperature shape memory thin films,2007,49.5,35.5,96,Ni49.5Ti35.5Hf15.0 %,15
S. Sanjabi; S. Sadrnezhaad and Z. Barber,Materials Science and Technology,Sputter alloying of Ni; Ti and Hf for fabrication of high temperature shape memory thin films,2007,49.5,34.9,103,Ni49.5Ti34.9Hf15.6 %,15.6
T.-J. Ho; S.-K. Wu and K.-H. Lin,Materials Transactions,Two-Stage Martensitic Transformation in Thermal-Cycled Ti40. 5Ni49. 5Hf10 Shape Memory Alloy,2010,49.5,40.5,108,Ni49.5Ti40.5Hf10.0 %,10
T.-J. Ho; S.-K. Wu and K.-H. Lin,Materials Transactions,Two-Stage Martensitic Transformation in Thermal-Cycled Ti40. 5Ni49. 5Hf10 Shape Memory Alloy,2010,49.5,40.5,109,Ni49.5Ti40.5Hf10.0 %,10
T.-J. Ho; S.-K. Wu and K.-H. Lin,Materials Transactions,Two-Stage Martensitic Transformation in Thermal-Cycled Ti40. 5Ni49. 5Hf10 Shape Memory Alloy,2010,49.5,40.5,108,Ni49.5Ti40.5Hf10.0 %,10
T.-J. Ho; S.-K. Wu and K.-H. Lin,Materials Transactions,Two-Stage Martensitic Transformation in Thermal-Cycled Ti40. 5Ni49. 5Hf10 Shape Memory Alloy,2010,49.5,40.5,122,Ni49.5Ti40.5Hf10.0 %,10
T.-J. Ho; S.-K. Wu and K.-H. Lin,Materials Transactions,Two-Stage Martensitic Transformation in Thermal-Cycled Ti40. 5Ni49. 5Hf10 Shape Memory Alloy,2010,49.5,40.5,116,Ni49.5Ti40.5Hf10.0 %,10
T.-J. Ho; S.-K. Wu and K.-H. Lin,Materials Transactions,Two-Stage Martensitic Transformation in Thermal-Cycled Ti40. 5Ni49. 5Hf10 Shape Memory Alloy,2010,49.5,40.5,111,Ni49.5Ti40.5Hf10.0 %,10
Z. Zhang; J. Frenzel; K. Neuking and G. Eggeler,Materials Transactions,Vacuum induction melting of ternary NiTiX (X= Cu; Fe; Hf; Zr) shape memory alloys using graphite crucibles,2006,49.5,35.5,208,Ni49.5Ti35.5Hf15.0 %,15
Z. Zhang; J. Frenzel; K. Neuking and G. Eggeler,Materials Transactions,Vacuum induction melting of ternary NiTiX (X= Cu; Fe; Hf; Zr) shape memory alloys using graphite crucibles,2006,49.5,35.5,210,Ni49.5Ti35.5Hf15.0 %,15
P. E. Thoma and J. J. Boehm,Materials Science and Engineering: A,Effect of composition on the amount of second phase and transformation temperatures of NixTi90−xHf10 shape memory alloys,1999,49.6,40.4,130,Ni49.6Ti40.4Hf10.0 %,10
N. A. Ley and M. L. Young,,Effects of Thermo-Mechanical Processing on Precipitate Evolution in Equiatomic and Ni-lean NiTiHf High Temperature Shape Memory Alloys,2019,49.6,40.4,129,Ni49.6Ti40.4Hf10.0 %,10
N. A. Ley and M. L. Young,,Effects of Thermo-Mechanical Processing on Precipitate Evolution in Equiatomic and Ni-lean NiTiHf High Temperature Shape Memory Alloys,2019,49.6,40.4,127,Ni49.6Ti40.4Hf10.0 %,10
N. A. Ley and M. L. Young,,Effects of Thermo-Mechanical Processing on Precipitate Evolution in Equiatomic and Ni-lean NiTiHf High Temperature Shape Memory Alloys,2019,49.6,40.4,130,Ni49.6Ti40.4Hf10.0 %,10
S. Sanjabi; Y. Z. Cao and Z. H. Barber,Sensors and Actuators A: Physical,Multi-target sputter deposition of Ni50Ti50−xHfx shape memory thin films for high temperature microactuator application,2005,49.6,45.2,-44,Ni49.6Ti45.2Hf5.2 %,5.2
A. J. Muir Wood; S. Sanjabi; Y. Q. Fu; Z. H. Barber and T. W. Clyne,Surface and Coatings Technology,Nanoindentation of binary and ternary Ni–Ti-based shape memory alloy thin films,2008,49.6,45.2,-45,Ni49.6Ti45.2Hf5.2 %,5.2
H. D. Gu; K. M. Leung and C. Y. Chung,Journal of Vacuum Science & Technology A ,Growth of high-temperature NiTi1−xHfxNiTi1−xHfx shape memory alloy thin films by laser ablation of composite targets,1998,49.7,24.1,143,Ni49.7Ti24.1Hf26.2 %,26.2
C. Zhao; Y. Jin; S. Zhao and Q. Hou,Vacuum,Crystallization and microstructural evolution of an amorphous Ni–Ti–Hf film,2017,49.78,35.13,68,Ni49.78Ti35.13Hf15.09 %,15.09
B. Kockar; I. Karaman; J. I. Kim and Y. Chumlyakov,Scripta Materialia,A method to enhance cyclic reversibility of NiTiHf high temperature shape memory alloys,2006,49.8,42.2,111,Ni49.8Ti42.2Hf8.0 %,8
B. Kockar; I. Karaman; J. I. Kim and Y. Chumlyakov,Scripta Materialia,A method to enhance cyclic reversibility of NiTiHf high temperature shape memory alloys,2006,49.8,42.2,99,Ni49.8Ti42.2Hf8.0 %,8
B. Kockar; I. Karaman; J. I. Kim and Y. Chumlyakov,Scripta Materialia,A method to enhance cyclic reversibility of NiTiHf high temperature shape memory alloys,2006,49.8,42.2,94,Ni49.8Ti42.2Hf8.0 %,8
B. Kockar; I. Karaman; J. I. Kim and Y. Chumlyakov,Scripta Materialia,A method to enhance cyclic reversibility of NiTiHf high temperature shape memory alloys,2006,49.8,42.2,97,Ni49.8Ti42.2Hf8.0 %,8
B. Kockar; I. Karaman; J. I. Kim and Y. Chumlyakov,Scripta Materialia,A method to enhance cyclic reversibility of NiTiHf high temperature shape memory alloys,2006,49.8,42.2,101,Ni49.8Ti42.2Hf8.0 %,8
B. Kockar; I. Karaman; J. I. Kim and Y. Chumlyakov,Scripta Materialia,A method to enhance cyclic reversibility of NiTiHf high temperature shape memory alloys,2006,49.8,42.2,121,Ni49.8Ti42.2Hf8.0 %,8
B. Kockar; I. Karaman; J. I. Kim and Y. Chumlyakov,Scripta Materialia,A method to enhance cyclic reversibility of NiTiHf high temperature shape memory alloys,2006,49.8,42.2,118,Ni49.8Ti42.2Hf8.0 %,8
B. Kockar; I. Karaman; J. I. Kim and Y. Chumlyakov,Scripta Materialia,A method to enhance cyclic reversibility of NiTiHf high temperature shape memory alloys,2006,49.8,42.2,74,Ni49.8Ti42.2Hf8.0 %,8
B. Kockar; I. Karaman; J. I. Kim and Y. Chumlyakov,Scripta Materialia,A method to enhance cyclic reversibility of NiTiHf high temperature shape memory alloys,2006,49.8,42.2,78,Ni49.8Ti42.2Hf8.0 %,8
B. Kockar; I. Karaman; J. I. Kim and Y. Chumlyakov,Scripta Materialia,A method to enhance cyclic reversibility of NiTiHf high temperature shape memory alloys,2006,49.8,42.2,88,Ni49.8Ti42.2Hf8.0 %,8
B. Kockar; I. Karaman; J. I. Kim and Y. Chumlyakov,Scripta Materialia,A method to enhance cyclic reversibility of NiTiHf high temperature shape memory alloys,2006,49.8,42.2,94,Ni49.8Ti42.2Hf8.0 %,8
B. Kockar; I. Karaman; J. I. Kim and Y. Chumlyakov,Scripta Materialia,A method to enhance cyclic reversibility of NiTiHf high temperature shape memory alloys,2006,49.8,42.2,85,Ni49.8Ti42.2Hf8.0 %,8
B. Kockar; I. Karaman; J. I. Kim and Y. Chumlyakov,Scripta Materialia,A method to enhance cyclic reversibility of NiTiHf high temperature shape memory alloys,2006,49.8,42.2,86,Ni49.8Ti42.2Hf8.0 %,8
B. Kockar; I. Karaman; J. I. Kim and Y. Chumlyakov,Scripta Materialia,A method to enhance cyclic reversibility of NiTiHf high temperature shape memory alloys,2006,49.8,42.2,88,Ni49.8Ti42.2Hf8.0 %,8
B. Kockar; I. Karaman; J. I. Kim and Y. Chumlyakov,Scripta Materialia,A method to enhance cyclic reversibility of NiTiHf high temperature shape memory alloys,2006,49.8,42.2,85,Ni49.8Ti42.2Hf8.0 %,8
B. Kockar; I. Karaman; J. I. Kim and Y. Chumlyakov,Scripta Materialia,A method to enhance cyclic reversibility of NiTiHf high temperature shape memory alloys,2006,49.8,42.2,92,Ni49.8Ti42.2Hf8.0 %,8
B. Kockar; I. Karaman; J. I. Kim and Y. Chumlyakov,Scripta Materialia,A method to enhance cyclic reversibility of NiTiHf high temperature shape memory alloys,2006,49.8,42.2,102,Ni49.8Ti42.2Hf8.0 %,8
B. Kockar; I. Karaman; J. I. Kim and Y. Chumlyakov,Scripta Materialia,A method to enhance cyclic reversibility of NiTiHf high temperature shape memory alloys,2006,49.8,42.2,97,Ni49.8Ti42.2Hf8.0 %,8
B. Kockar; I. Karaman; J. I. Kim and Y. Chumlyakov,Scripta Materialia,A method to enhance cyclic reversibility of NiTiHf high temperature shape memory alloys,2006,49.8,42.2,90,Ni49.8Ti42.2Hf8.0 %,8
B. Kockar; I. Karaman; J. I. Kim and Y. Chumlyakov,Scripta Materialia,A method to enhance cyclic reversibility of NiTiHf high temperature shape memory alloys,2006,49.8,42.2,84,Ni49.8Ti42.2Hf8.0 %,8
P. E. Thoma and J. J. Boehm,Materials Science and Engineering: A,Effect of composition on the amount of second phase and transformation temperatures of NixTi90−xHf10 shape memory alloys,1999,49.8,40.2,130,Ni49.8Ti40.2Hf10.0 %,10
K. Chastaing; P. Vermaut; P. Ochin; C. Segui; J. Y. Laval and R. Portier,Materials Science and Engineering: A,Effect of Cu and Hf additions on NiTi martensitic transformation,2006,49.8,40.2,119,Ni49.8Ti40.2Hf10.0 %,10
P. L. Potapov; A. V. Shelyakov; A. A. Gulyaev; E. L. Svistunov; N. M. Matveeva and D. Hodgson,Materials Letters,Effect of Hf on the structure of Ni-Ti martensitic alloys,1997,49.8,42.2,69,Ni49.8Ti42.2Hf8.0 %,8
P. L. Potapov; A. V. Shelyakov; A. A. Gulyaev; E. L. Svistunov; N. M. Matveeva and D. Hodgson,Materials Letters,Effect of Hf on the structure of Ni-Ti martensitic alloys,1997,49.8,40.7,90,Ni49.8Ti40.7Hf9.5 %,9.5
P. L. Potapov; A. V. Shelyakov; A. A. Gulyaev; E. L. Svistunov; N. M. Matveeva and D. Hodgson,Materials Letters,Effect of Hf on the structure of Ni-Ti martensitic alloys,1997,49.8,40.7,96,Ni49.8Ti40.7Hf9.5 %,9.5
P. L. Potapov; A. V. Shelyakov; A. A. Gulyaev; E. L. Svistunov; N. M. Matveeva and D. Hodgson,Materials Letters,Effect of Hf on the structure of Ni-Ti martensitic alloys,1997,49.8,39.2,123,Ni49.8Ti39.2Hf11.0 %,11
P. L. Potapov; A. V. Shelyakov; A. A. Gulyaev; E. L. Svistunov; N. M. Matveeva and D. Hodgson,Materials Letters,Effect of Hf on the structure of Ni-Ti martensitic alloys,1997,49.8,39.2,123,Ni49.8Ti39.2Hf11.0 %,11
P. L. Potapov; A. V. Shelyakov; A. A. Gulyaev; E. L. Svistunov; N. M. Matveeva and D. Hodgson,Materials Letters,Effect of Hf on the structure of Ni-Ti martensitic alloys,1997,49.8,35.2,136,Ni49.8Ti35.2Hf15.0 %,15
P. L. Potapov; A. V. Shelyakov; A. A. Gulyaev; E. L. Svistunov; N. M. Matveeva and D. Hodgson,Materials Letters,Effect of Hf on the structure of Ni-Ti martensitic alloys,1997,49.8,35.2,176,Ni49.8Ti35.2Hf15.0 %,15
P. L. Potapov; A. V. Shelyakov; A. A. Gulyaev; E. L. Svistunov; N. M. Matveeva and D. Hodgson,Materials Letters,Effect of Hf on the structure of Ni-Ti martensitic alloys,1997,49.8,30.2,174,Ni49.8Ti30.2Hf20.0 %,20
P. L. Potapov; A. V. Shelyakov; A. A. Gulyaev; E. L. Svistunov; N. M. Matveeva and D. Hodgson,Materials Letters,Effect of Hf on the structure of Ni-Ti martensitic alloys,1997,49.8,30.2,256,Ni49.8Ti30.2Hf20.0 %,20
N. A. Ley and M. L. Young,,Effects of Thermo-Mechanical Processing on Precipitate Evolution in Equiatomic and Ni-lean NiTiHf High Temperature Shape Memory Alloys,2019,49.8,40.2,127,Ni49.8Ti40.2Hf10.0 %,10
N. A. Ley and M. L. Young,,Effects of Thermo-Mechanical Processing on Precipitate Evolution in Equiatomic and Ni-lean NiTiHf High Temperature Shape Memory Alloys,2019,49.8,40.2,132,Ni49.8Ti40.2Hf10.0 %,10
N. A. Ley and M. L. Young,,Effects of Thermo-Mechanical Processing on Precipitate Evolution in Equiatomic and Ni-lean NiTiHf High Temperature Shape Memory Alloys,2019,49.8,40.2,126,Ni49.8Ti40.2Hf10.0 %,10
F. Dalle; E. Perrin; P. Vermaut; M. Masse and R. Portier,Acta Materialia,Interface mobility in Ni49.8Ti42.2Hf8 shape memory alloy,2002,49.8,42.2,95,Ni49.8Ti42.2Hf8.0 %,8
F. Dalle; E. Perrin; P. Vermaut; M. Masse and R. Portier,Acta Materialia,Interface mobility in Ni49.8Ti42.2Hf8 shape memory alloy,2002,49.8,42.2,80,Ni49.8Ti42.2Hf8.0 %,8
F. Dalle; E. Perrin; P. Vermaut; M. Masse and R. Portier,Acta Materialia,Interface mobility in Ni49.8Ti42.2Hf8 shape memory alloy,2002,49.8,42.2,74,Ni49.8Ti42.2Hf8.0 %,8
F. Dalle; E. Perrin; P. Vermaut; M. Masse and R. Portier,Acta Materialia,Interface mobility in Ni49.8Ti42.2Hf8 shape memory alloy,2002,49.8,42.2,72,Ni49.8Ti42.2Hf8.0 %,8
F. Dalle; E. Perrin; P. Vermaut; M. Masse and R. Portier,Acta Materialia,Interface mobility in Ni49.8Ti42.2Hf8 shape memory alloy,2002,49.8,42.2,71,Ni49.8Ti42.2Hf8.0 %,8
F. Dalle; E. Perrin; P. Vermaut; M. Masse and R. Portier,Acta Materialia,Interface mobility in Ni49.8Ti42.2Hf8 shape memory alloy,2002,49.8,42.2,70,Ni49.8Ti42.2Hf8.0 %,8
F. Dalle; E. Perrin; P. Vermaut; M. Masse and R. Portier,Acta Materialia,Interface mobility in Ni49.8Ti42.2Hf8 shape memory alloy,2002,49.8,42.2,72,Ni49.8Ti42.2Hf8.0 %,8
C. Zhao and X. Meng,Modern Physics Letters B,Microstructure evolution and phase transformation in thermally cycled Ni–Ti–Hf film,2016,49.8,34.4,73,Ni49.8Ti34.4Hf15.8 %,15.8
F. Dalle; G. Despert; P. Vermaut; R. Portier; A. Dezellus; P. Plaindoux and P. Ochin,Materials Science and Engineering: A,Ni49.8Ti42.2Hf8 shape memory alloy strips production by the twin roll casting technique,2003,49.8,42.2,76,Ni49.8Ti42.2Hf8.0 %,8
J. Frenzel; A. Wieczorek; I. Opahle; B. Maaß; R. Drautz and G. Eggeler,Acta Materialia,On the effect of alloy composition on martensite start temperatures and latent heats in Ni–Ti-based shape memory alloys,2015,49.8,48.2,83,Ni49.8Ti48.2Hf2.0 %,2
J. Frenzel; A. Wieczorek; I. Opahle; B. Maaß; R. Drautz and G. Eggeler,Acta Materialia,On the effect of alloy composition on martensite start temperatures and latent heats in Ni–Ti-based shape memory alloys,2015,49.8,46.2,86,Ni49.8Ti46.2Hf4.0 %,4
J. Frenzel; A. Wieczorek; I. Opahle; B. Maaß; R. Drautz and G. Eggeler,Acta Materialia,On the effect of alloy composition on martensite start temperatures and latent heats in Ni–Ti-based shape memory alloys,2015,49.8,44.2,91,Ni49.8Ti44.2Hf6.0 %,6
J. Frenzel; A. Wieczorek; I. Opahle; B. Maaß; R. Drautz and G. Eggeler,Acta Materialia,On the effect of alloy composition on martensite start temperatures and latent heats in Ni–Ti-based shape memory alloys,2015,49.8,42.2,111,Ni49.8Ti42.2Hf8.0 %,8
J. Frenzel; A. Wieczorek; I. Opahle; B. Maaß; R. Drautz and G. Eggeler,Acta Materialia,On the effect of alloy composition on martensite start temperatures and latent heats in Ni–Ti-based shape memory alloys,2015,49.8,40.2,128,Ni49.8Ti40.2Hf10.0 %,10
J. Frenzel; A. Wieczorek; I. Opahle; B. Maaß; R. Drautz and G. Eggeler,Acta Materialia,On the effect of alloy composition on martensite start temperatures and latent heats in Ni–Ti-based shape memory alloys,2015,49.8,39.2,142,Ni49.8Ti39.2Hf11.0 %,11
J. Frenzel; A. Wieczorek; I. Opahle; B. Maaß; R. Drautz and G. Eggeler,Acta Materialia,On the effect of alloy composition on martensite start temperatures and latent heats in Ni–Ti-based shape memory alloys,2015,49.8,35.2,207,Ni49.8Ti35.2Hf15.0 %,15
J. Frenzel; A. Wieczorek; I. Opahle; B. Maaß; R. Drautz and G. Eggeler,Acta Materialia,On the effect of alloy composition on martensite start temperatures and latent heats in Ni–Ti-based shape memory alloys,2015,49.8,30.2,300,Ni49.8Ti30.2Hf20.0 %,20
A. A. Simon,Mechanical Engineering,Shape memory response and microstructural evolution of a severe plastically deformed high temperature shape memory alloy (NiTiHf),2006,49.8,42.2,90,Ni49.8Ti42.2Hf8.0 %,8
A. A. Simon,Mechanical Engineering,Shape memory response and microstructural evolution of a severe plastically deformed high temperature shape memory alloy (NiTiHf),2006,49.8,42.2,92,Ni49.8Ti42.2Hf8.0 %,8
A. A. Simon,Mechanical Engineering,Shape memory response and microstructural evolution of a severe plastically deformed high temperature shape memory alloy (NiTiHf),2006,49.8,42.2,98,Ni49.8Ti42.2Hf8.0 %,8
A. A. Simon,Mechanical Engineering,Shape memory response and microstructural evolution of a severe plastically deformed high temperature shape memory alloy (NiTiHf),2006,49.8,42.2,91,Ni49.8Ti42.2Hf8.0 %,8
A. A. Simon,Mechanical Engineering,Shape memory response and microstructural evolution of a severe plastically deformed high temperature shape memory alloy (NiTiHf),2006,49.8,42.2,95,Ni49.8Ti42.2Hf8.0 %,8
A. A. Simon,Mechanical Engineering,Shape memory response and microstructural evolution of a severe plastically deformed high temperature shape memory alloy (NiTiHf),2006,49.8,42.2,92,Ni49.8Ti42.2Hf8.0 %,8
A. A. Simon,Mechanical Engineering,Shape memory response and microstructural evolution of a severe plastically deformed high temperature shape memory alloy (NiTiHf),2006,49.8,42.2,98,Ni49.8Ti42.2Hf8.0 %,8
A. A. Simon,Mechanical Engineering,Shape memory response and microstructural evolution of a severe plastically deformed high temperature shape memory alloy (NiTiHf),2006,49.8,42.2,82,Ni49.8Ti42.2Hf8.0 %,8
A. A. Simon,Mechanical Engineering,Shape memory response and microstructural evolution of a severe plastically deformed high temperature shape memory alloy (NiTiHf),2006,49.8,42.2,98,Ni49.8Ti42.2Hf8.0 %,8
A. A. Simon,Mechanical Engineering,Shape memory response and microstructural evolution of a severe plastically deformed high temperature shape memory alloy (NiTiHf),2006,49.8,42.2,100,Ni49.8Ti42.2Hf8.0 %,8
A. A. Simon,Mechanical Engineering,Shape memory response and microstructural evolution of a severe plastically deformed high temperature shape memory alloy (NiTiHf),2006,49.8,42.2,119,Ni49.8Ti42.2Hf8.0 %,8
A. A. Simon,Mechanical Engineering,Shape memory response and microstructural evolution of a severe plastically deformed high temperature shape memory alloy (NiTiHf),2006,49.8,42.2,115,Ni49.8Ti42.2Hf8.0 %,8
A. A. Simon,Mechanical Engineering,Shape memory response and microstructural evolution of a severe plastically deformed high temperature shape memory alloy (NiTiHf),2006,49.8,42.2,83,Ni49.8Ti42.2Hf8.0 %,8
A. A. Simon,Mechanical Engineering,Shape memory response and microstructural evolution of a severe plastically deformed high temperature shape memory alloy (NiTiHf),2006,49.8,42.2,96,Ni49.8Ti42.2Hf8.0 %,8
A. A. Simon,Mechanical Engineering,Shape memory response and microstructural evolution of a severe plastically deformed high temperature shape memory alloy (NiTiHf),2006,49.8,42.2,85,Ni49.8Ti42.2Hf8.0 %,8
A. A. Simon,Mechanical Engineering,Shape memory response and microstructural evolution of a severe plastically deformed high temperature shape memory alloy (NiTiHf),2006,49.8,42.2,99,Ni49.8Ti42.2Hf8.0 %,8
A. A. Simon,Mechanical Engineering,Shape memory response and microstructural evolution of a severe plastically deformed high temperature shape memory alloy (NiTiHf),2006,49.8,42.2,85,Ni49.8Ti42.2Hf8.0 %,8
A. A. Simon,Mechanical Engineering,Shape memory response and microstructural evolution of a severe plastically deformed high temperature shape memory alloy (NiTiHf),2006,49.8,42.2,74,Ni49.8Ti42.2Hf8.0 %,8
A. A. Simon,Mechanical Engineering,Shape memory response and microstructural evolution of a severe plastically deformed high temperature shape memory alloy (NiTiHf),2006,49.8,42.2,91,Ni49.8Ti42.2Hf8.0 %,8
A. A. Simon,Mechanical Engineering,Shape memory response and microstructural evolution of a severe plastically deformed high temperature shape memory alloy (NiTiHf),2006,49.8,42.2,91,Ni49.8Ti42.2Hf8.0 %,8
A. A. Simon,Mechanical Engineering,Shape memory response and microstructural evolution of a severe plastically deformed high temperature shape memory alloy (NiTiHf),2006,49.8,42.2,90,Ni49.8Ti42.2Hf8.0 %,8
A. A. Simon,Mechanical Engineering,Shape memory response and microstructural evolution of a severe plastically deformed high temperature shape memory alloy (NiTiHf),2006,49.8,42.2,74,Ni49.8Ti42.2Hf8.0 %,8
A. A. Simon,Mechanical Engineering,Shape memory response and microstructural evolution of a severe plastically deformed high temperature shape memory alloy (NiTiHf),2006,49.8,42.2,94,Ni49.8Ti42.2Hf8.0 %,8
A. A. Simon,Mechanical Engineering,Shape memory response and microstructural evolution of a severe plastically deformed high temperature shape memory alloy (NiTiHf),2006,49.8,42.2,83,Ni49.8Ti42.2Hf8.0 %,8
A. A. Simon,Mechanical Engineering,Shape memory response and microstructural evolution of a severe plastically deformed high temperature shape memory alloy (NiTiHf),2006,49.8,42.2,74,Ni49.8Ti42.2Hf8.0 %,8
A. A. Simon,Mechanical Engineering,Shape memory response and microstructural evolution of a severe plastically deformed high temperature shape memory alloy (NiTiHf),2006,49.8,42.2,92,Ni49.8Ti42.2Hf8.0 %,8
A. A. Simon,Mechanical Engineering,Shape memory response and microstructural evolution of a severe plastically deformed high temperature shape memory alloy (NiTiHf),2006,49.8,42.2,76,Ni49.8Ti42.2Hf8.0 %,8
A. A. Simon,Mechanical Engineering,Shape memory response and microstructural evolution of a severe plastically deformed high temperature shape memory alloy (NiTiHf),2006,49.8,42.2,88,Ni49.8Ti42.2Hf8.0 %,8
T. Umale; D. Salas; B. Tomes; R. Arroyave and I. Karaman,Scripta Materialia,The effects of wide range of compositional changes on the martensitic transformation characteristics of NiTiHf shape memory alloys,2019,49.8,45.2,81,Ni49.8Ti45.2Hf5.0 %,5
T. Umale; D. Salas; B. Tomes; R. Arroyave and I. Karaman,Scripta Materialia,The effects of wide range of compositional changes on the martensitic transformation characteristics of NiTiHf shape memory alloys,2019,49.8,40.2,126,Ni49.8Ti40.2Hf10.0 %,10
T. Umale; D. Salas; B. Tomes; R. Arroyave and I. Karaman,Scripta Materialia,The effects of wide range of compositional changes on the martensitic transformation characteristics of NiTiHf shape memory alloys,2019,49.8,35.2,196,Ni49.8Ti35.2Hf15.0 %,15
T. Umale; D. Salas; B. Tomes; R. Arroyave and I. Karaman,Scripta Materialia,The effects of wide range of compositional changes on the martensitic transformation characteristics of NiTiHf shape memory alloys,2019,49.8,30.2,307,Ni49.8Ti30.200000000000003Hf20.0 %,20
T. Umale; D. Salas; B. Tomes; R. Arroyave and I. Karaman,Scripta Materialia,The effects of wide range of compositional changes on the martensitic transformation characteristics of NiTiHf shape memory alloys,2019,49.8,25.2,405,Ni49.8Ti25.200000000000003Hf25.0 %,25
T. Umale; D. Salas; B. Tomes; R. Arroyave and I. Karaman,Scripta Materialia,The effects of wide range of compositional changes on the martensitic transformation characteristics of NiTiHf shape memory alloys,2019,49.8,20.2,518,Ni49.8Ti20.200000000000003Hf30.0 %,30
H. D. Gu; K. M. Leung and C. Y. Chung,Journal of Vacuum Science & Technology A ,Growth of high-temperature NiTi1−xHfxNiTi1−xHfx shape memory alloy thin films by laser ablation of composite targets,1998,49.9,27.5,140,Ni49.9Ti27.5Hf22.6 %,22.6
A. Manca; A. V. Shelyakov and G. Airoldi,Materials Transactions,Ageing in Parent Phase and Martensite Stabilization in a Ni50Ti30Hf20 Alloy,2003,50,30,167,Ni50.0Ti30.0Hf20.0 %,20
A. Manca; A. V. Shelyakov and G. Airoldi,Materials Transactions,Ageing in Parent Phase and Martensite Stabilization in a Ni50Ti30Hf20 Alloy,2003,50,30,166,Ni50.0Ti30.0Hf20.0 %,20
A. Manca; A. V. Shelyakov and G. Airoldi,Materials Transactions,Ageing in Parent Phase and Martensite Stabilization in a Ni50Ti30Hf20 Alloy,2003,50,30,165,Ni50.0Ti30.0Hf20.0 %,20
A. Manca; A. V. Shelyakov and G. Airoldi,Materials Transactions,Ageing in Parent Phase and Martensite Stabilization in a Ni50Ti30Hf20 Alloy,2003,50,30,160,Ni50.0Ti30.0Hf20.0 %,20
A. Manca; A. V. Shelyakov and G. Airoldi,Materials Transactions,Ageing in Parent Phase and Martensite Stabilization in a Ni50Ti30Hf20 Alloy,2003,50,30,164,Ni50.0Ti30.0Hf20.0 %,20
A. Manca; A. V. Shelyakov and G. Airoldi,Materials Transactions,Ageing in Parent Phase and Martensite Stabilization in a Ni50Ti30Hf20 Alloy,2003,50,30,159,Ni50.0Ti30.0Hf20.0 %,20
A. Manca; A. V. Shelyakov and G. Airoldi,Materials Transactions,Ageing in Parent Phase and Martensite Stabilization in a Ni50Ti30Hf20 Alloy,2003,50,30,163,Ni50.0Ti30.0Hf20.0 %,20
R. Santamarta; A. Pasko; J. Pons; E. Cesari and P. Ochin,Materials Transactions,Crystallization in partially amorphous Ni50Ti32Hf18 melt spun ribbon,2004,50,32,143,Ni50.0Ti32.0Hf18.0 %,18
R. Santamarta; A. Pasko; J. Pons; E. Cesari and P. Ochin,Materials Transactions,Crystallization in partially amorphous Ni50Ti32Hf18 melt spun ribbon,2004,50,32,136,Ni50.0Ti32.0Hf18.0 %,18
R. Santamarta; A. Pasko; J. Pons; E. Cesari and P. Ochin,Materials Transactions,Crystallization in partially amorphous Ni50Ti32Hf18 melt spun ribbon,2004,50,32,133,Ni50.0Ti32.0Hf18.0 %,18
R. Santamarta; A. Pasko; J. Pons; E. Cesari and P. Ochin,Materials Transactions,Crystallization in partially amorphous Ni50Ti32Hf18 melt spun ribbon,2004,50,32,135,Ni50.0Ti32.0Hf18.0 %,18
R. Santamarta; A. Pasko; J. Pons; E. Cesari and P. Ochin,Materials Transactions,Crystallization in partially amorphous Ni50Ti32Hf18 melt spun ribbon,2004,50,32,135,Ni50.0Ti32.0Hf18.0 %,18
R. Santamarta; A. Pasko; J. Pons; E. Cesari and P. Ochin,Materials Transactions,Crystallization in partially amorphous Ni50Ti32Hf18 melt spun ribbon,2004,50,32,135,Ni50.0Ti32.0Hf18.0 %,18
R. Santamarta; A. Pasko; J. Pons; E. Cesari and P. Ochin,Materials Transactions,Crystallization in partially amorphous Ni50Ti32Hf18 melt spun ribbon,2004,50,32,134,Ni50.0Ti32.0Hf18.0 %,18
R. Santamarta; A. Pasko; J. Pons; E. Cesari and P. Ochin,Materials Transactions,Crystallization in partially amorphous Ni50Ti32Hf18 melt spun ribbon,2004,50,32,133,Ni50.0Ti32.0Hf18.0 %,18
R. Santamarta; A. Pasko; J. Pons; E. Cesari and P. Ochin,Materials Transactions,Crystallization in partially amorphous Ni50Ti32Hf18 melt spun ribbon,2004,50,32,141,Ni50.0Ti32.0Hf18.0 %,18
X. L. Meng; W. Cai; F. Chen and L. C. Zhao,Scripta Materialia,Effect of aging on martensitic transformation and microstructure in Ni-rich TiNiHf shape memory alloy,2006,50,30,239,Ni50.0Ti30.0Hf20.0 %,20
P. E. Thoma and J. J. Boehm,Materials Science and Engineering: A,Effect of composition on the amount of second phase and transformation temperatures of NixTi90−xHf10 shape memory alloys,1999,50,40,123,Ni50.0Ti40.0Hf10.0 %,10
R. Soares and W. B. Castro,Materials Science Forum,Effect of Cooling Rate on the Transformation Temperatures of Ni50Ti36Hf14 Melt Spun Ribbons,2018,50,36,70,Ni50.0Ti36.0Hf14.0 %,14
R. Soares and W. B. Castro,Materials Science Forum,Effect of Cooling Rate on the Transformation Temperatures of Ni50Ti36Hf14 Melt Spun Ribbons,2018,50,36,65,Ni50.0Ti36.0Hf14.0 %,14
R. Soares and W. B. Castro,Materials Science Forum,Effect of Cooling Rate on the Transformation Temperatures of Ni50Ti36Hf14 Melt Spun Ribbons,2018,50,36,86,Ni50.0Ti36.0Hf14.0 %,14
S. Kang; H.-J. Im and T.-H. Nam,Journal of the Korean Institute of Metals and Materials(South Korea),Effect of Hf-content on phase transformation behavior and microstructures of Ti-Ni-Hf shape memory alloys,1999,50,48,1,Ni50.0Ti48.0Hf2.0 %,2
S. Kang; H.-J. Im and T.-H. Nam,Journal of the Korean Institute of Metals and Materials(South Korea),Effect of Hf-content on phase transformation behavior and microstructures of Ti-Ni-Hf shape memory alloys,1999,50,45,-75,Ni50.0Ti45.0Hf5.0 %,5
S. Kang; H.-J. Im and T.-H. Nam,Journal of the Korean Institute of Metals and Materials(South Korea),Effect of Hf-content on phase transformation behavior and microstructures of Ti-Ni-Hf shape memory alloys,1999,50,40,119,Ni50.0Ti40.0Hf10.0 %,10
S. Kang; H.-J. Im and T.-H. Nam,Journal of the Korean Institute of Metals and Materials(South Korea),Effect of Hf-content on phase transformation behavior and microstructures of Ti-Ni-Hf shape memory alloys,1999,50,35,130,Ni50.0Ti35.0Hf15.0 %,15
S. Kang; H.-J. Im and T.-H. Nam,Journal of the Korean Institute of Metals and Materials(South Korea),Effect of Hf-content on phase transformation behavior and microstructures of Ti-Ni-Hf shape memory alloys,1999,50,30,101,Ni50.0Ti30.0Hf20.0 %,20
R. L. Soares and W. B. d. Castro,REM-International Engineering Journal,Effects of composition on transformation temperatures and microstructure of Ni-Ti-Hf shape memory alloys,2019,50,42,46,Ni50.0Ti42.0Hf8.0 %,8
R. L. Soares and W. B. d. Castro,REM-International Engineering Journal,Effects of composition on transformation temperatures and microstructure of Ni-Ti-Hf shape memory alloys,2019,50,39,94,Ni50.0Ti39.0Hf11.0 %,11
R. L. Soares and W. B. d. Castro,REM-International Engineering Journal,Effects of composition on transformation temperatures and microstructure of Ni-Ti-Hf shape memory alloys,2019,50,36,132,Ni50.0Ti36.0Hf14.0 %,14
R. L. Soares and W. B. d. Castro,REM-International Engineering Journal,Effects of composition on transformation temperatures and microstructure of Ni-Ti-Hf shape memory alloys,2019,50,33,180,Ni50.0Ti33.0Hf17.0 %,17
R. L. Soares and W. B. d. Castro,REM-International Engineering Journal,Effects of composition on transformation temperatures and microstructure of Ni-Ti-Hf shape memory alloys,2019,50,30,247,Ni50.0Ti30.0Hf20.0 %,20
N. A. Ley and M. L. Young,,Effects of Thermo-Mechanical Processing on Precipitate Evolution in Equiatomic and Ni-lean NiTiHf High Temperature Shape Memory Alloys,2019,50,40,64,Ni50.0Ti40.0Hf10.0 %,10
N. A. Ley and M. L. Young,,Effects of Thermo-Mechanical Processing on Precipitate Evolution in Equiatomic and Ni-lean NiTiHf High Temperature Shape Memory Alloys,2019,50,40,89,Ni50.0Ti40.0Hf10.0 %,10
N. A. Ley and M. L. Young,,Effects of Thermo-Mechanical Processing on Precipitate Evolution in Equiatomic and Ni-lean NiTiHf High Temperature Shape Memory Alloys,2019,50,40,88,Ni50.0Ti40.0Hf10.0 %,10
N. Kuranova; A. Pushin; A. Uksusnikov; E. Belosludtseva; N. Kourov; T. Kuntsevich and V. Pushin,Technical Physics,Fine structure and mechanical properties of the shape-memory Ni50Ti32Hf18 alloy rapidly quenched by spinning,2017,50,32,134,Ni50.0Ti32.0Hf18.0 %,18
H. D. Gu; K. M. Leung and C. Y. Chung,Journal of Vacuum Science & Technology A ,Growth of high-temperature NiTi1−xHfxNiTi1−xHfx shape memory alloy thin films by laser ablation of composite targets,1998,50,36.6,41,Ni50.0Ti36.6Hf13.4 %,13.4
D. N. Abujudom; M. Y. Kao; P. E. Thoma and D. R. Angst,US5114504,High transformation temperature shape memory alloy,1992,50,40,104,Ni50.0Ti40.0Hf10.0 %,10
D. N. Abujudom; M. Y. Kao; P. E. Thoma and D. R. Angst,US5114504,High transformation temperature shape memory alloy,1992,50,25,405,Ni50.0Ti25.0Hf25.0 %,25
M. A. Azeem and D. Dye,Intermetallics,In situ evaluation of the transformation behaviour of NiTi-based high temperature shape memory alloys,2014,50,35,212,Ni50.0Ti35.0Hf15.0 %,15
M. A. Azeem and D. Dye,Intermetallics,In situ evaluation of the transformation behaviour of NiTi-based high temperature shape memory alloys,2014,50,35,178,Ni50.0Ti35.0Hf15.0 %,15
M. A. Azeem and D. Dye,Intermetallics,In situ evaluation of the transformation behaviour of NiTi-based high temperature shape memory alloys,2014,50,35,179,Ni50.0Ti35.0Hf15.0 %,15
M. A. Azeem and D. Dye,Intermetallics,In situ evaluation of the transformation behaviour of NiTi-based high temperature shape memory alloys,2014,50,35,186,Ni50.0Ti35.0Hf15.0 %,15
M. A. Azeem and D. Dye,Intermetallics,In situ evaluation of the transformation behaviour of NiTi-based high temperature shape memory alloys,2014,50,35,189,Ni50.0Ti35.0Hf15.0 %,15
M. A. Azeem and D. Dye,Intermetallics,In situ evaluation of the transformation behaviour of NiTi-based high temperature shape memory alloys,2014,50,35,185,Ni50.0Ti35.0Hf15.0 %,15
S. H. Hong; J. T. Kim; H. J. Park; Y. S. Kim; J. Y. Suh; Y. S. Na; K. R. Lim; C. H. Shim; J. M. Park and K. B. Kim,Journal of Alloys and Compounds,Influence of Zr content on phase formation; transition and mechanical behavior of Ni-Ti-Hf-Zr high temperature shape memory alloys,2017,50,38,115,Ni50.0Ti38.0Hf12.0 %,12
P. Olier; J. C. Brachet; J. L. Bechade; C. Foucher and G. Guenin,Journal de Physique IV,Investigation of Transformation Temperatures Microstructure and Shape Memory Properties of NiTi; NiTiZr and NiTiHf Alloys,1995,50,40,74,Ni50.0Ti40.0Hf10.0 %,10
P. Olier; J. C. Brachet; J. L. Bechade; C. Foucher and G. Guenin,Journal de Physique IV,Investigation of Transformation Temperatures Microstructure and Shape Memory Properties of NiTi; NiTiZr and NiTiHf Alloys,1995,50,38,142,Ni50.0Ti38.0Hf12.0 %,12
P. Olier; J. C. Brachet; J. L. Bechade; C. Foucher and G. Guenin,Journal de Physique IV,Investigation of Transformation Temperatures Microstructure and Shape Memory Properties of NiTi; NiTiZr and NiTiHf Alloys,1995,50,38,133,Ni50.0Ti38.0Hf12.0 %,12
P. Olier; J. C. Brachet; J. L. Bechade; C. Foucher and G. Guenin,Journal de Physique IV,Investigation of Transformation Temperatures Microstructure and Shape Memory Properties of NiTi; NiTiZr and NiTiHf Alloys,1995,50,35,188,Ni50.0Ti35.0Hf15.0 %,15
F. Dalle; A. Pasko; P. Vermaut; V. Kolomytsev; P. Ochin and R. Portier,Scripta Materialia,Melt Spun ribbons of Ti-Hf-Ni-Re shape memory alloys: first investigations,2000,50,32,164,Ni50.0Ti32.0Hf18.0 %,18
F. Dalle; A. Pasko; P. Vermaut; V. Kolomytsev; P. Ochin and R. Portier,Scripta Materialia,Melt Spun ribbons of Ti-Hf-Ni-Re shape memory alloys: first investigations,2000,50,32,230,Ni50.0Ti32.0Hf18.0 %,18
S. Besseghini; E. Villa and A. Tuissi,Materials Science and Engineering: A,Ni-Ti-Hf shape memory alloy: effect of aging and thermal cycling,1999,50,40,120,Ni50.0Ti40.0Hf10.0 %,10
S. Besseghini; E. Villa and A. Tuissi,Materials Science and Engineering: A,Ni-Ti-Hf shape memory alloy: effect of aging and thermal cycling,1999,50,40,127,Ni50.0Ti40.0Hf10.0 %,10
S. Besseghini; E. Villa and A. Tuissi,Materials Science and Engineering: A,Ni-Ti-Hf shape memory alloy: effect of aging and thermal cycling,1999,50,40,125,Ni50.0Ti40.0Hf10.0 %,10
D. Canadinc; W. Trehern; H. Ozcan; C. Hayrettin; O. Karakoc; I. Karaman; F. Sun and Z. Chaudhry,Scripta Materialia,On the deformation response and cyclic stability of Ni50Ti35Hf15 high temperature shape memory alloy wires,2017,50,35,196,Ni50.0Ti35.0Hf15.0 %,15
D. Canadinc; W. Trehern; H. Ozcan; C. Hayrettin; O. Karakoc; I. Karaman; F. Sun and Z. Chaudhry,Scripta Materialia,On the deformation response and cyclic stability of Ni50Ti35Hf15 high temperature shape memory alloy wires,2017,50,35,149,Ni50.0Ti35.0Hf15.0 %,15
D. Canadinc; W. Trehern; H. Ozcan; C. Hayrettin; O. Karakoc; I. Karaman; F. Sun and Z. Chaudhry,Scripta Materialia,On the deformation response and cyclic stability of Ni50Ti35Hf15 high temperature shape memory alloy wires,2017,50,35,183,Ni50.0Ti35.0Hf15.0 %,15
D. Canadinc; W. Trehern; H. Ozcan; C. Hayrettin; O. Karakoc; I. Karaman; F. Sun and Z. Chaudhry,Scripta Materialia,On the deformation response and cyclic stability of Ni50Ti35Hf15 high temperature shape memory alloy wires,2017,50,35,187,Ni50.0Ti35.0Hf15.0 %,15
D. Canadinc; W. Trehern; H. Ozcan; C. Hayrettin; O. Karakoc; I. Karaman; F. Sun and Z. Chaudhry,Scripta Materialia,On the deformation response and cyclic stability of Ni50Ti35Hf15 high temperature shape memory alloy wires,2017,50,35,189,Ni50.0Ti35.0Hf15.0 %,15
D. Canadinc; W. Trehern; H. Ozcan; C. Hayrettin; O. Karakoc; I. Karaman; F. Sun and Z. Chaudhry,Scripta Materialia,On the deformation response and cyclic stability of Ni50Ti35Hf15 high temperature shape memory alloy wires,2017,50,35,200,Ni50.0Ti35.0Hf15.0 %,15
D. Canadinc; W. Trehern; H. Ozcan; C. Hayrettin; O. Karakoc; I. Karaman; F. Sun and Z. Chaudhry,Scripta Materialia,On the deformation response and cyclic stability of Ni50Ti35Hf15 high temperature shape memory alloy wires,2017,50,35,197,Ni50.0Ti35.0Hf15.0 %,15
B. Wang; R. Bhagat; X. Lan and R. Dashwood,Journal of The Electrochemical Society,Production of Ni-35Ti-15Hf alloy via the FFC Cambridge process,2011,50,35,120,Ni50.0Ti35.0Hf15.0 %,15
C. C. Wojcik,Journal of Materials Engineering and Performance,Properties and Heat Treatment of High Transition Temperature Ni-Ti-Hf Alloys,2009,50,44,36,Ni50.0Ti44.0Hf6.0 %,6
C. C. Wojcik,Journal of Materials Engineering and Performance,Properties and Heat Treatment of High Transition Temperature Ni-Ti-Hf Alloys,2009,50,44,38,Ni50.0Ti44.0Hf6.0 %,6
C. C. Wojcik,Journal of Materials Engineering and Performance,Properties and Heat Treatment of High Transition Temperature Ni-Ti-Hf Alloys,2009,50,44,45,Ni50.0Ti44.0Hf6.0 %,6
C. C. Wojcik,Journal of Materials Engineering and Performance,Properties and Heat Treatment of High Transition Temperature Ni-Ti-Hf Alloys,2009,50,44,46,Ni50.0Ti44.0Hf6.0 %,6
C. C. Wojcik,Journal of Materials Engineering and Performance,Properties and Heat Treatment of High Transition Temperature Ni-Ti-Hf Alloys,2009,50,44,53,Ni50.0Ti44.0Hf6.0 %,6
C. C. Wojcik,Journal of Materials Engineering and Performance,Properties and Heat Treatment of High Transition Temperature Ni-Ti-Hf Alloys,2009,50,44,58,Ni50.0Ti44.0Hf6.0 %,6
C. C. Wojcik,Journal of Materials Engineering and Performance,Properties and Heat Treatment of High Transition Temperature Ni-Ti-Hf Alloys,2009,50,44,74,Ni50.0Ti44.0Hf6.0 %,6
C. C. Wojcik,Journal of Materials Engineering and Performance,Properties and Heat Treatment of High Transition Temperature Ni-Ti-Hf Alloys,2009,50,42,72,Ni50.0Ti42.0Hf8.0 %,8
C. C. Wojcik,Journal of Materials Engineering and Performance,Properties and Heat Treatment of High Transition Temperature Ni-Ti-Hf Alloys,2009,50,40,115,Ni50.0Ti40.0Hf10.0 %,10
C. C. Wojcik,Journal of Materials Engineering and Performance,Properties and Heat Treatment of High Transition Temperature Ni-Ti-Hf Alloys,2009,50,40,107,Ni50.0Ti40.0Hf10.0 %,10
C. C. Wojcik,Journal of Materials Engineering and Performance,Properties and Heat Treatment of High Transition Temperature Ni-Ti-Hf Alloys,2009,50,40,118,Ni50.0Ti40.0Hf10.0 %,10
C. C. Wojcik,Journal of Materials Engineering and Performance,Properties and Heat Treatment of High Transition Temperature Ni-Ti-Hf Alloys,2009,50,40,120,Ni50.0Ti40.0Hf10.0 %,10
C. C. Wojcik,Journal of Materials Engineering and Performance,Properties and Heat Treatment of High Transition Temperature Ni-Ti-Hf Alloys,2009,50,40,115,Ni50.0Ti40.0Hf10.0 %,10
C. C. Wojcik,Journal of Materials Engineering and Performance,Properties and Heat Treatment of High Transition Temperature Ni-Ti-Hf Alloys,2009,50,40,134,Ni50.0Ti40.0Hf10.0 %,10
C. C. Wojcik,Journal of Materials Engineering and Performance,Properties and Heat Treatment of High Transition Temperature Ni-Ti-Hf Alloys,2009,50,40,121,Ni50.0Ti40.0Hf10.0 %,10
C. C. Wojcik,Journal of Materials Engineering and Performance,Properties and Heat Treatment of High Transition Temperature Ni-Ti-Hf Alloys,2009,50,40,130,Ni50.0Ti40.0Hf10.0 %,10
C. C. Wojcik,Journal of Materials Engineering and Performance,Properties and Heat Treatment of High Transition Temperature Ni-Ti-Hf Alloys,2009,50,40,129,Ni50.0Ti40.0Hf10.0 %,10
C. C. Wojcik,Journal of Materials Engineering and Performance,Properties and Heat Treatment of High Transition Temperature Ni-Ti-Hf Alloys,2009,50,40,140,Ni50.0Ti40.0Hf10.0 %,10
C. C. Wojcik,Journal of Materials Engineering and Performance,Properties and Heat Treatment of High Transition Temperature Ni-Ti-Hf Alloys,2009,50,40,141,Ni50.0Ti40.0Hf10.0 %,10
A. Johnson; V. Martynov and R. Minners,Journal de Physique IV,Sputter deposition of high transition temperature Ti-Ni-Hf alloy thin films,1995,50,40,105,Ni50.0Ti40.0Hf10.0 %,10
E. Cesari; P. Ochin; R. Portier; V. Kolomystev; Y. Koval; A. Pasko and V. Soolshenko,Materials Science and Engineering: A,Structure and properties of Ti–Ni–Zr and Ti–Ni–Hf Melt Spun ribbons ,1999,50,32,157,Ni50.0Ti32.0Hf18.0 %,18
E. Cesari; P. Ochin; R. Portier; V. Kolomystev; Y. Koval; A. Pasko and V. Soolshenko,Materials Science and Engineering: A,Structure and properties of Ti–Ni–Zr and Ti–Ni–Hf Melt Spun ribbons ,1999,50,32,226,Ni50.0Ti32.0Hf18.0 %,18
E. Cesari; P. Ochin; R. Portier; V. Kolomystev; Y. Koval; A. Pasko and V. Soolshenko,Materials Science and Engineering: A,Structure and properties of Ti–Ni–Zr and Ti–Ni–Hf Melt Spun ribbons ,1999,50,32,171,Ni50.0Ti32.0Hf18.0 %,18
E. Cesari; P. Ochin; R. Portier; V. Kolomystev; Y. Koval; A. Pasko and V. Soolshenko,Materials Science and Engineering: A,Structure and properties of Ti–Ni–Zr and Ti–Ni–Hf Melt Spun ribbons ,1999,50,32,172,Ni50.0Ti32.0Hf18.0 %,18
E. Cesari; P. Ochin; R. Portier; V. Kolomystev; Y. Koval; A. Pasko and V. Soolshenko,Materials Science and Engineering: A,Structure and properties of Ti–Ni–Zr and Ti–Ni–Hf Melt Spun ribbons ,1999,50,32,169,Ni50.0Ti32.0Hf18.0 %,18
E. Cesari; P. Ochin; R. Portier; V. Kolomystev; Y. Koval; A. Pasko and V. Soolshenko,Materials Science and Engineering: A,Structure and properties of Ti–Ni–Zr and Ti–Ni–Hf Melt Spun ribbons ,1999,50,32,169,Ni50.0Ti32.0Hf18.0 %,18
E. Cesari; P. Ochin; R. Portier; V. Kolomystev; Y. Koval; A. Pasko and V. Soolshenko,Materials Science and Engineering: A,Structure and properties of Ti–Ni–Zr and Ti–Ni–Hf Melt Spun ribbons ,1999,50,32,167,Ni50.0Ti32.0Hf18.0 %,18
E. Cesari; P. Ochin; R. Portier; V. Kolomystev; Y. Koval; A. Pasko and V. Soolshenko,Materials Science and Engineering: A,Structure and properties of Ti–Ni–Zr and Ti–Ni–Hf Melt Spun ribbons ,1999,50,32,167,Ni50.0Ti32.0Hf18.0 %,18
E. Cesari; P. Ochin; R. Portier; V. Kolomystev; Y. Koval; A. Pasko and V. Soolshenko,Materials Science and Engineering: A,Structure and properties of Ti–Ni–Zr and Ti–Ni–Hf Melt Spun ribbons ,1999,50,32,165,Ni50.0Ti32.0Hf18.0 %,18
E. Cesari; P. Ochin; R. Portier; V. Kolomystev; Y. Koval; A. Pasko and V. Soolshenko,Materials Science and Engineering: A,Structure and properties of Ti–Ni–Zr and Ti–Ni–Hf Melt Spun ribbons ,1999,50,32,165,Ni50.0Ti32.0Hf18.0 %,18
E. Cesari; P. Ochin; R. Portier; V. Kolomystev; Y. Koval; A. Pasko and V. Soolshenko,Materials Science and Engineering: A,Structure and properties of Ti–Ni–Zr and Ti–Ni–Hf Melt Spun ribbons ,1999,50,32,163,Ni50.0Ti32.0Hf18.0 %,18
E. Cesari; P. Ochin; R. Portier; V. Kolomystev; Y. Koval; A. Pasko and V. Soolshenko,Materials Science and Engineering: A,Structure and properties of Ti–Ni–Zr and Ti–Ni–Hf Melt Spun ribbons ,1999,50,32,164,Ni50.0Ti32.0Hf18.0 %,18
E. Cesari; P. Ochin; R. Portier; V. Kolomystev; Y. Koval; A. Pasko and V. Soolshenko,Materials Science and Engineering: A,Structure and properties of Ti–Ni–Zr and Ti–Ni–Hf Melt Spun ribbons ,1999,50,32,167,Ni50.0Ti32.0Hf18.0 %,18
E. Cesari; P. Ochin; R. Portier; V. Kolomystev; Y. Koval; A. Pasko and V. Soolshenko,Materials Science and Engineering: A,Structure and properties of Ti–Ni–Zr and Ti–Ni–Hf Melt Spun ribbons ,1999,50,32,168,Ni50.0Ti32.0Hf18.0 %,18
E. Cesari; P. Ochin; R. Portier; V. Kolomystev; Y. Koval; A. Pasko and V. Soolshenko,Materials Science and Engineering: A,Structure and properties of Ti–Ni–Zr and Ti–Ni–Hf Melt Spun ribbons ,1999,50,32,166,Ni50.0Ti32.0Hf18.0 %,18
E. Cesari; P. Ochin; R. Portier; V. Kolomystev; Y. Koval; A. Pasko and V. Soolshenko,Materials Science and Engineering: A,Structure and properties of Ti–Ni–Zr and Ti–Ni–Hf Melt Spun ribbons ,1999,50,32,163,Ni50.0Ti32.0Hf18.0 %,18
V. G. Pushin; N. N. Kuranova; A. V. Pushin; A. N. Uksusnikov and N. I. Kourov,Technical Physics,Structure and thermoelastic martensitic transformations in ternary Ni–Ti–Hf alloys with a high-temperature shape memory effect,2016,50,38,132,Ni50.0Ti38.0Hf12.0 %,12
V. G. Pushin; N. N. Kuranova; A. V. Pushin; A. N. Uksusnikov and N. I. Kourov,Technical Physics,Structure and thermoelastic martensitic transformations in ternary Ni–Ti–Hf alloys with a high-temperature shape memory effect,2016,50,35,177,Ni50.0Ti35.0Hf15.0 %,15
V. G. Pushin; N. N. Kuranova; A. V. Pushin; A. N. Uksusnikov and N. I. Kourov,Technical Physics,Structure and thermoelastic martensitic transformations in ternary Ni–Ti–Hf alloys with a high-temperature shape memory effect,2016,50,32,227,Ni50.0Ti32.0Hf18.0 %,18
V. G. Pushin; N. N. Kuranova; A. V. Pushin; A. N. Uksusnikov and N. I. Kourov,Technical Physics,Structure and thermoelastic martensitic transformations in ternary Ni–Ti–Hf alloys with a high-temperature shape memory effect,2016,50,30,247,Ni50.0Ti30.0Hf20.0 %,20
B. C. Hornbuckle; T. T. Sasaki; G. S. Bigelow; R. D. Noebe; M. L. Weaver and G. B. Thompson,Materials Science and Engineering: A,Structure–property relationships in a precipitation strengthened Ni–29.7Ti–20Hf (at%) shape memory alloy,2015,50,29.7,105,Ni50.0Ti29.7Hf20.3 %,20.3
B. C. Hornbuckle; T. T. Sasaki; G. S. Bigelow; R. D. Noebe; M. L. Weaver and G. B. Thompson,Materials Science and Engineering: A,Structure–property relationships in a precipitation strengthened Ni–29.7Ti–20Hf (at%) shape memory alloy,2015,50,29.7,89,Ni50.0Ti29.7Hf20.3 %,20.3
B. C. Hornbuckle; T. T. Sasaki; G. S. Bigelow; R. D. Noebe; M. L. Weaver and G. B. Thompson,Materials Science and Engineering: A,Structure–property relationships in a precipitation strengthened Ni–29.7Ti–20Hf (at%) shape memory alloy,2015,50,29.7,178,Ni50.0Ti29.7Hf20.3 %,20.3
B. C. Hornbuckle; T. T. Sasaki; G. S. Bigelow; R. D. Noebe; M. L. Weaver and G. B. Thompson,Materials Science and Engineering: A,Structure–property relationships in a precipitation strengthened Ni–29.7Ti–20Hf (at%) shape memory alloy,2015,50,29.7,133,Ni50.0Ti29.7Hf20.3 %,20.3
B. C. Hornbuckle; T. T. Sasaki; G. S. Bigelow; R. D. Noebe; M. L. Weaver and G. B. Thompson,Materials Science and Engineering: A,Structure–property relationships in a precipitation strengthened Ni–29.7Ti–20Hf (at%) shape memory alloy,2015,50,29.7,135,Ni50.0Ti29.7Hf20.3 %,20.3
B. C. Hornbuckle; T. T. Sasaki; G. S. Bigelow; R. D. Noebe; M. L. Weaver and G. B. Thompson,Materials Science and Engineering: A,Structure–property relationships in a precipitation strengthened Ni–29.7Ti–20Hf (at%) shape memory alloy,2015,50,29.7,94,Ni50.0Ti29.7Hf20.3 %,20.3
B. C. Hornbuckle; T. T. Sasaki; G. S. Bigelow; R. D. Noebe; M. L. Weaver and G. B. Thompson,Materials Science and Engineering: A,Structure–property relationships in a precipitation strengthened Ni–29.7Ti–20Hf (at%) shape memory alloy,2015,50,29.7,93,Ni50.0Ti29.7Hf20.3 %,20.3
B. C. Hornbuckle; T. T. Sasaki; G. S. Bigelow; R. D. Noebe; M. L. Weaver and G. B. Thompson,Materials Science and Engineering: A,Structure–property relationships in a precipitation strengthened Ni–29.7Ti–20Hf (at%) shape memory alloy,2015,50,29.7,89,Ni50.0Ti29.7Hf20.3 %,20.3
B. C. Hornbuckle; T. T. Sasaki; G. S. Bigelow; R. D. Noebe; M. L. Weaver and G. B. Thompson,Materials Science and Engineering: A,Structure–property relationships in a precipitation strengthened Ni–29.7Ti–20Hf (at%) shape memory alloy,2015,50,29.7,93,Ni50.0Ti29.7Hf20.3 %,20.3
B. C. Hornbuckle; T. T. Sasaki; G. S. Bigelow; R. D. Noebe; M. L. Weaver and G. B. Thompson,Materials Science and Engineering: A,Structure–property relationships in a precipitation strengthened Ni–29.7Ti–20Hf (at%) shape memory alloy,2015,50,29.7,101,Ni50.0Ti29.7Hf20.3 %,20.3
B. C. Hornbuckle; T. T. Sasaki; G. S. Bigelow; R. D. Noebe; M. L. Weaver and G. B. Thompson,Materials Science and Engineering: A,Structure–property relationships in a precipitation strengthened Ni–29.7Ti–20Hf (at%) shape memory alloy,2015,50,29.7,107,Ni50.0Ti29.7Hf20.3 %,20.3
B. C. Hornbuckle; T. T. Sasaki; G. S. Bigelow; R. D. Noebe; M. L. Weaver and G. B. Thompson,Materials Science and Engineering: A,Structure–property relationships in a precipitation strengthened Ni–29.7Ti–20Hf (at%) shape memory alloy,2015,50,29.7,114,Ni50.0Ti29.7Hf20.3 %,20.3
B. C. Hornbuckle; T. T. Sasaki; G. S. Bigelow; R. D. Noebe; M. L. Weaver and G. B. Thompson,Materials Science and Engineering: A,Structure–property relationships in a precipitation strengthened Ni–29.7Ti–20Hf (at%) shape memory alloy,2015,50,29.7,122,Ni50.0Ti29.7Hf20.3 %,20.3
B. C. Hornbuckle; T. T. Sasaki; G. S. Bigelow; R. D. Noebe; M. L. Weaver and G. B. Thompson,Materials Science and Engineering: A,Structure–property relationships in a precipitation strengthened Ni–29.7Ti–20Hf (at%) shape memory alloy,2015,50,29.7,130,Ni50.0Ti29.7Hf20.3 %,20.3
B. C. Hornbuckle; T. T. Sasaki; G. S. Bigelow; R. D. Noebe; M. L. Weaver and G. B. Thompson,Materials Science and Engineering: A,Structure–property relationships in a precipitation strengthened Ni–29.7Ti–20Hf (at%) shape memory alloy,2015,50,29.7,108,Ni50.0Ti29.7Hf20.3 %,20.3
B. C. Hornbuckle; T. T. Sasaki; G. S. Bigelow; R. D. Noebe; M. L. Weaver and G. B. Thompson,Materials Science and Engineering: A,Structure–property relationships in a precipitation strengthened Ni–29.7Ti–20Hf (at%) shape memory alloy,2015,50,29.7,109,Ni50.0Ti29.7Hf20.3 %,20.3
B. C. Hornbuckle; T. T. Sasaki; G. S. Bigelow; R. D. Noebe; M. L. Weaver and G. B. Thompson,Materials Science and Engineering: A,Structure–property relationships in a precipitation strengthened Ni–29.7Ti–20Hf (at%) shape memory alloy,2015,50,29.7,108,Ni50.0Ti29.7Hf20.3 %,20.3
B. C. Hornbuckle; T. T. Sasaki; G. S. Bigelow; R. D. Noebe; M. L. Weaver and G. B. Thompson,Materials Science and Engineering: A,Structure–property relationships in a precipitation strengthened Ni–29.7Ti–20Hf (at%) shape memory alloy,2015,50,29.7,117,Ni50.0Ti29.7Hf20.3 %,20.3
B. C. Hornbuckle; T. T. Sasaki; G. S. Bigelow; R. D. Noebe; M. L. Weaver and G. B. Thompson,Materials Science and Engineering: A,Structure–property relationships in a precipitation strengthened Ni–29.7Ti–20Hf (at%) shape memory alloy,2015,50,29.7,126,Ni50.0Ti29.7Hf20.3 %,20.3
B. C. Hornbuckle; T. T. Sasaki; G. S. Bigelow; R. D. Noebe; M. L. Weaver and G. B. Thompson,Materials Science and Engineering: A,Structure–property relationships in a precipitation strengthened Ni–29.7Ti–20Hf (at%) shape memory alloy,2015,50,29.7,133,Ni50.0Ti29.7Hf20.3 %,20.3
B. C. Hornbuckle; T. T. Sasaki; G. S. Bigelow; R. D. Noebe; M. L. Weaver and G. B. Thompson,Materials Science and Engineering: A,Structure–property relationships in a precipitation strengthened Ni–29.7Ti–20Hf (at%) shape memory alloy,2015,50,29.7,141,Ni50.0Ti29.7Hf20.3 %,20.3
B. C. Hornbuckle; T. T. Sasaki; G. S. Bigelow; R. D. Noebe; M. L. Weaver and G. B. Thompson,Materials Science and Engineering: A,Structure–property relationships in a precipitation strengthened Ni–29.7Ti–20Hf (at%) shape memory alloy,2015,50,29.7,151,Ni50.0Ti29.7Hf20.3 %,20.3
B. C. Hornbuckle; T. T. Sasaki; G. S. Bigelow; R. D. Noebe; M. L. Weaver and G. B. Thompson,Materials Science and Engineering: A,Structure–property relationships in a precipitation strengthened Ni–29.7Ti–20Hf (at%) shape memory alloy,2015,50,29.7,159,Ni50.0Ti29.7Hf20.3 %,20.3
B. C. Hornbuckle; T. T. Sasaki; G. S. Bigelow; R. D. Noebe; M. L. Weaver and G. B. Thompson,Materials Science and Engineering: A,Structure–property relationships in a precipitation strengthened Ni–29.7Ti–20Hf (at%) shape memory alloy,2015,50,29.7,161,Ni50.0Ti29.7Hf20.3 %,20.3
B. C. Hornbuckle; T. T. Sasaki; G. S. Bigelow; R. D. Noebe; M. L. Weaver and G. B. Thompson,Materials Science and Engineering: A,Structure–property relationships in a precipitation strengthened Ni–29.7Ti–20Hf (at%) shape memory alloy,2015,50,29.7,161,Ni50.0Ti29.7Hf20.3 %,20.3
B. C. Hornbuckle; T. T. Sasaki; G. S. Bigelow; R. D. Noebe; M. L. Weaver and G. B. Thompson,Materials Science and Engineering: A,Structure–property relationships in a precipitation strengthened Ni–29.7Ti–20Hf (at%) shape memory alloy,2015,50,29.7,167,Ni50.0Ti29.7Hf20.3 %,20.3
B. C. Hornbuckle; T. T. Sasaki; G. S. Bigelow; R. D. Noebe; M. L. Weaver and G. B. Thompson,Materials Science and Engineering: A,Structure–property relationships in a precipitation strengthened Ni–29.7Ti–20Hf (at%) shape memory alloy,2015,50,29.7,161,Ni50.0Ti29.7Hf20.3 %,20.3
B. C. Hornbuckle; T. T. Sasaki; G. S. Bigelow; R. D. Noebe; M. L. Weaver and G. B. Thompson,Materials Science and Engineering: A,Structure–property relationships in a precipitation strengthened Ni–29.7Ti–20Hf (at%) shape memory alloy,2015,50,29.7,173,Ni50.0Ti29.7Hf20.3 %,20.3
B. C. Hornbuckle; T. T. Sasaki; G. S. Bigelow; R. D. Noebe; M. L. Weaver and G. B. Thompson,Materials Science and Engineering: A,Structure–property relationships in a precipitation strengthened Ni–29.7Ti–20Hf (at%) shape memory alloy,2015,50,29.7,181,Ni50.0Ti29.7Hf20.3 %,20.3
B. C. Hornbuckle; T. T. Sasaki; G. S. Bigelow; R. D. Noebe; M. L. Weaver and G. B. Thompson,Materials Science and Engineering: A,Structure–property relationships in a precipitation strengthened Ni–29.7Ti–20Hf (at%) shape memory alloy,2015,50,29.7,188,Ni50.0Ti29.7Hf20.3 %,20.3
B. C. Hornbuckle; T. T. Sasaki; G. S. Bigelow; R. D. Noebe; M. L. Weaver and G. B. Thompson,Materials Science and Engineering: A,Structure–property relationships in a precipitation strengthened Ni–29.7Ti–20Hf (at%) shape memory alloy,2015,50,29.7,196,Ni50.0Ti29.7Hf20.3 %,20.3
B. C. Hornbuckle; T. T. Sasaki; G. S. Bigelow; R. D. Noebe; M. L. Weaver and G. B. Thompson,Materials Science and Engineering: A,Structure–property relationships in a precipitation strengthened Ni–29.7Ti–20Hf (at%) shape memory alloy,2015,50,29.7,203,Ni50.0Ti29.7Hf20.3 %,20.3
B. C. Hornbuckle; T. T. Sasaki; G. S. Bigelow; R. D. Noebe; M. L. Weaver and G. B. Thompson,Materials Science and Engineering: A,Structure–property relationships in a precipitation strengthened Ni–29.7Ti–20Hf (at%) shape memory alloy,2015,50,29.7,143,Ni50.0Ti29.7Hf20.3 %,20.3
B. C. Hornbuckle; T. T. Sasaki; G. S. Bigelow; R. D. Noebe; M. L. Weaver and G. B. Thompson,Materials Science and Engineering: A,Structure–property relationships in a precipitation strengthened Ni–29.7Ti–20Hf (at%) shape memory alloy,2015,50,29.7,145,Ni50.0Ti29.7Hf20.3 %,20.3
B. C. Hornbuckle; T. T. Sasaki; G. S. Bigelow; R. D. Noebe; M. L. Weaver and G. B. Thompson,Materials Science and Engineering: A,Structure–property relationships in a precipitation strengthened Ni–29.7Ti–20Hf (at%) shape memory alloy,2015,50,29.7,140,Ni50.0Ti29.7Hf20.3 %,20.3
B. C. Hornbuckle; T. T. Sasaki; G. S. Bigelow; R. D. Noebe; M. L. Weaver and G. B. Thompson,Materials Science and Engineering: A,Structure–property relationships in a precipitation strengthened Ni–29.7Ti–20Hf (at%) shape memory alloy,2015,50,29.7,151,Ni50.0Ti29.7Hf20.3 %,20.3
B. C. Hornbuckle; T. T. Sasaki; G. S. Bigelow; R. D. Noebe; M. L. Weaver and G. B. Thompson,Materials Science and Engineering: A,Structure–property relationships in a precipitation strengthened Ni–29.7Ti–20Hf (at%) shape memory alloy,2015,50,29.7,158,Ni50.0Ti29.7Hf20.3 %,20.3
B. C. Hornbuckle; T. T. Sasaki; G. S. Bigelow; R. D. Noebe; M. L. Weaver and G. B. Thompson,Materials Science and Engineering: A,Structure–property relationships in a precipitation strengthened Ni–29.7Ti–20Hf (at%) shape memory alloy,2015,50,29.7,167,Ni50.0Ti29.7Hf20.3 %,20.3
B. C. Hornbuckle; T. T. Sasaki; G. S. Bigelow; R. D. Noebe; M. L. Weaver and G. B. Thompson,Materials Science and Engineering: A,Structure–property relationships in a precipitation strengthened Ni–29.7Ti–20Hf (at%) shape memory alloy,2015,50,29.7,172,Ni50.0Ti29.7Hf20.3 %,20.3
B. C. Hornbuckle; T. T. Sasaki; G. S. Bigelow; R. D. Noebe; M. L. Weaver and G. B. Thompson,Materials Science and Engineering: A,Structure–property relationships in a precipitation strengthened Ni–29.7Ti–20Hf (at%) shape memory alloy,2015,50,29.7,181,Ni50.0Ti29.7Hf20.3 %,20.3
B. C. Hornbuckle; T. T. Sasaki; G. S. Bigelow; R. D. Noebe; M. L. Weaver and G. B. Thompson,Materials Science and Engineering: A,Structure–property relationships in a precipitation strengthened Ni–29.7Ti–20Hf (at%) shape memory alloy,2015,50,29.7,191,Ni50.0Ti29.7Hf20.3 %,20.3
D. H. D. Hsu; B. C. Hornbuckle; B. Valderrama; F. Barrie; H. B. Henderson; G. B. Thompson and M. V. Manuel,Journal of Alloys and Compounds,The effect of aluminum additions on the thermal; microstructural; and mechanical behavior of NiTiHf shape memory alloys,2015,50,30,290,Ni50.0Ti30.0Hf20.0 %,20
D. H. D. Hsu; B. C. Hornbuckle; B. Valderrama; F. Barrie; H. B. Henderson; G. B. Thompson and M. V. Manuel,Journal of Alloys and Compounds,The effect of aluminum additions on the thermal; microstructural; and mechanical behavior of NiTiHf shape memory alloys,2015,50,30,290,Ni50.0Ti30.0Hf20.0 %,20
D. H. D. Hsu; B. C. Hornbuckle; B. Valderrama; F. Barrie; H. B. Henderson; G. B. Thompson and M. V. Manuel,Journal of Alloys and Compounds,The effect of aluminum additions on the thermal; microstructural; and mechanical behavior of NiTiHf shape memory alloys,2015,50,30,290,Ni50.0Ti30.0Hf20.0 %,20
D. H. D. Hsu; B. C. Hornbuckle; B. Valderrama; F. Barrie; H. B. Henderson; G. B. Thompson and M. V. Manuel,Journal of Alloys and Compounds,The effect of aluminum additions on the thermal; microstructural; and mechanical behavior of NiTiHf shape memory alloys,2015,50,30,290,Ni50.0Ti30.0Hf20.0 %,20
D. H. D. Hsu; B. C. Hornbuckle; B. Valderrama; F. Barrie; H. B. Henderson; G. B. Thompson and M. V. Manuel,Journal of Alloys and Compounds,The effect of aluminum additions on the thermal; microstructural; and mechanical behavior of NiTiHf shape memory alloys,2015,50,30,295,Ni50.0Ti30.0Hf20.0 %,20
D. H. D. Hsu; B. C. Hornbuckle; B. Valderrama; F. Barrie; H. B. Henderson; G. B. Thompson and M. V. Manuel,Journal of Alloys and Compounds,The effect of aluminum additions on the thermal; microstructural; and mechanical behavior of NiTiHf shape memory alloys,2015,50,30,298,Ni50.0Ti30.0Hf20.0 %,20
D. H. D. Hsu; B. C. Hornbuckle; B. Valderrama; F. Barrie; H. B. Henderson; G. B. Thompson and M. V. Manuel,Journal of Alloys and Compounds,The effect of aluminum additions on the thermal; microstructural; and mechanical behavior of NiTiHf shape memory alloys,2015,50,30,291,Ni50.0Ti30.0Hf20.0 %,20
D. H. D. Hsu; B. C. Hornbuckle; B. Valderrama; F. Barrie; H. B. Henderson; G. B. Thompson and M. V. Manuel,Journal of Alloys and Compounds,The effect of aluminum additions on the thermal; microstructural; and mechanical behavior of NiTiHf shape memory alloys,2015,50,30,292,Ni50.0Ti30.0Hf20.0 %,20
D. H. D. Hsu; B. C. Hornbuckle; B. Valderrama; F. Barrie; H. B. Henderson; G. B. Thompson and M. V. Manuel,Journal of Alloys and Compounds,The effect of aluminum additions on the thermal; microstructural; and mechanical behavior of NiTiHf shape memory alloys,2015,50,30,277,Ni50.0Ti30.0Hf20.0 %,20
D. H. D. Hsu; B. C. Hornbuckle; B. Valderrama; F. Barrie; H. B. Henderson; G. B. Thompson and M. V. Manuel,Journal of Alloys and Compounds,The effect of aluminum additions on the thermal; microstructural; and mechanical behavior of NiTiHf shape memory alloys,2015,50,30,278,Ni50.0Ti30.0Hf20.0 %,20
D. H. D. Hsu; B. C. Hornbuckle; B. Valderrama; F. Barrie; H. B. Henderson; G. B. Thompson and M. V. Manuel,Journal of Alloys and Compounds,The effect of aluminum additions on the thermal; microstructural; and mechanical behavior of NiTiHf shape memory alloys,2015,50,30,278,Ni50.0Ti30.0Hf20.0 %,20
D. H. D. Hsu; B. C. Hornbuckle; B. Valderrama; F. Barrie; H. B. Henderson; G. B. Thompson and M. V. Manuel,Journal of Alloys and Compounds,The effect of aluminum additions on the thermal; microstructural; and mechanical behavior of NiTiHf shape memory alloys,2015,50,30,281,Ni50.0Ti30.0Hf20.0 %,20
D. H. D. Hsu; B. C. Hornbuckle; B. Valderrama; F. Barrie; H. B. Henderson; G. B. Thompson and M. V. Manuel,Journal of Alloys and Compounds,The effect of aluminum additions on the thermal; microstructural; and mechanical behavior of NiTiHf shape memory alloys,2015,50,30,278,Ni50.0Ti30.0Hf20.0 %,20
D. H. D. Hsu; B. C. Hornbuckle; B. Valderrama; F. Barrie; H. B. Henderson; G. B. Thompson and M. V. Manuel,Journal of Alloys and Compounds,The effect of aluminum additions on the thermal; microstructural; and mechanical behavior of NiTiHf shape memory alloys,2015,50,30,279,Ni50.0Ti30.0Hf20.0 %,20
D. H. D. Hsu; B. C. Hornbuckle; B. Valderrama; F. Barrie; H. B. Henderson; G. B. Thompson and M. V. Manuel,Journal of Alloys and Compounds,The effect of aluminum additions on the thermal; microstructural; and mechanical behavior of NiTiHf shape memory alloys,2015,50,30,278,Ni50.0Ti30.0Hf20.0 %,20
D. H. D. Hsu; B. C. Hornbuckle; B. Valderrama; F. Barrie; H. B. Henderson; G. B. Thompson and M. V. Manuel,Journal of Alloys and Compounds,The effect of aluminum additions on the thermal; microstructural; and mechanical behavior of NiTiHf shape memory alloys,2015,50,30,278,Ni50.0Ti30.0Hf20.0 %,20
D. Angst; P. Thoma and M. Kao,Journal de Physique IV,The Effect of Hafnium Content on the Transformation Temperatures of Ni49Ti51-xHfx. Shape Memory Alloys,1995,50,40,103,Ni50.0Ti40.0Hf10.0 %,10
T. Umale; D. Salas; B. Tomes; R. Arroyave and I. Karaman,Scripta Materialia,The effects of wide range of compositional changes on the martensitic transformation characteristics of NiTiHf shape memory alloys,2019,50,45,90,Ni50.0Ti45.0Hf5.0 %,5
T. Umale; D. Salas; B. Tomes; R. Arroyave and I. Karaman,Scripta Materialia,The effects of wide range of compositional changes on the martensitic transformation characteristics of NiTiHf shape memory alloys,2019,50,40,133,Ni50.0Ti40.0Hf10.0 %,10
T. Umale; D. Salas; B. Tomes; R. Arroyave and I. Karaman,Scripta Materialia,The effects of wide range of compositional changes on the martensitic transformation characteristics of NiTiHf shape memory alloys,2019,50,35,207,Ni50.0Ti35.0Hf15.0 %,15
T. Umale; D. Salas; B. Tomes; R. Arroyave and I. Karaman,Scripta Materialia,The effects of wide range of compositional changes on the martensitic transformation characteristics of NiTiHf shape memory alloys,2019,50,30,298,Ni50.0Ti30.0Hf20.0 %,20
T. Umale; D. Salas; B. Tomes; R. Arroyave and I. Karaman,Scripta Materialia,The effects of wide range of compositional changes on the martensitic transformation characteristics of NiTiHf shape memory alloys,2019,50,25,380,Ni50.0Ti25.0Hf25.0 %,25
T. Umale; D. Salas; B. Tomes; R. Arroyave and I. Karaman,Scripta Materialia,The effects of wide range of compositional changes on the martensitic transformation characteristics of NiTiHf shape memory alloys,2019,50,20,522,Ni50.0Ti20.0Hf30.0 %,30
H. D. Gu; L. You; K. M. Leung; C. Y. Chung; K. S. Chan and J. K. L. Lai,Applied Surface Science,Growth of TiNiHf shape memory alloy thin films by laser ablation of composite targets,1998,50.04,36.63,44,Ni50.04Ti36.63Hf13.33 %,13.33
R. Santamarta; A. Evirgen; A. M. Perez-Sierra; J. Pons; E. Cesari; I. Karaman and R. D. Noebe,Shape Memory and Superelasticity,Effect of Thermal Treatments on Ni–Mn–Ga and Ni-Rich Ni–Ti–Hf/Zr High-Temperature Shape Memory Alloys,2015,50.1,24.9,180,Ni50.1Ti24.9Hf25.0 %,25
R. Santamarta; A. Evirgen; A. M. Perez-Sierra; J. Pons; E. Cesari; I. Karaman and R. D. Noebe,Shape Memory and Superelasticity,Effect of Thermal Treatments on Ni–Mn–Ga and Ni-Rich Ni–Ti–Hf/Zr High-Temperature Shape Memory Alloys,2015,50.1,24.9,65,Ni50.1Ti24.9Hf25.0 %,25
P. E. Thoma and J. J. Boehm,Materials Science and Engineering: A,Effect of composition on the amount of second phase and transformation temperatures of NixTi90−xHf10 shape memory alloys,1999,50.2,39.8,73,Ni50.2Ti39.8Hf10.0 %,10
A. I. Tagiltsev; N. Y. Surikov; E. Y. Panchenko; Y. I. Chumlyakov and I. Karaman,Russian Physics Journal,Special Features of Functional Properties of Heterophase High-Strength Ni50.2Ti37.3Hf12.5 Polycrystals and Single Crystals,2019,50.2,37.3,-75,Ni50.2Ti37.3Hf12.5 %,12.5
A. I. Tagiltsev; N. Y. Surikov; E. Y. Panchenko; Y. I. Chumlyakov and I. Karaman,Russian Physics Journal,Special Features of Functional Properties of Heterophase High-Strength Ni50.2Ti37.3Hf12.5 Polycrystals and Single Crystals,2019,50.2,37.3,95,Ni50.2Ti37.3Hf12.5 %,12.5
D. Angst; P. Thoma and M. Kao,Journal de Physique IV,The Effect of Hafnium Content on the Transformation Temperatures of Ni49Ti51-xHfx. Shape Memory Alloys,1995,50.2,39.8,54,Ni50.2Ti39.8Hf10.0 %,10
D. N. Abujudom; M. Y. Kao; P. E. Thoma and D. R. Angst,US5114504,High transformation temperature shape memory alloy,1992,50.25,39.75,53,Ni50.25Ti39.75Hf10.0 %,10
D. N. Abujudom; M. Y. Kao; P. E. Thoma and D. R. Angst,US5114504,High transformation temperature shape memory alloy,1992,50.25,37.25,124,Ni50.25Ti37.25Hf12.5 %,12.5
D. N. Abujudom; M. Y. Kao; P. E. Thoma and D. R. Angst,US5114504,High transformation temperature shape memory alloy,1992,50.25,34.75,184,Ni50.25Ti34.75Hf15.0 %,15
M. Moshref-Javadi; S. H. Seyedein; M. T. Salehi and M. R. Aboutalebi,Acta Materialia,Age-induced multi-stage transformation in a Ni-rich NiTiHf alloy,2013,50.3,34.7,38,Ni50.3Ti34.7Hf15.0 %,15
M. Moshref-Javadi; S. H. Seyedein; M. T. Salehi and M. R. Aboutalebi,Acta Materialia,Age-induced multi-stage transformation in a Ni-rich NiTiHf alloy,2013,50.3,34.7,41,Ni50.3Ti34.7Hf15.0 %,15
M. Moshref-Javadi; S. H. Seyedein; M. T. Salehi and M. R. Aboutalebi,Acta Materialia,Age-induced multi-stage transformation in a Ni-rich NiTiHf alloy,2013,50.3,34.7,182,Ni50.3Ti34.7Hf15.0 %,15
M. Moshref-Javadi; S. H. Seyedein; M. T. Salehi and M. R. Aboutalebi,Acta Materialia,Age-induced multi-stage transformation in a Ni-rich NiTiHf alloy,2013,50.3,34.7,67,Ni50.3Ti34.7Hf15.0 %,15
M. Moshref-Javadi; S. H. Seyedein; M. T. Salehi and M. R. Aboutalebi,Acta Materialia,Age-induced multi-stage transformation in a Ni-rich NiTiHf alloy,2013,50.3,34.7,185,Ni50.3Ti34.7Hf15.0 %,15
M. Moshref-Javadi; S. H. Seyedein; M. T. Salehi and M. R. Aboutalebi,Acta Materialia,Age-induced multi-stage transformation in a Ni-rich NiTiHf alloy,2013,50.3,34.7,104,Ni50.3Ti34.7Hf15.0 %,15
M. Moshref-Javadi; S. H. Seyedein; M. T. Salehi and M. R. Aboutalebi,Acta Materialia,Age-induced multi-stage transformation in a Ni-rich NiTiHf alloy,2013,50.3,34.7,146,Ni50.3Ti34.7Hf15.0 %,15
M. Moshref-Javadi; S. H. Seyedein; M. T. Salehi and M. R. Aboutalebi,Acta Materialia,Age-induced multi-stage transformation in a Ni-rich NiTiHf alloy,2013,50.3,34.7,187,Ni50.3Ti34.7Hf15.0 %,15
M. Moshref-Javadi; S. H. Seyedein; M. T. Salehi and M. R. Aboutalebi,Acta Materialia,Age-induced multi-stage transformation in a Ni-rich NiTiHf alloy,2013,50.3,34.7,41,Ni50.3Ti34.7Hf15.0 %,15
M. Moshref-Javadi; S. H. Seyedein; M. T. Salehi and M. R. Aboutalebi,Acta Materialia,Age-induced multi-stage transformation in a Ni-rich NiTiHf alloy,2013,50.3,34.7,202,Ni50.3Ti34.7Hf15.0 %,15
M. Moshref-Javadi; S. H. Seyedein; M. T. Salehi and M. R. Aboutalebi,Acta Materialia,Age-induced multi-stage transformation in a Ni-rich NiTiHf alloy,2013,50.3,34.7,69,Ni50.3Ti34.7Hf15.0 %,15
M. Moshref-Javadi; S. H. Seyedein; M. T. Salehi and M. R. Aboutalebi,Acta Materialia,Age-induced multi-stage transformation in a Ni-rich NiTiHf alloy,2013,50.3,34.7,201,Ni50.3Ti34.7Hf15.0 %,15
M. Moshref-Javadi; S. H. Seyedein; M. T. Salehi and M. R. Aboutalebi,Acta Materialia,Age-induced multi-stage transformation in a Ni-rich NiTiHf alloy,2013,50.3,34.7,105,Ni50.3Ti34.7Hf15.0 %,15
M. Moshref-Javadi; S. H. Seyedein; M. T. Salehi and M. R. Aboutalebi,Acta Materialia,Age-induced multi-stage transformation in a Ni-rich NiTiHf alloy,2013,50.3,34.7,148,Ni50.3Ti34.7Hf15.0 %,15
M. Moshref-Javadi; S. H. Seyedein; M. T. Salehi and M. R. Aboutalebi,Acta Materialia,Age-induced multi-stage transformation in a Ni-rich NiTiHf alloy,2013,50.3,34.7,203,Ni50.3Ti34.7Hf15.0 %,15
G. S. Ded,Mechanical Engineering,Characterization of Ni-rich NiTiHf based high temperature shape memory alloys,2010,50.3,29.7,117,Ni50.3Ti29.7Hf20.0 %,20
G. S. Ded,Mechanical Engineering,Characterization of Ni-rich NiTiHf based high temperature shape memory alloys,2010,50.3,29.7,137,Ni50.3Ti29.7Hf20.0 %,20
G. S. Ded,Mechanical Engineering,Characterization of Ni-rich NiTiHf based high temperature shape memory alloys,2010,50.3,29.7,140,Ni50.3Ti29.7Hf20.0 %,20
G. S. Ded,Mechanical Engineering,Characterization of Ni-rich NiTiHf based high temperature shape memory alloys,2010,50.3,29.7,116,Ni50.3Ti29.7Hf20.0 %,20
G. S. Ded,Mechanical Engineering,Characterization of Ni-rich NiTiHf based high temperature shape memory alloys,2010,50.3,29.7,113,Ni50.3Ti29.7Hf20.0 %,20
G. S. Ded,Mechanical Engineering,Characterization of Ni-rich NiTiHf based high temperature shape memory alloys,2010,50.3,29.7,111,Ni50.3Ti29.7Hf20.0 %,20
G. S. Ded,Mechanical Engineering,Characterization of Ni-rich NiTiHf based high temperature shape memory alloys,2010,50.3,29.7,109,Ni50.3Ti29.7Hf20.0 %,20
G. S. Ded,Mechanical Engineering,Characterization of Ni-rich NiTiHf based high temperature shape memory alloys,2010,50.3,29.7,105,Ni50.3Ti29.7Hf20.0 %,20
G. S. Ded,Mechanical Engineering,Characterization of Ni-rich NiTiHf based high temperature shape memory alloys,2010,50.3,29.7,106,Ni50.3Ti29.7Hf20.0 %,20
G. S. Ded,Mechanical Engineering,Characterization of Ni-rich NiTiHf based high temperature shape memory alloys,2010,50.3,29.7,115,Ni50.3Ti29.7Hf20.0 %,20
G. S. Ded,Mechanical Engineering,Characterization of Ni-rich NiTiHf based high temperature shape memory alloys,2010,50.3,29.7,109,Ni50.3Ti29.7Hf20.0 %,20
G. S. Ded,Mechanical Engineering,Characterization of Ni-rich NiTiHf based high temperature shape memory alloys,2010,50.3,29.7,108,Ni50.3Ti29.7Hf20.0 %,20
G. S. Ded,Mechanical Engineering,Characterization of Ni-rich NiTiHf based high temperature shape memory alloys,2010,50.3,29.7,106,Ni50.3Ti29.7Hf20.0 %,20
G. S. Ded,Mechanical Engineering,Characterization of Ni-rich NiTiHf based high temperature shape memory alloys,2010,50.3,29.7,107,Ni50.3Ti29.7Hf20.0 %,20
G. S. Ded,Mechanical Engineering,Characterization of Ni-rich NiTiHf based high temperature shape memory alloys,2010,50.3,29.7,102,Ni50.3Ti29.7Hf20.0 %,20
G. S. Ded,Mechanical Engineering,Characterization of Ni-rich NiTiHf based high temperature shape memory alloys,2010,50.3,29.7,100,Ni50.3Ti29.7Hf20.0 %,20
G. S. Ded,Mechanical Engineering,Characterization of Ni-rich NiTiHf based high temperature shape memory alloys,2010,50.3,29.7,103,Ni50.3Ti29.7Hf20.0 %,20
G. S. Ded,Mechanical Engineering,Characterization of Ni-rich NiTiHf based high temperature shape memory alloys,2010,50.3,29.7,102,Ni50.3Ti29.7Hf20.0 %,20
G. S. Ded,Mechanical Engineering,Characterization of Ni-rich NiTiHf based high temperature shape memory alloys,2010,50.3,29.7,98,Ni50.3Ti29.7Hf20.0 %,20
G. S. Ded,Mechanical Engineering,Characterization of Ni-rich NiTiHf based high temperature shape memory alloys,2010,50.3,29.7,97,Ni50.3Ti29.7Hf20.0 %,20
G. S. Ded,Mechanical Engineering,Characterization of Ni-rich NiTiHf based high temperature shape memory alloys,2010,50.3,29.7,97,Ni50.3Ti29.7Hf20.0 %,20
G. S. Ded,Mechanical Engineering,Characterization of Ni-rich NiTiHf based high temperature shape memory alloys,2010,50.3,29.7,110,Ni50.3Ti29.7Hf20.0 %,20
G. S. Ded,Mechanical Engineering,Characterization of Ni-rich NiTiHf based high temperature shape memory alloys,2010,50.3,29.7,112,Ni50.3Ti29.7Hf20.0 %,20
G. S. Ded,Mechanical Engineering,Characterization of Ni-rich NiTiHf based high temperature shape memory alloys,2010,50.3,29.7,117,Ni50.3Ti29.7Hf20.0 %,20
G. S. Ded,Mechanical Engineering,Characterization of Ni-rich NiTiHf based high temperature shape memory alloys,2010,50.3,29.7,116,Ni50.3Ti29.7Hf20.0 %,20
G. S. Ded,Mechanical Engineering,Characterization of Ni-rich NiTiHf based high temperature shape memory alloys,2010,50.3,29.7,151,Ni50.3Ti29.7Hf20.0 %,20
G. S. Ded,Mechanical Engineering,Characterization of Ni-rich NiTiHf based high temperature shape memory alloys,2010,50.3,29.7,127,Ni50.3Ti29.7Hf20.0 %,20
G. S. Ded,Mechanical Engineering,Characterization of Ni-rich NiTiHf based high temperature shape memory alloys,2010,50.3,29.7,127,Ni50.3Ti29.7Hf20.0 %,20
G. S. Ded,Mechanical Engineering,Characterization of Ni-rich NiTiHf based high temperature shape memory alloys,2010,50.3,29.7,157,Ni50.3Ti29.7Hf20.0 %,20
G. S. Ded,Mechanical Engineering,Characterization of Ni-rich NiTiHf based high temperature shape memory alloys,2010,50.3,29.7,141,Ni50.3Ti29.7Hf20.0 %,20
G. S. Ded,Mechanical Engineering,Characterization of Ni-rich NiTiHf based high temperature shape memory alloys,2010,50.3,29.7,142,Ni50.3Ti29.7Hf20.0 %,20
G. S. Ded,Mechanical Engineering,Characterization of Ni-rich NiTiHf based high temperature shape memory alloys,2010,50.3,29.7,142,Ni50.3Ti29.7Hf20.0 %,20
G. S. Ded,Mechanical Engineering,Characterization of Ni-rich NiTiHf based high temperature shape memory alloys,2010,50.3,29.7,165,Ni50.3Ti29.7Hf20.0 %,20
G. S. Ded,Mechanical Engineering,Characterization of Ni-rich NiTiHf based high temperature shape memory alloys,2010,50.3,29.7,148,Ni50.3Ti29.7Hf20.0 %,20
G. S. Ded,Mechanical Engineering,Characterization of Ni-rich NiTiHf based high temperature shape memory alloys,2010,50.3,29.7,155,Ni50.3Ti29.7Hf20.0 %,20
G. S. Ded,Mechanical Engineering,Characterization of Ni-rich NiTiHf based high temperature shape memory alloys,2010,50.3,29.7,162,Ni50.3Ti29.7Hf20.0 %,20
G. S. Ded,Mechanical Engineering,Characterization of Ni-rich NiTiHf based high temperature shape memory alloys,2010,50.3,29.7,130,Ni50.3Ti29.7Hf20.0 %,20
G. S. Ded,Mechanical Engineering,Characterization of Ni-rich NiTiHf based high temperature shape memory alloys,2010,50.3,29.7,162,Ni50.3Ti29.7Hf20.0 %,20
G. S. Ded,Mechanical Engineering,Characterization of Ni-rich NiTiHf based high temperature shape memory alloys,2010,50.3,29.7,178,Ni50.3Ti29.7Hf20.0 %,20
G. S. Ded,Mechanical Engineering,Characterization of Ni-rich NiTiHf based high temperature shape memory alloys,2010,50.3,29.7,169,Ni50.3Ti29.7Hf20.0 %,20
G. S. Ded,Mechanical Engineering,Characterization of Ni-rich NiTiHf based high temperature shape memory alloys,2010,50.3,29.7,169,Ni50.3Ti29.7Hf20.0 %,20
G. S. Ded,Mechanical Engineering,Characterization of Ni-rich NiTiHf based high temperature shape memory alloys,2010,50.3,29.7,172,Ni50.3Ti29.7Hf20.0 %,20
G. S. Ded,Mechanical Engineering,Characterization of Ni-rich NiTiHf based high temperature shape memory alloys,2010,50.3,29.7,172,Ni50.3Ti29.7Hf20.0 %,20
G. S. Ded,Mechanical Engineering,Characterization of Ni-rich NiTiHf based high temperature shape memory alloys,2010,50.3,29.7,173,Ni50.3Ti29.7Hf20.0 %,20
G. S. Ded,Mechanical Engineering,Characterization of Ni-rich NiTiHf based high temperature shape memory alloys,2010,50.3,29.7,168,Ni50.3Ti29.7Hf20.0 %,20
G. S. Ded,Mechanical Engineering,Characterization of Ni-rich NiTiHf based high temperature shape memory alloys,2010,50.3,29.7,149,Ni50.3Ti29.7Hf20.0 %,20
G. S. Ded,Mechanical Engineering,Characterization of Ni-rich NiTiHf based high temperature shape memory alloys,2010,50.3,29.7,155,Ni50.3Ti29.7Hf20.0 %,20
G. S. Ded,Mechanical Engineering,Characterization of Ni-rich NiTiHf based high temperature shape memory alloys,2010,50.3,29.7,124,Ni50.3Ti29.7Hf20.0 %,20
G. S. Ded,Mechanical Engineering,Characterization of Ni-rich NiTiHf based high temperature shape memory alloys,2010,50.3,29.7,127,Ni50.3Ti29.7Hf20.0 %,20
G. S. Ded,Mechanical Engineering,Characterization of Ni-rich NiTiHf based high temperature shape memory alloys,2010,50.3,29.7,129,Ni50.3Ti29.7Hf20.0 %,20
G. S. Ded,Mechanical Engineering,Characterization of Ni-rich NiTiHf based high temperature shape memory alloys,2010,50.3,29.7,137,Ni50.3Ti29.7Hf20.0 %,20
G. S. Ded,Mechanical Engineering,Characterization of Ni-rich NiTiHf based high temperature shape memory alloys,2010,50.3,29.7,138,Ni50.3Ti29.7Hf20.0 %,20
G. S. Ded,Mechanical Engineering,Characterization of Ni-rich NiTiHf based high temperature shape memory alloys,2010,50.3,29.7,148,Ni50.3Ti29.7Hf20.0 %,20
G. S. Ded,Mechanical Engineering,Characterization of Ni-rich NiTiHf based high temperature shape memory alloys,2010,50.3,29.7,149,Ni50.3Ti29.7Hf20.0 %,20
G. S. Ded,Mechanical Engineering,Characterization of Ni-rich NiTiHf based high temperature shape memory alloys,2010,50.3,29.7,159,Ni50.3Ti29.7Hf20.0 %,20
G. S. Ded,Mechanical Engineering,Characterization of Ni-rich NiTiHf based high temperature shape memory alloys,2010,50.3,29.7,169,Ni50.3Ti29.7Hf20.0 %,20
G. S. Ded,Mechanical Engineering,Characterization of Ni-rich NiTiHf based high temperature shape memory alloys,2010,50.3,29.7,180,Ni50.3Ti29.7Hf20.0 %,20
G. S. Ded,Mechanical Engineering,Characterization of Ni-rich NiTiHf based high temperature shape memory alloys,2010,50.3,29.7,189,Ni50.3Ti29.7Hf20.0 %,20
G. S. Ded,Mechanical Engineering,Characterization of Ni-rich NiTiHf based high temperature shape memory alloys,2010,50.3,29.7,174,Ni50.3Ti29.7Hf20.0 %,20
G. S. Ded,Mechanical Engineering,Characterization of Ni-rich NiTiHf based high temperature shape memory alloys,2010,50.3,29.7,182,Ni50.3Ti29.7Hf20.0 %,20
G. S. Ded,Mechanical Engineering,Characterization of Ni-rich NiTiHf based high temperature shape memory alloys,2010,50.3,29.7,191,Ni50.3Ti29.7Hf20.0 %,20
G. S. Ded,Mechanical Engineering,Characterization of Ni-rich NiTiHf based high temperature shape memory alloys,2010,50.3,29.7,201,Ni50.3Ti29.7Hf20.0 %,20
G. S. Ded,Mechanical Engineering,Characterization of Ni-rich NiTiHf based high temperature shape memory alloys,2010,50.3,29.7,210,Ni50.3Ti29.7Hf20.0 %,20
B. Amin-Ahmadi; J. G. Pauza; A. Shamimi; T. W. Duerig; R. D. Noebe and A. P. Stebner,Scripta Materialia,Coherency strains of H-phase precipitates and their influence on functional properties of nickel-titanium-hafnium shape memory alloys,2018,50.3,41.7,-7,Ni50.3Ti41.7Hf8.0 %,8
B. Amin-Ahmadi; J. G. Pauza; A. Shamimi; T. W. Duerig; R. D. Noebe and A. P. Stebner,Scripta Materialia,Coherency strains of H-phase precipitates and their influence on functional properties of nickel-titanium-hafnium shape memory alloys,2018,50.3,41.7,-19,Ni50.3Ti41.7Hf8.0 %,8
B. Amin-Ahmadi; J. G. Pauza; A. Shamimi; T. W. Duerig; R. D. Noebe and A. P. Stebner,Scripta Materialia,Coherency strains of H-phase precipitates and their influence on functional properties of nickel-titanium-hafnium shape memory alloys,2018,50.3,41.7,-34,Ni50.3Ti41.7Hf8.0 %,8
B. Amin-Ahmadi; J. G. Pauza; A. Shamimi; T. W. Duerig; R. D. Noebe and A. P. Stebner,Scripta Materialia,Coherency strains of H-phase precipitates and their influence on functional properties of nickel-titanium-hafnium shape memory alloys,2018,50.3,41.7,-65,Ni50.3Ti41.7Hf8.0 %,8
A. N. Bucsek; G. A. Hudish; G. S. Bigelow; R. D. Noebe and A. P. Stebner,Shape Memory and Superelasticity,Composition; Compatibility; and the Functional Performances of Ternary NiTiX High-Temperature Shape Memory Alloys,2016,50.3,25.6,257,Ni50.3Ti25.6Hf24.1 %,24.1
A. N. Bucsek; G. A. Hudish; G. S. Bigelow; R. D. Noebe and A. P. Stebner,Shape Memory and Superelasticity,Composition; Compatibility; and the Functional Performances of Ternary NiTiX High-Temperature Shape Memory Alloys,2016,50.3,25.6,261,Ni50.3Ti25.6Hf24.1 %,24.1
A. N. Bucsek; G. A. Hudish; G. S. Bigelow; R. D. Noebe and A. P. Stebner,Shape Memory and Superelasticity,Composition; Compatibility; and the Functional Performances of Ternary NiTiX High-Temperature Shape Memory Alloys,2016,50.3,25.6,273,Ni50.3Ti25.6Hf24.1 %,24.1
A. N. Bucsek; G. A. Hudish; G. S. Bigelow; R. D. Noebe and A. P. Stebner,Shape Memory and Superelasticity,Composition; Compatibility; and the Functional Performances of Ternary NiTiX High-Temperature Shape Memory Alloys,2016,50.3,25.6,288,Ni50.3Ti25.6Hf24.1 %,24.1
A. N. Bucsek; G. A. Hudish; G. S. Bigelow; R. D. Noebe and A. P. Stebner,Shape Memory and Superelasticity,Composition; Compatibility; and the Functional Performances of Ternary NiTiX High-Temperature Shape Memory Alloys,2016,50.3,25.6,304,Ni50.3Ti25.6Hf24.1 %,24.1
M. Prasher; D. Sen; J. Bahadur; R. Tewari and M. Krishnan,Journal of Alloys and Compounds,Correlative SANS and TEM investigation on precipitation kinetics of H-phase in Ni50.3Ti29.7Hf20 high temperature shape memory alloy,2019,50.3,29.7,183,Ni50.3Ti29.7Hf20.0 %,20
M. Prasher; D. Sen; J. Bahadur; R. Tewari and M. Krishnan,Journal of Alloys and Compounds,Correlative SANS and TEM investigation on precipitation kinetics of H-phase in Ni50.3Ti29.7Hf20 high temperature shape memory alloy,2019,50.3,29.7,213,Ni50.3Ti29.7Hf20.0 %,20
M. Prasher; D. Sen; J. Bahadur; R. Tewari and M. Krishnan,Journal of Alloys and Compounds,Correlative SANS and TEM investigation on precipitation kinetics of H-phase in Ni50.3Ti29.7Hf20 high temperature shape memory alloy,2019,50.3,29.7,207,Ni50.3Ti29.7Hf20.0 %,20
M. Prasher; D. Sen; J. Bahadur; R. Tewari and M. Krishnan,Journal of Alloys and Compounds,Correlative SANS and TEM investigation on precipitation kinetics of H-phase in Ni50.3Ti29.7Hf20 high temperature shape memory alloy,2019,50.3,29.7,204,Ni50.3Ti29.7Hf20.0 %,20
M. Prasher; D. Sen; J. Bahadur; R. Tewari and M. Krishnan,Journal of Alloys and Compounds,Correlative SANS and TEM investigation on precipitation kinetics of H-phase in Ni50.3Ti29.7Hf20 high temperature shape memory alloy,2019,50.3,29.7,210,Ni50.3Ti29.7Hf20.0 %,20
M. Prasher; D. Sen; J. Bahadur; R. Tewari and M. Krishnan,Journal of Alloys and Compounds,Correlative SANS and TEM investigation on precipitation kinetics of H-phase in Ni50.3Ti29.7Hf20 high temperature shape memory alloy,2019,50.3,29.7,211,Ni50.3Ti29.7Hf20.0 %,20
M. Prasher; D. Sen; J. Bahadur; R. Tewari and M. Krishnan,Journal of Alloys and Compounds,Correlative SANS and TEM investigation on precipitation kinetics of H-phase in Ni50.3Ti29.7Hf20 high temperature shape memory alloy,2019,50.3,29.7,214,Ni50.3Ti29.7Hf20.0 %,20
M. Prasher; D. Sen; J. Bahadur; R. Tewari and M. Krishnan,Journal of Alloys and Compounds,Correlative SANS and TEM investigation on precipitation kinetics of H-phase in Ni50.3Ti29.7Hf20 high temperature shape memory alloy,2019,50.3,29.7,211,Ni50.3Ti29.7Hf20.0 %,20
M. Prasher; D. Sen; J. Bahadur; R. Tewari and M. Krishnan,Journal of Alloys and Compounds,Correlative SANS and TEM investigation on precipitation kinetics of H-phase in Ni50.3Ti29.7Hf20 high temperature shape memory alloy,2019,50.3,29.7,216,Ni50.3Ti29.7Hf20.0 %,20
M. Prasher; D. Sen; J. Bahadur; R. Tewari and M. Krishnan,Journal of Alloys and Compounds,Correlative SANS and TEM investigation on precipitation kinetics of H-phase in Ni50.3Ti29.7Hf20 high temperature shape memory alloy,2019,50.3,29.7,216,Ni50.3Ti29.7Hf20.0 %,20
M. Prasher; D. Sen; J. Bahadur; R. Tewari and M. Krishnan,Journal of Alloys and Compounds,Correlative SANS and TEM investigation on precipitation kinetics of H-phase in Ni50.3Ti29.7Hf20 high temperature shape memory alloy,2019,50.3,29.7,207,Ni50.3Ti29.7Hf20.0 %,20
M. Prasher; D. Sen; J. Bahadur; R. Tewari and M. Krishnan,Journal of Alloys and Compounds,Correlative SANS and TEM investigation on precipitation kinetics of H-phase in Ni50.3Ti29.7Hf20 high temperature shape memory alloy,2019,50.3,29.7,202,Ni50.3Ti29.7Hf20.0 %,20
M. Prasher; D. Sen; J. Bahadur; R. Tewari and M. Krishnan,Journal of Alloys and Compounds,Correlative SANS and TEM investigation on precipitation kinetics of H-phase in Ni50.3Ti29.7Hf20 high temperature shape memory alloy,2019,50.3,29.7,213,Ni50.3Ti29.7Hf20.0 %,20
M. Prasher; D. Sen; J. Bahadur; R. Tewari and M. Krishnan,Journal of Alloys and Compounds,Correlative SANS and TEM investigation on precipitation kinetics of H-phase in Ni50.3Ti29.7Hf20 high temperature shape memory alloy,2019,50.3,29.7,221,Ni50.3Ti29.7Hf20.0 %,20
B. Amin-Ahmadi; R. D. Noebe and A. P. Stebner,Scripta Materialia,Crack propagation mechanisms of an aged nickel-titanium-hafnium shape memory alloy,2019,50.3,41.2,-8,Ni50.3Ti41.2Hf8.5 %,8.5
H. H. Saygili; H. O. Tugrul and B. Kockar,Shape Memory and Superelasticity,Effect of Aging Heat Treatment on the High Cycle Fatigue Life of Ni50.3Ti29.7Hf20 High-Temperature Shape Memory Alloy,2019,50.3,29.7,75,Ni50.3Ti29.7Hf20.0 %,20
H. H. Saygili; H. O. Tugrul and B. Kockar,Shape Memory and Superelasticity,Effect of Aging Heat Treatment on the High Cycle Fatigue Life of Ni50.3Ti29.7Hf20 High-Temperature Shape Memory Alloy,2019,50.3,29.7,140,Ni50.3Ti29.7Hf20.0 %,20
H. H. Saygili; H. O. Tugrul and B. Kockar,Shape Memory and Superelasticity,Effect of Aging Heat Treatment on the High Cycle Fatigue Life of Ni50.3Ti29.7Hf20 High-Temperature Shape Memory Alloy,2019,50.3,29.7,82,Ni50.3Ti29.7Hf20.0 %,20
H. H. Saygili; H. O. Tugrul and B. Kockar,Shape Memory and Superelasticity,Effect of Aging Heat Treatment on the High Cycle Fatigue Life of Ni50.3Ti29.7Hf20 High-Temperature Shape Memory Alloy,2019,50.3,29.7,90,Ni50.3Ti29.7Hf20.0 %,20
H. H. Saygili; H. O. Tugrul and B. Kockar,Shape Memory and Superelasticity,Effect of Aging Heat Treatment on the High Cycle Fatigue Life of Ni50.3Ti29.7Hf20 High-Temperature Shape Memory Alloy,2019,50.3,29.7,92,Ni50.3Ti29.7Hf20.0 %,20
H. H. Saygili; H. O. Tugrul and B. Kockar,Shape Memory and Superelasticity,Effect of Aging Heat Treatment on the High Cycle Fatigue Life of Ni50.3Ti29.7Hf20 High-Temperature Shape Memory Alloy,2019,50.3,29.7,96,Ni50.3Ti29.7Hf20.0 %,20
H. H. Saygili; H. O. Tugrul and B. Kockar,Shape Memory and Superelasticity,Effect of Aging Heat Treatment on the High Cycle Fatigue Life of Ni50.3Ti29.7Hf20 High-Temperature Shape Memory Alloy,2019,50.3,29.7,100,Ni50.3Ti29.7Hf20.0 %,20
H. H. Saygili; H. O. Tugrul and B. Kockar,Shape Memory and Superelasticity,Effect of Aging Heat Treatment on the High Cycle Fatigue Life of Ni50.3Ti29.7Hf20 High-Temperature Shape Memory Alloy,2019,50.3,29.7,140,Ni50.3Ti29.7Hf20.0 %,20
H. H. Saygili; H. O. Tugrul and B. Kockar,Shape Memory and Superelasticity,Effect of Aging Heat Treatment on the High Cycle Fatigue Life of Ni50.3Ti29.7Hf20 High-Temperature Shape Memory Alloy,2019,50.3,29.7,137,Ni50.3Ti29.7Hf20.0 %,20
H. H. Saygili; H. O. Tugrul and B. Kockar,Shape Memory and Superelasticity,Effect of Aging Heat Treatment on the High Cycle Fatigue Life of Ni50.3Ti29.7Hf20 High-Temperature Shape Memory Alloy,2019,50.3,29.7,136,Ni50.3Ti29.7Hf20.0 %,20
H. H. Saygili; H. O. Tugrul and B. Kockar,Shape Memory and Superelasticity,Effect of Aging Heat Treatment on the High Cycle Fatigue Life of Ni50.3Ti29.7Hf20 High-Temperature Shape Memory Alloy,2019,50.3,29.7,135,Ni50.3Ti29.7Hf20.0 %,20
H. H. Saygili; H. O. Tugrul and B. Kockar,Shape Memory and Superelasticity,Effect of Aging Heat Treatment on the High Cycle Fatigue Life of Ni50.3Ti29.7Hf20 High-Temperature Shape Memory Alloy,2019,50.3,29.7,136,Ni50.3Ti29.7Hf20.0 %,20
H. H. Saygili; H. O. Tugrul and B. Kockar,Shape Memory and Superelasticity,Effect of Aging Heat Treatment on the High Cycle Fatigue Life of Ni50.3Ti29.7Hf20 High-Temperature Shape Memory Alloy,2019,50.3,29.7,138,Ni50.3Ti29.7Hf20.0 %,20
H. H. Saygili; H. O. Tugrul and B. Kockar,Shape Memory and Superelasticity,Effect of Aging Heat Treatment on the High Cycle Fatigue Life of Ni50.3Ti29.7Hf20 High-Temperature Shape Memory Alloy,2019,50.3,29.7,146,Ni50.3Ti29.7Hf20.0 %,20
H. H. Saygili; H. O. Tugrul and B. Kockar,Shape Memory and Superelasticity,Effect of Aging Heat Treatment on the High Cycle Fatigue Life of Ni50.3Ti29.7Hf20 High-Temperature Shape Memory Alloy,2019,50.3,29.7,153,Ni50.3Ti29.7Hf20.0 %,20
H. H. Saygili; H. O. Tugrul and B. Kockar,Shape Memory and Superelasticity,Effect of Aging Heat Treatment on the High Cycle Fatigue Life of Ni50.3Ti29.7Hf20 High-Temperature Shape Memory Alloy,2019,50.3,29.7,165,Ni50.3Ti29.7Hf20.0 %,20
H. H. Saygili; H. O. Tugrul and B. Kockar,Shape Memory and Superelasticity,Effect of Aging Heat Treatment on the High Cycle Fatigue Life of Ni50.3Ti29.7Hf20 High-Temperature Shape Memory Alloy,2019,50.3,29.7,180,Ni50.3Ti29.7Hf20.0 %,20
H. H. Saygili; H. O. Tugrul and B. Kockar,Shape Memory and Superelasticity,Effect of Aging Heat Treatment on the High Cycle Fatigue Life of Ni50.3Ti29.7Hf20 High-Temperature Shape Memory Alloy,2019,50.3,29.7,189,Ni50.3Ti29.7Hf20.0 %,20
H. H. Saygili; H. O. Tugrul and B. Kockar,Shape Memory and Superelasticity,Effect of Aging Heat Treatment on the High Cycle Fatigue Life of Ni50.3Ti29.7Hf20 High-Temperature Shape Memory Alloy,2019,50.3,29.7,208,Ni50.3Ti29.7Hf20.0 %,20
A. Evirgen; F. Basner; I. Karaman; R. D. Noebe; J. Pons and R. Santamarta,Functional Materials Letters,Effect of aging on the martensitic transformation characteristics of a Ni-rich NiTiHf high temperature shape memory alloy,2012,50.3,34.7,10,Ni50.3Ti34.7Hf15.0 %,15
A. Evirgen; F. Basner; I. Karaman; R. D. Noebe; J. Pons and R. Santamarta,Functional Materials Letters,Effect of aging on the martensitic transformation characteristics of a Ni-rich NiTiHf high temperature shape memory alloy,2012,50.3,34.7,-22,Ni50.3Ti34.7Hf15.0 %,15
A. Evirgen; F. Basner; I. Karaman; R. D. Noebe; J. Pons and R. Santamarta,Functional Materials Letters,Effect of aging on the martensitic transformation characteristics of a Ni-rich NiTiHf high temperature shape memory alloy,2012,50.3,34.7,-47,Ni50.3Ti34.7Hf15.0 %,15
A. Evirgen; F. Basner; I. Karaman; R. D. Noebe; J. Pons and R. Santamarta,Functional Materials Letters,Effect of aging on the martensitic transformation characteristics of a Ni-rich NiTiHf high temperature shape memory alloy,2012,50.3,34.7,-10,Ni50.3Ti34.7Hf15.0 %,15
A. Evirgen; F. Basner; I. Karaman; R. D. Noebe; J. Pons and R. Santamarta,Functional Materials Letters,Effect of aging on the martensitic transformation characteristics of a Ni-rich NiTiHf high temperature shape memory alloy,2012,50.3,34.7,-50,Ni50.3Ti34.7Hf15.0 %,15
A. Evirgen; F. Basner; I. Karaman; R. D. Noebe; J. Pons and R. Santamarta,Functional Materials Letters,Effect of aging on the martensitic transformation characteristics of a Ni-rich NiTiHf high temperature shape memory alloy,2012,50.3,34.7,-12,Ni50.3Ti34.7Hf15.0 %,15
A. Evirgen; F. Basner; I. Karaman; R. D. Noebe; J. Pons and R. Santamarta,Functional Materials Letters,Effect of aging on the martensitic transformation characteristics of a Ni-rich NiTiHf high temperature shape memory alloy,2012,50.3,34.7,20,Ni50.3Ti34.7Hf15.0 %,15
A. Evirgen; F. Basner; I. Karaman; R. D. Noebe; J. Pons and R. Santamarta,Functional Materials Letters,Effect of aging on the martensitic transformation characteristics of a Ni-rich NiTiHf high temperature shape memory alloy,2012,50.3,34.7,-10,Ni50.3Ti34.7Hf15.0 %,15
A. Evirgen; F. Basner; I. Karaman; R. D. Noebe; J. Pons and R. Santamarta,Functional Materials Letters,Effect of aging on the martensitic transformation characteristics of a Ni-rich NiTiHf high temperature shape memory alloy,2012,50.3,34.7,34,Ni50.3Ti34.7Hf15.0 %,15
A. Evirgen; F. Basner; I. Karaman; R. D. Noebe; J. Pons and R. Santamarta,Functional Materials Letters,Effect of aging on the martensitic transformation characteristics of a Ni-rich NiTiHf high temperature shape memory alloy,2012,50.3,34.7,11,Ni50.3Ti34.7Hf15.0 %,15
A. Evirgen; F. Basner; I. Karaman; R. D. Noebe; J. Pons and R. Santamarta,Functional Materials Letters,Effect of aging on the martensitic transformation characteristics of a Ni-rich NiTiHf high temperature shape memory alloy,2012,50.3,34.7,40,Ni50.3Ti34.7Hf15.0 %,15
A. Evirgen; F. Basner; I. Karaman; R. D. Noebe; J. Pons and R. Santamarta,Functional Materials Letters,Effect of aging on the martensitic transformation characteristics of a Ni-rich NiTiHf high temperature shape memory alloy,2012,50.3,34.7,56,Ni50.3Ti34.7Hf15.0 %,15
A. Evirgen; F. Basner; I. Karaman; R. D. Noebe; J. Pons and R. Santamarta,Functional Materials Letters,Effect of aging on the martensitic transformation characteristics of a Ni-rich NiTiHf high temperature shape memory alloy,2012,50.3,34.7,48,Ni50.3Ti34.7Hf15.0 %,15
A. Evirgen; F. Basner; I. Karaman; R. D. Noebe; J. Pons and R. Santamarta,Functional Materials Letters,Effect of aging on the martensitic transformation characteristics of a Ni-rich NiTiHf high temperature shape memory alloy,2012,50.3,34.7,60,Ni50.3Ti34.7Hf15.0 %,15
A. Evirgen; F. Basner; I. Karaman; R. D. Noebe; J. Pons and R. Santamarta,Functional Materials Letters,Effect of aging on the martensitic transformation characteristics of a Ni-rich NiTiHf high temperature shape memory alloy,2012,50.3,34.7,48,Ni50.3Ti34.7Hf15.0 %,15
A. Evirgen; F. Basner; I. Karaman; R. D. Noebe; J. Pons and R. Santamarta,Functional Materials Letters,Effect of aging on the martensitic transformation characteristics of a Ni-rich NiTiHf high temperature shape memory alloy,2012,50.3,34.7,67,Ni50.3Ti34.7Hf15.0 %,15
A. Evirgen; F. Basner; I. Karaman; R. D. Noebe; J. Pons and R. Santamarta,Functional Materials Letters,Effect of aging on the martensitic transformation characteristics of a Ni-rich NiTiHf high temperature shape memory alloy,2012,50.3,34.7,114,Ni50.3Ti34.7Hf15.0 %,15
A. Evirgen; F. Basner; I. Karaman; R. D. Noebe; J. Pons and R. Santamarta,Functional Materials Letters,Effect of aging on the martensitic transformation characteristics of a Ni-rich NiTiHf high temperature shape memory alloy,2012,50.3,34.7,67,Ni50.3Ti34.7Hf15.0 %,15
A. Evirgen; F. Basner; I. Karaman; R. D. Noebe; J. Pons and R. Santamarta,Functional Materials Letters,Effect of aging on the martensitic transformation characteristics of a Ni-rich NiTiHf high temperature shape memory alloy,2012,50.3,34.7,100,Ni50.3Ti34.7Hf15.0 %,15
A. Evirgen; F. Basner; I. Karaman; R. D. Noebe; J. Pons and R. Santamarta,Functional Materials Letters,Effect of aging on the martensitic transformation characteristics of a Ni-rich NiTiHf high temperature shape memory alloy,2012,50.3,34.7,93,Ni50.3Ti34.7Hf15.0 %,15
A. Evirgen; F. Basner; I. Karaman; R. D. Noebe; J. Pons and R. Santamarta,Functional Materials Letters,Effect of aging on the martensitic transformation characteristics of a Ni-rich NiTiHf high temperature shape memory alloy,2012,50.3,34.7,104,Ni50.3Ti34.7Hf15.0 %,15
R. Santamarta; A. Evirgen; A. M. Perez-Sierra; J. Pons; E. Cesari; I. Karaman and R. D. Noebe,Shape Memory and Superelasticity,Effect of Thermal Treatments on Ni–Mn–Ga and Ni-Rich Ni–Ti–Hf/Zr High-Temperature Shape Memory Alloys,2015,50.3,29.7,222,Ni50.3Ti29.7Hf20.0 %,20
R. Santamarta; A. Evirgen; A. M. Perez-Sierra; J. Pons; E. Cesari; I. Karaman and R. D. Noebe,Shape Memory and Superelasticity,Effect of Thermal Treatments on Ni–Mn–Ga and Ni-Rich Ni–Ti–Hf/Zr High-Temperature Shape Memory Alloys,2015,50.3,29.7,222,Ni50.3Ti29.7Hf20.0 %,20
R. Santamarta; A. Evirgen; A. M. Perez-Sierra; J. Pons; E. Cesari; I. Karaman and R. D. Noebe,Shape Memory and Superelasticity,Effect of Thermal Treatments on Ni–Mn–Ga and Ni-Rich Ni–Ti–Hf/Zr High-Temperature Shape Memory Alloys,2015,50.3,29.7,174,Ni50.3Ti29.7Hf20.0 %,20
R. Santamarta; A. Evirgen; A. M. Perez-Sierra; J. Pons; E. Cesari; I. Karaman and R. D. Noebe,Shape Memory and Superelasticity,Effect of Thermal Treatments on Ni–Mn–Ga and Ni-Rich Ni–Ti–Hf/Zr High-Temperature Shape Memory Alloys,2015,50.3,29.7,133,Ni50.3Ti29.7Hf20.0 %,20
R. Santamarta; A. Evirgen; A. M. Perez-Sierra; J. Pons; E. Cesari; I. Karaman and R. D. Noebe,Shape Memory and Superelasticity,Effect of Thermal Treatments on Ni–Mn–Ga and Ni-Rich Ni–Ti–Hf/Zr High-Temperature Shape Memory Alloys,2015,50.3,29.7,193,Ni50.3Ti29.7Hf20.0 %,20
R. Santamarta; A. Evirgen; A. M. Perez-Sierra; J. Pons; E. Cesari; I. Karaman and R. D. Noebe,Shape Memory and Superelasticity,Effect of Thermal Treatments on Ni–Mn–Ga and Ni-Rich Ni–Ti–Hf/Zr High-Temperature Shape Memory Alloys,2015,50.3,29.7,179,Ni50.3Ti29.7Hf20.0 %,20
H. E. Karaca; S. M. Saghaian; G. Ded; H. Tobe; B. Basaran; H. J. Maier; R. D. Noebe and Y. I. Chumlyakov,Acta Materialia,Effects of nanoprecipitation on the shape memory and material properties of an Ni-rich NiTiHf high temperature shape memory alloy,2013,50.3,29.7,118,Ni50.3Ti29.7Hf20.0 %,20
H. E. Karaca; S. M. Saghaian; G. Ded; H. Tobe; B. Basaran; H. J. Maier; R. D. Noebe and Y. I. Chumlyakov,Acta Materialia,Effects of nanoprecipitation on the shape memory and material properties of an Ni-rich NiTiHf high temperature shape memory alloy,2013,50.3,29.7,105,Ni50.3Ti29.7Hf20.0 %,20
H. E. Karaca; S. M. Saghaian; G. Ded; H. Tobe; B. Basaran; H. J. Maier; R. D. Noebe and Y. I. Chumlyakov,Acta Materialia,Effects of nanoprecipitation on the shape memory and material properties of an Ni-rich NiTiHf high temperature shape memory alloy,2013,50.3,29.7,109,Ni50.3Ti29.7Hf20.0 %,20
H. E. Karaca; S. M. Saghaian; G. Ded; H. Tobe; B. Basaran; H. J. Maier; R. D. Noebe and Y. I. Chumlyakov,Acta Materialia,Effects of nanoprecipitation on the shape memory and material properties of an Ni-rich NiTiHf high temperature shape memory alloy,2013,50.3,29.7,103,Ni50.3Ti29.7Hf20.0 %,20
H. E. Karaca; S. M. Saghaian; G. Ded; H. Tobe; B. Basaran; H. J. Maier; R. D. Noebe and Y. I. Chumlyakov,Acta Materialia,Effects of nanoprecipitation on the shape memory and material properties of an Ni-rich NiTiHf high temperature shape memory alloy,2013,50.3,29.7,102,Ni50.3Ti29.7Hf20.0 %,20
H. E. Karaca; S. M. Saghaian; G. Ded; H. Tobe; B. Basaran; H. J. Maier; R. D. Noebe and Y. I. Chumlyakov,Acta Materialia,Effects of nanoprecipitation on the shape memory and material properties of an Ni-rich NiTiHf high temperature shape memory alloy,2013,50.3,29.7,103,Ni50.3Ti29.7Hf20.0 %,20
H. E. Karaca; S. M. Saghaian; G. Ded; H. Tobe; B. Basaran; H. J. Maier; R. D. Noebe and Y. I. Chumlyakov,Acta Materialia,Effects of nanoprecipitation on the shape memory and material properties of an Ni-rich NiTiHf high temperature shape memory alloy,2013,50.3,29.7,97,Ni50.3Ti29.7Hf20.0 %,20
H. E. Karaca; S. M. Saghaian; G. Ded; H. Tobe; B. Basaran; H. J. Maier; R. D. Noebe and Y. I. Chumlyakov,Acta Materialia,Effects of nanoprecipitation on the shape memory and material properties of an Ni-rich NiTiHf high temperature shape memory alloy,2013,50.3,29.7,98,Ni50.3Ti29.7Hf20.0 %,20
H. E. Karaca; S. M. Saghaian; G. Ded; H. Tobe; B. Basaran; H. J. Maier; R. D. Noebe and Y. I. Chumlyakov,Acta Materialia,Effects of nanoprecipitation on the shape memory and material properties of an Ni-rich NiTiHf high temperature shape memory alloy,2013,50.3,29.7,114,Ni50.3Ti29.7Hf20.0 %,20
H. E. Karaca; S. M. Saghaian; G. Ded; H. Tobe; B. Basaran; H. J. Maier; R. D. Noebe and Y. I. Chumlyakov,Acta Materialia,Effects of nanoprecipitation on the shape memory and material properties of an Ni-rich NiTiHf high temperature shape memory alloy,2013,50.3,29.7,118,Ni50.3Ti29.7Hf20.0 %,20
H. E. Karaca; S. M. Saghaian; G. Ded; H. Tobe; B. Basaran; H. J. Maier; R. D. Noebe and Y. I. Chumlyakov,Acta Materialia,Effects of nanoprecipitation on the shape memory and material properties of an Ni-rich NiTiHf high temperature shape memory alloy,2013,50.3,29.7,152,Ni50.3Ti29.7Hf20.0 %,20
H. E. Karaca; S. M. Saghaian; G. Ded; H. Tobe; B. Basaran; H. J. Maier; R. D. Noebe and Y. I. Chumlyakov,Acta Materialia,Effects of nanoprecipitation on the shape memory and material properties of an Ni-rich NiTiHf high temperature shape memory alloy,2013,50.3,29.7,127,Ni50.3Ti29.7Hf20.0 %,20
H. E. Karaca; S. M. Saghaian; G. Ded; H. Tobe; B. Basaran; H. J. Maier; R. D. Noebe and Y. I. Chumlyakov,Acta Materialia,Effects of nanoprecipitation on the shape memory and material properties of an Ni-rich NiTiHf high temperature shape memory alloy,2013,50.3,29.7,157,Ni50.3Ti29.7Hf20.0 %,20
H. E. Karaca; S. M. Saghaian; G. Ded; H. Tobe; B. Basaran; H. J. Maier; R. D. Noebe and Y. I. Chumlyakov,Acta Materialia,Effects of nanoprecipitation on the shape memory and material properties of an Ni-rich NiTiHf high temperature shape memory alloy,2013,50.3,29.7,142,Ni50.3Ti29.7Hf20.0 %,20
H. E. Karaca; S. M. Saghaian; G. Ded; H. Tobe; B. Basaran; H. J. Maier; R. D. Noebe and Y. I. Chumlyakov,Acta Materialia,Effects of nanoprecipitation on the shape memory and material properties of an Ni-rich NiTiHf high temperature shape memory alloy,2013,50.3,29.7,165,Ni50.3Ti29.7Hf20.0 %,20
H. E. Karaca; S. M. Saghaian; G. Ded; H. Tobe; B. Basaran; H. J. Maier; R. D. Noebe and Y. I. Chumlyakov,Acta Materialia,Effects of nanoprecipitation on the shape memory and material properties of an Ni-rich NiTiHf high temperature shape memory alloy,2013,50.3,29.7,149,Ni50.3Ti29.7Hf20.0 %,20
H. E. Karaca; S. M. Saghaian; G. Ded; H. Tobe; B. Basaran; H. J. Maier; R. D. Noebe and Y. I. Chumlyakov,Acta Materialia,Effects of nanoprecipitation on the shape memory and material properties of an Ni-rich NiTiHf high temperature shape memory alloy,2013,50.3,29.7,163,Ni50.3Ti29.7Hf20.0 %,20
H. E. Karaca; S. M. Saghaian; G. Ded; H. Tobe; B. Basaran; H. J. Maier; R. D. Noebe and Y. I. Chumlyakov,Acta Materialia,Effects of nanoprecipitation on the shape memory and material properties of an Ni-rich NiTiHf high temperature shape memory alloy,2013,50.3,29.7,172,Ni50.3Ti29.7Hf20.0 %,20
H. E. Karaca; S. M. Saghaian; G. Ded; H. Tobe; B. Basaran; H. J. Maier; R. D. Noebe and Y. I. Chumlyakov,Acta Materialia,Effects of nanoprecipitation on the shape memory and material properties of an Ni-rich NiTiHf high temperature shape memory alloy,2013,50.3,29.7,156,Ni50.3Ti29.7Hf20.0 %,20
H. E. Karaca; S. M. Saghaian; G. Ded; H. Tobe; B. Basaran; H. J. Maier; R. D. Noebe and Y. I. Chumlyakov,Acta Materialia,Effects of nanoprecipitation on the shape memory and material properties of an Ni-rich NiTiHf high temperature shape memory alloy,2013,50.3,29.7,137,Ni50.3Ti29.7Hf20.0 %,20
H. E. Karaca; S. M. Saghaian; G. Ded; H. Tobe; B. Basaran; H. J. Maier; R. D. Noebe and Y. I. Chumlyakov,Acta Materialia,Effects of nanoprecipitation on the shape memory and material properties of an Ni-rich NiTiHf high temperature shape memory alloy,2013,50.3,29.7,151,Ni50.3Ti29.7Hf20.0 %,20
H. E. Karaca; S. M. Saghaian; G. Ded; H. Tobe; B. Basaran; H. J. Maier; R. D. Noebe and Y. I. Chumlyakov,Acta Materialia,Effects of nanoprecipitation on the shape memory and material properties of an Ni-rich NiTiHf high temperature shape memory alloy,2013,50.3,29.7,152,Ni50.3Ti29.7Hf20.0 %,20
H. E. Karaca; S. M. Saghaian; G. Ded; H. Tobe; B. Basaran; H. J. Maier; R. D. Noebe and Y. I. Chumlyakov,Acta Materialia,Effects of nanoprecipitation on the shape memory and material properties of an Ni-rich NiTiHf high temperature shape memory alloy,2013,50.3,29.7,162,Ni50.3Ti29.7Hf20.0 %,20
H. E. Karaca; S. M. Saghaian; G. Ded; H. Tobe; B. Basaran; H. J. Maier; R. D. Noebe and Y. I. Chumlyakov,Acta Materialia,Effects of nanoprecipitation on the shape memory and material properties of an Ni-rich NiTiHf high temperature shape memory alloy,2013,50.3,29.7,171,Ni50.3Ti29.7Hf20.0 %,20
H. E. Karaca; S. M. Saghaian; G. Ded; H. Tobe; B. Basaran; H. J. Maier; R. D. Noebe and Y. I. Chumlyakov,Acta Materialia,Effects of nanoprecipitation on the shape memory and material properties of an Ni-rich NiTiHf high temperature shape memory alloy,2013,50.3,29.7,180,Ni50.3Ti29.7Hf20.0 %,20
H. E. Karaca; S. M. Saghaian; G. Ded; H. Tobe; B. Basaran; H. J. Maier; R. D. Noebe and Y. I. Chumlyakov,Acta Materialia,Effects of nanoprecipitation on the shape memory and material properties of an Ni-rich NiTiHf high temperature shape memory alloy,2013,50.3,29.7,195,Ni50.3Ti29.7Hf20.0 %,20
H. E. Karaca; S. M. Saghaian; G. Ded; H. Tobe; B. Basaran; H. J. Maier; R. D. Noebe and Y. I. Chumlyakov,Acta Materialia,Effects of nanoprecipitation on the shape memory and material properties of an Ni-rich NiTiHf high temperature shape memory alloy,2013,50.3,29.7,217,Ni50.3Ti29.7Hf20.0 %,20
H. E. Karaca; S. M. Saghaian; G. Ded; H. Tobe; B. Basaran; H. J. Maier; R. D. Noebe and Y. I. Chumlyakov,Acta Materialia,Effects of nanoprecipitation on the shape memory and material properties of an Ni-rich NiTiHf high temperature shape memory alloy,2013,50.3,29.7,226,Ni50.3Ti29.7Hf20.0 %,20
H. E. Karaca; S. M. Saghaian; G. Ded; H. Tobe; B. Basaran; H. J. Maier; R. D. Noebe and Y. I. Chumlyakov,Acta Materialia,Effects of nanoprecipitation on the shape memory and material properties of an Ni-rich NiTiHf high temperature shape memory alloy,2013,50.3,29.7,205,Ni50.3Ti29.7Hf20.0 %,20
H. E. Karaca; S. M. Saghaian; G. Ded; H. Tobe; B. Basaran; H. J. Maier; R. D. Noebe and Y. I. Chumlyakov,Acta Materialia,Effects of nanoprecipitation on the shape memory and material properties of an Ni-rich NiTiHf high temperature shape memory alloy,2013,50.3,29.7,233,Ni50.3Ti29.7Hf20.0 %,20
H. E. Karaca; S. M. Saghaian; G. Ded; H. Tobe; B. Basaran; H. J. Maier; R. D. Noebe and Y. I. Chumlyakov,Acta Materialia,Effects of nanoprecipitation on the shape memory and material properties of an Ni-rich NiTiHf high temperature shape memory alloy,2013,50.3,29.7,191,Ni50.3Ti29.7Hf20.0 %,20
H. E. Karaca; S. M. Saghaian; G. Ded; H. Tobe; B. Basaran; H. J. Maier; R. D. Noebe and Y. I. Chumlyakov,Acta Materialia,Effects of nanoprecipitation on the shape memory and material properties of an Ni-rich NiTiHf high temperature shape memory alloy,2013,50.3,29.7,196,Ni50.3Ti29.7Hf20.0 %,20
H. E. Karaca; S. M. Saghaian; G. Ded; H. Tobe; B. Basaran; H. J. Maier; R. D. Noebe and Y. I. Chumlyakov,Acta Materialia,Effects of nanoprecipitation on the shape memory and material properties of an Ni-rich NiTiHf high temperature shape memory alloy,2013,50.3,29.7,210,Ni50.3Ti29.7Hf20.0 %,20
H. E. Karaca; S. M. Saghaian; G. Ded; H. Tobe; B. Basaran; H. J. Maier; R. D. Noebe and Y. I. Chumlyakov,Acta Materialia,Effects of nanoprecipitation on the shape memory and material properties of an Ni-rich NiTiHf high temperature shape memory alloy,2013,50.3,29.7,222,Ni50.3Ti29.7Hf20.0 %,20
H. E. Karaca; S. M. Saghaian; G. Ded; H. Tobe; B. Basaran; H. J. Maier; R. D. Noebe and Y. I. Chumlyakov,Acta Materialia,Effects of nanoprecipitation on the shape memory and material properties of an Ni-rich NiTiHf high temperature shape memory alloy,2013,50.3,29.7,234,Ni50.3Ti29.7Hf20.0 %,20
O. Karakoc; A. Demblon; R. W. Wheeler; D. C. Lagoudas and I. Karaman,AIAA Scitech 2019 Forum,Effects of testing parameters on the fatigue performance NiTiHf high temperature shape memory alloys,2019,50.3,29.7,160,Ni50.3Ti29.7Hf20.0 %,20
O. Karakoc; A. Demblon; R. W. Wheeler; D. C. Lagoudas and I. Karaman,AIAA Scitech 2019 Forum,Effects of testing parameters on the fatigue performance NiTiHf high temperature shape memory alloys,2019,50.3,29.7,150,Ni50.3Ti29.7Hf20.0 %,20
O. Karakoc; A. Demblon; R. W. Wheeler; D. C. Lagoudas and I. Karaman,AIAA Scitech 2019 Forum,Effects of testing parameters on the fatigue performance NiTiHf high temperature shape memory alloys,2019,50.3,29.7,204,Ni50.3Ti29.7Hf20.0 %,20
O. Karakoc; A. Demblon; R. W. Wheeler; D. C. Lagoudas and I. Karaman,AIAA Scitech 2019 Forum,Effects of testing parameters on the fatigue performance NiTiHf high temperature shape memory alloys,2019,50.3,29.7,225,Ni50.3Ti29.7Hf20.0 %,20
O. Karakoc; A. Demblon; R. W. Wheeler; D. C. Lagoudas and I. Karaman,AIAA Scitech 2019 Forum,Effects of testing parameters on the fatigue performance NiTiHf high temperature shape memory alloys,2019,50.3,29.7,204,Ni50.3Ti29.7Hf20.0 %,20
O. Karakoc; A. Demblon; R. W. Wheeler; D. C. Lagoudas and I. Karaman,AIAA Scitech 2019 Forum,Effects of testing parameters on the fatigue performance NiTiHf high temperature shape memory alloys,2019,50.3,29.7,250,Ni50.3Ti29.7Hf20.0 %,20
O. Karakoc; C. Hayrettin; M. Bass; S. J. Wang; D. Canadinc; J. H. Mabe; D. C. Lagoudas and I. Karaman,Acta Materialia,Effects of upper cycle temperature on the actuation fatigue response of NiTiHf high temperature shape memory alloys,2017,50.3,29.7,169,Ni50.3Ti29.7Hf20.0 %,20
O. Karakoc; C. Hayrettin; M. Bass; S. J. Wang; D. Canadinc; J. H. Mabe; D. C. Lagoudas and I. Karaman,Acta Materialia,Effects of upper cycle temperature on the actuation fatigue response of NiTiHf high temperature shape memory alloys,2017,50.3,29.7,191,Ni50.3Ti29.7Hf20.0 %,20
O. Karakoc; C. Hayrettin; M. Bass; S. J. Wang; D. Canadinc; J. H. Mabe; D. C. Lagoudas and I. Karaman,Acta Materialia,Effects of upper cycle temperature on the actuation fatigue response of NiTiHf high temperature shape memory alloys,2017,50.3,29.7,149,Ni50.3Ti29.7Hf20.0 %,20
O. Karakoc; C. Hayrettin; M. Bass; S. J. Wang; D. Canadinc; J. H. Mabe; D. C. Lagoudas and I. Karaman,Acta Materialia,Effects of upper cycle temperature on the actuation fatigue response of NiTiHf high temperature shape memory alloys,2017,50.3,29.7,190,Ni50.3Ti29.7Hf20.0 %,20
O. Karakoc; C. Hayrettin; M. Bass; S. J. Wang; D. Canadinc; J. H. Mabe; D. C. Lagoudas and I. Karaman,Acta Materialia,Effects of upper cycle temperature on the actuation fatigue response of NiTiHf high temperature shape memory alloys,2017,50.3,29.7,221,Ni50.3Ti29.7Hf20.0 %,20
O. Karakoc; C. Hayrettin; M. Bass; S. J. Wang; D. Canadinc; J. H. Mabe; D. C. Lagoudas and I. Karaman,Acta Materialia,Effects of upper cycle temperature on the actuation fatigue response of NiTiHf high temperature shape memory alloys,2017,50.3,29.7,209,Ni50.3Ti29.7Hf20.0 %,20
O. Karakoc; C. Hayrettin; M. Bass; S. J. Wang; D. Canadinc; J. H. Mabe; D. C. Lagoudas and I. Karaman,Acta Materialia,Effects of upper cycle temperature on the actuation fatigue response of NiTiHf high temperature shape memory alloys,2017,50.3,29.7,156,Ni50.3Ti29.7Hf20.0 %,20
O. Karakoc; C. Hayrettin; M. Bass; S. J. Wang; D. Canadinc; J. H. Mabe; D. C. Lagoudas and I. Karaman,Acta Materialia,Effects of upper cycle temperature on the actuation fatigue response of NiTiHf high temperature shape memory alloys,2017,50.3,29.7,187,Ni50.3Ti29.7Hf20.0 %,20
O. Karakoc; C. Hayrettin; M. Bass; S. J. Wang; D. Canadinc; J. H. Mabe; D. C. Lagoudas and I. Karaman,Acta Materialia,Effects of upper cycle temperature on the actuation fatigue response of NiTiHf high temperature shape memory alloys,2017,50.3,29.7,168,Ni50.3Ti29.7Hf20.0 %,20
F. R. Phillips; R. W. Wheeler; A. B. Geltmacher and D. C. Lagoudas,International Journal of Fatigue,Evolution of internal damage during actuation fatigue in shape memory alloys,2019,50.3,29.7,178,Ni50.3Ti29.7Hf20.0 %,20
F. R. Phillips; R. W. Wheeler; A. B. Geltmacher and D. C. Lagoudas,International Journal of Fatigue,Evolution of internal damage during actuation fatigue in shape memory alloys,2019,50.3,29.7,178,Ni50.3Ti29.7Hf20.0 %,20
F. R. Phillips; R. W. Wheeler; A. B. Geltmacher and D. C. Lagoudas,International Journal of Fatigue,Evolution of internal damage during actuation fatigue in shape memory alloys,2019,50.3,29.7,173,Ni50.3Ti29.7Hf20.0 %,20
F. R. Phillips; R. W. Wheeler; A. B. Geltmacher and D. C. Lagoudas,International Journal of Fatigue,Evolution of internal damage during actuation fatigue in shape memory alloys,2019,50.3,29.7,175,Ni50.3Ti29.7Hf20.0 %,20
F. R. Phillips; R. W. Wheeler; A. B. Geltmacher and D. C. Lagoudas,International Journal of Fatigue,Evolution of internal damage during actuation fatigue in shape memory alloys,2019,50.3,29.7,178,Ni50.3Ti29.7Hf20.0 %,20
F. R. Phillips; R. W. Wheeler; A. B. Geltmacher and D. C. Lagoudas,International Journal of Fatigue,Evolution of internal damage during actuation fatigue in shape memory alloys,2019,50.3,29.7,205,Ni50.3Ti29.7Hf20.0 %,20
F. R. Phillips; R. W. Wheeler; A. B. Geltmacher and D. C. Lagoudas,International Journal of Fatigue,Evolution of internal damage during actuation fatigue in shape memory alloys,2019,50.3,29.7,242,Ni50.3Ti29.7Hf20.0 %,20
B. Haghgouyan; B. Young; I. Karaman and D. Lagoudas,Behavior and Mechanics of Multifunctional Materials XIII,Fracture toughness of martensitic NiTiHf high-temperature shape memory alloy,2019,50.3,29.7,135,Ni50.3Ti29.7Hf20.0 %,20
S.-W. Kim; J. W. Jo; C. H. Park; J.-K. Hong; J.-T. Yeom and H.-G. Kim,Materials Science and Engineering: A,Fracture toughness of TiNiHf alloys: A hybrid study using in-situ transmission electron microscopy experiments and finite element analyses,2016,50.3,34.7,100,Ni50.3Ti34.7Hf15.0 %,15
W. Abuzaid and H. Sehitoglu,Materials Science and Engineering: A,Functional fatigue of Ni50.3Ti25Hf24.7 – Heterogeneities and evolution of local transformation strains,2017,50.3,25,340,Ni50.3Ti25.0Hf24.7 %,24.7
W. Abuzaid and H. Sehitoglu,Materials Science and Engineering: A,Functional fatigue of Ni50.3Ti25Hf24.7 – Heterogeneities and evolution of local transformation strains,2017,50.3,25,298,Ni50.3Ti25.0Hf24.7 %,24.7
W. Abuzaid and H. Sehitoglu,Materials Science and Engineering: A,Functional fatigue of Ni50.3Ti25Hf24.7 – Heterogeneities and evolution of local transformation strains,2017,50.3,25,308,Ni50.3Ti25.0Hf24.7 %,24.7
W. Abuzaid and H. Sehitoglu,Materials Science and Engineering: A,Functional fatigue of Ni50.3Ti25Hf24.7 – Heterogeneities and evolution of local transformation strains,2017,50.3,25,301,Ni50.3Ti25.0Hf24.7 %,24.7
W. Abuzaid and H. Sehitoglu,Materials Science and Engineering: A,Functional fatigue of Ni50.3Ti25Hf24.7 – Heterogeneities and evolution of local transformation strains,2017,50.3,25,310,Ni50.3Ti25.0Hf24.7 %,24.7
W. Abuzaid and H. Sehitoglu,Materials Science and Engineering: A,Functional fatigue of Ni50.3Ti25Hf24.7 – Heterogeneities and evolution of local transformation strains,2017,50.3,25,306,Ni50.3Ti25.0Hf24.7 %,24.7
W. Abuzaid and H. Sehitoglu,Materials Science and Engineering: A,Functional fatigue of Ni50.3Ti25Hf24.7 – Heterogeneities and evolution of local transformation strains,2017,50.3,25,308,Ni50.3Ti25.0Hf24.7 %,24.7
W. Abuzaid and H. Sehitoglu,Materials Science and Engineering: A,Functional fatigue of Ni50.3Ti25Hf24.7 – Heterogeneities and evolution of local transformation strains,2017,50.3,25,308,Ni50.3Ti25.0Hf24.7 %,24.7
W. Abuzaid and H. Sehitoglu,Materials Science and Engineering: A,Functional fatigue of Ni50.3Ti25Hf24.7 – Heterogeneities and evolution of local transformation strains,2017,50.3,25,313,Ni50.3Ti25.0Hf24.7 %,24.7
W. Abuzaid and H. Sehitoglu,Materials Science and Engineering: A,Functional fatigue of Ni50.3Ti25Hf24.7 – Heterogeneities and evolution of local transformation strains,2017,50.3,25,309,Ni50.3Ti25.0Hf24.7 %,24.7
W. Abuzaid and H. Sehitoglu,Materials Science and Engineering: A,Functional fatigue of Ni50.3Ti25Hf24.7 – Heterogeneities and evolution of local transformation strains,2017,50.3,25,317,Ni50.3Ti25.0Hf24.7 %,24.7
W. Abuzaid and H. Sehitoglu,Materials Science and Engineering: A,Functional fatigue of Ni50.3Ti25Hf24.7 – Heterogeneities and evolution of local transformation strains,2017,50.3,25,319,Ni50.3Ti25.0Hf24.7 %,24.7
W. Abuzaid and H. Sehitoglu,Materials Science and Engineering: A,Functional fatigue of Ni50.3Ti25Hf24.7 – Heterogeneities and evolution of local transformation strains,2017,50.3,25,323,Ni50.3Ti25.0Hf24.7 %,24.7
W. Abuzaid and H. Sehitoglu,Materials Science and Engineering: A,Functional fatigue of Ni50.3Ti25Hf24.7 – Heterogeneities and evolution of local transformation strains,2017,50.3,25,322,Ni50.3Ti25.0Hf24.7 %,24.7
W. Abuzaid and H. Sehitoglu,Materials Science and Engineering: A,Functional fatigue of Ni50.3Ti25Hf24.7 – Heterogeneities and evolution of local transformation strains,2017,50.3,25,324,Ni50.3Ti25.0Hf24.7 %,24.7
W. Abuzaid and H. Sehitoglu,Materials Science and Engineering: A,Functional fatigue of Ni50.3Ti25Hf24.7 – Heterogeneities and evolution of local transformation strains,2017,50.3,25,319,Ni50.3Ti25.0Hf24.7 %,24.7
W. Abuzaid and H. Sehitoglu,Materials Science and Engineering: A,Functional fatigue of Ni50.3Ti25Hf24.7 – Heterogeneities and evolution of local transformation strains,2017,50.3,25,325,Ni50.3Ti25.0Hf24.7 %,24.7
M. Prasher and D. Sen,Journal of Alloys and Compounds,Influence of aging on phase transformation and microstructure of Ni50.3Ti29.7Hf20 high temperature shape memory alloy,2014,50.3,29.7,142,Ni50.3Ti29.7Hf20.0 %,20
M. Prasher and D. Sen,Journal of Alloys and Compounds,Influence of aging on phase transformation and microstructure of Ni50.3Ti29.7Hf20 high temperature shape memory alloy,2014,50.3,29.7,178,Ni50.3Ti29.7Hf20.0 %,20
M. Prasher and D. Sen,Journal of Alloys and Compounds,Influence of aging on phase transformation and microstructure of Ni50.3Ti29.7Hf20 high temperature shape memory alloy,2014,50.3,29.7,177,Ni50.3Ti29.7Hf20.0 %,20
S. M. Kornegay,Metallurgical and Materials Engineering,Influence of zirconium additions on nitinol shape memory phase stability; transformation temperatures; and thermo-mechanical properties,2016,50.3,48.7,-52,Ni50.3Ti48.7Hf1.0 %,1
S. M. Kornegay,Metallurgical and Materials Engineering,Influence of zirconium additions on nitinol shape memory phase stability; transformation temperatures; and thermo-mechanical properties,2016,50.3,48.7,-24,Ni50.3Ti48.7Hf1.0 %,1
S. M. Kornegay,Metallurgical and Materials Engineering,Influence of zirconium additions on nitinol shape memory phase stability; transformation temperatures; and thermo-mechanical properties,2016,50.3,48.7,-9,Ni50.3Ti48.7Hf1.0 %,1
S. M. Kornegay,Metallurgical and Materials Engineering,Influence of zirconium additions on nitinol shape memory phase stability; transformation temperatures; and thermo-mechanical properties,2016,50.3,48.7,17,Ni50.3Ti48.7Hf1.0 %,1
S. M. Kornegay,Metallurgical and Materials Engineering,Influence of zirconium additions on nitinol shape memory phase stability; transformation temperatures; and thermo-mechanical properties,2016,50.3,48.7,25,Ni50.3Ti48.7Hf1.0 %,1
S. M. Kornegay,Metallurgical and Materials Engineering,Influence of zirconium additions on nitinol shape memory phase stability; transformation temperatures; and thermo-mechanical properties,2016,50.3,48.7,32,Ni50.3Ti48.7Hf1.0 %,1
S. M. Kornegay,Metallurgical and Materials Engineering,Influence of zirconium additions on nitinol shape memory phase stability; transformation temperatures; and thermo-mechanical properties,2016,50.3,48.7,15,Ni50.3Ti48.7Hf1.0 %,1
S. M. Kornegay,Metallurgical and Materials Engineering,Influence of zirconium additions on nitinol shape memory phase stability; transformation temperatures; and thermo-mechanical properties,2016,50.3,48.7,28,Ni50.3Ti48.7Hf1.0 %,1
S. M. Kornegay,Metallurgical and Materials Engineering,Influence of zirconium additions on nitinol shape memory phase stability; transformation temperatures; and thermo-mechanical properties,2016,50.3,48.7,24,Ni50.3Ti48.7Hf1.0 %,1
S. M. Kornegay,Metallurgical and Materials Engineering,Influence of zirconium additions on nitinol shape memory phase stability; transformation temperatures; and thermo-mechanical properties,2016,50.3,48.7,16,Ni50.3Ti48.7Hf1.0 %,1
S. M. Kornegay,Metallurgical and Materials Engineering,Influence of zirconium additions on nitinol shape memory phase stability; transformation temperatures; and thermo-mechanical properties,2016,50.3,48.7,38,Ni50.3Ti48.7Hf1.0 %,1
S. M. Kornegay,Metallurgical and Materials Engineering,Influence of zirconium additions on nitinol shape memory phase stability; transformation temperatures; and thermo-mechanical properties,2016,50.3,48.7,33,Ni50.3Ti48.7Hf1.0 %,1
S. M. Kornegay,Metallurgical and Materials Engineering,Influence of zirconium additions on nitinol shape memory phase stability; transformation temperatures; and thermo-mechanical properties,2016,50.3,48.7,46,Ni50.3Ti48.7Hf1.0 %,1
S. M. Kornegay,Metallurgical and Materials Engineering,Influence of zirconium additions on nitinol shape memory phase stability; transformation temperatures; and thermo-mechanical properties,2016,50.3,48.7,45,Ni50.3Ti48.7Hf1.0 %,1
S. M. Kornegay,Metallurgical and Materials Engineering,Influence of zirconium additions on nitinol shape memory phase stability; transformation temperatures; and thermo-mechanical properties,2016,50.3,48.7,59,Ni50.3Ti48.7Hf1.0 %,1
S. M. Kornegay,Metallurgical and Materials Engineering,Influence of zirconium additions on nitinol shape memory phase stability; transformation temperatures; and thermo-mechanical properties,2016,50.3,48.7,19,Ni50.3Ti48.7Hf1.0 %,1
S. M. Kornegay,Metallurgical and Materials Engineering,Influence of zirconium additions on nitinol shape memory phase stability; transformation temperatures; and thermo-mechanical properties,2016,50.3,48.7,27,Ni50.3Ti48.7Hf1.0 %,1
S. M. Kornegay,Metallurgical and Materials Engineering,Influence of zirconium additions on nitinol shape memory phase stability; transformation temperatures; and thermo-mechanical properties,2016,50.3,48.7,23,Ni50.3Ti48.7Hf1.0 %,1
S. M. Kornegay,Metallurgical and Materials Engineering,Influence of zirconium additions on nitinol shape memory phase stability; transformation temperatures; and thermo-mechanical properties,2016,50.3,48.7,22,Ni50.3Ti48.7Hf1.0 %,1
S. M. Kornegay,Metallurgical and Materials Engineering,Influence of zirconium additions on nitinol shape memory phase stability; transformation temperatures; and thermo-mechanical properties,2016,50.3,48.7,36,Ni50.3Ti48.7Hf1.0 %,1
S. M. Kornegay,Metallurgical and Materials Engineering,Influence of zirconium additions on nitinol shape memory phase stability; transformation temperatures; and thermo-mechanical properties,2016,50.3,48.7,36,Ni50.3Ti48.7Hf1.0 %,1
S. M. Kornegay,Metallurgical and Materials Engineering,Influence of zirconium additions on nitinol shape memory phase stability; transformation temperatures; and thermo-mechanical properties,2016,50.3,48.7,28,Ni50.3Ti48.7Hf1.0 %,1
S. M. Kornegay,Metallurgical and Materials Engineering,Influence of zirconium additions on nitinol shape memory phase stability; transformation temperatures; and thermo-mechanical properties,2016,50.3,48.7,17,Ni50.3Ti48.7Hf1.0 %,1
S. M. Kornegay,Metallurgical and Materials Engineering,Influence of zirconium additions on nitinol shape memory phase stability; transformation temperatures; and thermo-mechanical properties,2016,50.3,48.7,22,Ni50.3Ti48.7Hf1.0 %,1
S. M. Kornegay,Metallurgical and Materials Engineering,Influence of zirconium additions on nitinol shape memory phase stability; transformation temperatures; and thermo-mechanical properties,2016,50.3,48.7,46,Ni50.3Ti48.7Hf1.0 %,1
S. M. Kornegay,Metallurgical and Materials Engineering,Influence of zirconium additions on nitinol shape memory phase stability; transformation temperatures; and thermo-mechanical properties,2016,50.3,48.7,49,Ni50.3Ti48.7Hf1.0 %,1
S. M. Kornegay,Metallurgical and Materials Engineering,Influence of zirconium additions on nitinol shape memory phase stability; transformation temperatures; and thermo-mechanical properties,2016,50.3,48.7,62,Ni50.3Ti48.7Hf1.0 %,1
A. Evirgen; I. Karaman; R. Santamarta; J. Pons and R. D. Noebe,Acta Materialia,Microstructural characterization and shape memory characteristics of the Ni50.3Ti34.7Hf15 shape memory alloy,2015,50.3,34.7,11,Ni50.3Ti34.7Hf15.0 %,15
A. Evirgen; I. Karaman; R. Santamarta; J. Pons and R. D. Noebe,Acta Materialia,Microstructural characterization and shape memory characteristics of the Ni50.3Ti34.7Hf15 shape memory alloy,2015,50.3,34.7,-46,Ni50.3Ti34.7Hf15.0 %,15
A. Evirgen; I. Karaman; R. Santamarta; J. Pons and R. D. Noebe,Acta Materialia,Microstructural characterization and shape memory characteristics of the Ni50.3Ti34.7Hf15 shape memory alloy,2015,50.3,34.7,-55,Ni50.3Ti34.7Hf15.0 %,15
A. Evirgen; I. Karaman; R. Santamarta; J. Pons and R. D. Noebe,Acta Materialia,Microstructural characterization and shape memory characteristics of the Ni50.3Ti34.7Hf15 shape memory alloy,2015,50.3,34.7,-39,Ni50.3Ti34.7Hf15.0 %,15
A. Evirgen; I. Karaman; R. Santamarta; J. Pons and R. D. Noebe,Acta Materialia,Microstructural characterization and shape memory characteristics of the Ni50.3Ti34.7Hf15 shape memory alloy,2015,50.3,34.7,-39,Ni50.3Ti34.7Hf15.0 %,15
A. Evirgen; I. Karaman; R. Santamarta; J. Pons and R. D. Noebe,Acta Materialia,Microstructural characterization and shape memory characteristics of the Ni50.3Ti34.7Hf15 shape memory alloy,2015,50.3,34.7,-34,Ni50.3Ti34.7Hf15.0 %,15
A. Evirgen; I. Karaman; R. Santamarta; J. Pons and R. D. Noebe,Acta Materialia,Microstructural characterization and shape memory characteristics of the Ni50.3Ti34.7Hf15 shape memory alloy,2015,50.3,34.7,-27,Ni50.3Ti34.7Hf15.0 %,15
A. Evirgen; I. Karaman; R. Santamarta; J. Pons and R. D. Noebe,Acta Materialia,Microstructural characterization and shape memory characteristics of the Ni50.3Ti34.7Hf15 shape memory alloy,2015,50.3,34.7,19,Ni50.3Ti34.7Hf15.0 %,15
A. Evirgen; I. Karaman; R. Santamarta; J. Pons and R. D. Noebe,Acta Materialia,Microstructural characterization and shape memory characteristics of the Ni50.3Ti34.7Hf15 shape memory alloy,2015,50.3,34.7,-11,Ni50.3Ti34.7Hf15.0 %,15
A. Evirgen; I. Karaman; R. Santamarta; J. Pons and R. D. Noebe,Acta Materialia,Microstructural characterization and shape memory characteristics of the Ni50.3Ti34.7Hf15 shape memory alloy,2015,50.3,34.7,34,Ni50.3Ti34.7Hf15.0 %,15
A. Evirgen; I. Karaman; R. Santamarta; J. Pons and R. D. Noebe,Acta Materialia,Microstructural characterization and shape memory characteristics of the Ni50.3Ti34.7Hf15 shape memory alloy,2015,50.3,34.7,12,Ni50.3Ti34.7Hf15.0 %,15
A. Evirgen; I. Karaman; R. Santamarta; J. Pons and R. D. Noebe,Acta Materialia,Microstructural characterization and shape memory characteristics of the Ni50.3Ti34.7Hf15 shape memory alloy,2015,50.3,34.7,42,Ni50.3Ti34.7Hf15.0 %,15
A. Evirgen; I. Karaman; R. Santamarta; J. Pons and R. D. Noebe,Acta Materialia,Microstructural characterization and shape memory characteristics of the Ni50.3Ti34.7Hf15 shape memory alloy,2015,50.3,34.7,-21,Ni50.3Ti34.7Hf15.0 %,15
A. Evirgen; I. Karaman; R. Santamarta; J. Pons and R. D. Noebe,Acta Materialia,Microstructural characterization and shape memory characteristics of the Ni50.3Ti34.7Hf15 shape memory alloy,2015,50.3,34.7,24,Ni50.3Ti34.7Hf15.0 %,15
A. Evirgen; I. Karaman; R. Santamarta; J. Pons and R. D. Noebe,Acta Materialia,Microstructural characterization and shape memory characteristics of the Ni50.3Ti34.7Hf15 shape memory alloy,2015,50.3,34.7,52,Ni50.3Ti34.7Hf15.0 %,15
A. Evirgen; I. Karaman; R. Santamarta; J. Pons and R. D. Noebe,Acta Materialia,Microstructural characterization and shape memory characteristics of the Ni50.3Ti34.7Hf15 shape memory alloy,2015,50.3,34.7,44,Ni50.3Ti34.7Hf15.0 %,15
A. Evirgen; I. Karaman; R. Santamarta; J. Pons and R. D. Noebe,Acta Materialia,Microstructural characterization and shape memory characteristics of the Ni50.3Ti34.7Hf15 shape memory alloy,2015,50.3,34.7,40,Ni50.3Ti34.7Hf15.0 %,15
A. Evirgen; I. Karaman; R. Santamarta; J. Pons and R. D. Noebe,Acta Materialia,Microstructural characterization and shape memory characteristics of the Ni50.3Ti34.7Hf15 shape memory alloy,2015,50.3,34.7,67,Ni50.3Ti34.7Hf15.0 %,15
A. Evirgen; I. Karaman; R. Santamarta; J. Pons and R. D. Noebe,Acta Materialia,Microstructural characterization and shape memory characteristics of the Ni50.3Ti34.7Hf15 shape memory alloy,2015,50.3,34.7,28,Ni50.3Ti34.7Hf15.0 %,15
A. Evirgen; I. Karaman; R. Santamarta; J. Pons and R. D. Noebe,Acta Materialia,Microstructural characterization and shape memory characteristics of the Ni50.3Ti34.7Hf15 shape memory alloy,2015,50.3,34.7,101,Ni50.3Ti34.7Hf15.0 %,15
A. Evirgen; I. Karaman; R. Santamarta; J. Pons and R. D. Noebe,Acta Materialia,Microstructural characterization and shape memory characteristics of the Ni50.3Ti34.7Hf15 shape memory alloy,2015,50.3,34.7,106,Ni50.3Ti34.7Hf15.0 %,15
A. Evirgen; I. Karaman; R. Santamarta; J. Pons and R. D. Noebe,Acta Materialia,Microstructural characterization and shape memory characteristics of the Ni50.3Ti34.7Hf15 shape memory alloy,2015,50.3,34.7,103,Ni50.3Ti34.7Hf15.0 %,15
A. Evirgen; I. Karaman; R. Santamarta; J. Pons and R. D. Noebe,Acta Materialia,Microstructural characterization and shape memory characteristics of the Ni50.3Ti34.7Hf15 shape memory alloy,2015,50.3,34.7,108,Ni50.3Ti34.7Hf15.0 %,15
A. Evirgen; I. Karaman; R. Santamarta; J. Pons and R. D. Noebe,Acta Materialia,Microstructural characterization and shape memory characteristics of the Ni50.3Ti34.7Hf15 shape memory alloy,2015,50.3,34.7,119,Ni50.3Ti34.7Hf15.0 %,15
A. Evirgen,Materials Science and Engineering,Microstructural Characterization and Shape Memory Response of Ni-Rich NiTiHf and NiTiZr High Temperature Shape Memory Alloys,2014,50.3,34.7,56,Ni50.3Ti34.7Hf15.0 %,15
A. Evirgen,Materials Science and Engineering,Microstructural Characterization and Shape Memory Response of Ni-Rich NiTiHf and NiTiZr High Temperature Shape Memory Alloys,2014,50.3,34.7,46,Ni50.3Ti34.7Hf15.0 %,15
A. Evirgen,Materials Science and Engineering,Microstructural Characterization and Shape Memory Response of Ni-Rich NiTiHf and NiTiZr High Temperature Shape Memory Alloys,2014,50.3,34.7,58,Ni50.3Ti34.7Hf15.0 %,15
A. Evirgen,Materials Science and Engineering,Microstructural Characterization and Shape Memory Response of Ni-Rich NiTiHf and NiTiZr High Temperature Shape Memory Alloys,2014,50.3,34.7,46,Ni50.3Ti34.7Hf15.0 %,15
A. Evirgen,Materials Science and Engineering,Microstructural Characterization and Shape Memory Response of Ni-Rich NiTiHf and NiTiZr High Temperature Shape Memory Alloys,2014,50.3,34.7,66,Ni50.3Ti34.7Hf15.0 %,15
A. Evirgen,Materials Science and Engineering,Microstructural Characterization and Shape Memory Response of Ni-Rich NiTiHf and NiTiZr High Temperature Shape Memory Alloys,2014,50.3,34.7,106,Ni50.3Ti34.7Hf15.0 %,15
A. Evirgen,Materials Science and Engineering,Microstructural Characterization and Shape Memory Response of Ni-Rich NiTiHf and NiTiZr High Temperature Shape Memory Alloys,2014,50.3,34.7,61,Ni50.3Ti34.7Hf15.0 %,15
A. Evirgen,Materials Science and Engineering,Microstructural Characterization and Shape Memory Response of Ni-Rich NiTiHf and NiTiZr High Temperature Shape Memory Alloys,2014,50.3,34.7,96,Ni50.3Ti34.7Hf15.0 %,15
A. Evirgen,Materials Science and Engineering,Microstructural Characterization and Shape Memory Response of Ni-Rich NiTiHf and NiTiZr High Temperature Shape Memory Alloys,2014,50.3,34.7,88,Ni50.3Ti34.7Hf15.0 %,15
A. Evirgen,Materials Science and Engineering,Microstructural Characterization and Shape Memory Response of Ni-Rich NiTiHf and NiTiZr High Temperature Shape Memory Alloys,2014,50.3,34.7,99,Ni50.3Ti34.7Hf15.0 %,15
A. Evirgen,Materials Science and Engineering,Microstructural Characterization and Shape Memory Response of Ni-Rich NiTiHf and NiTiZr High Temperature Shape Memory Alloys,2014,50.3,34.7,-3,Ni50.3Ti34.7Hf15.0 %,15
A. Evirgen,Materials Science and Engineering,Microstructural Characterization and Shape Memory Response of Ni-Rich NiTiHf and NiTiZr High Temperature Shape Memory Alloys,2014,50.3,34.7,-6,Ni50.3Ti34.7Hf15.0 %,15
A. Evirgen,Materials Science and Engineering,Microstructural Characterization and Shape Memory Response of Ni-Rich NiTiHf and NiTiZr High Temperature Shape Memory Alloys,2014,50.3,34.7,9,Ni50.3Ti34.7Hf15.0 %,15
A. Evirgen,Materials Science and Engineering,Microstructural Characterization and Shape Memory Response of Ni-Rich NiTiHf and NiTiZr High Temperature Shape Memory Alloys,2014,50.3,34.7,1,Ni50.3Ti34.7Hf15.0 %,15
A. Evirgen,Materials Science and Engineering,Microstructural Characterization and Shape Memory Response of Ni-Rich NiTiHf and NiTiZr High Temperature Shape Memory Alloys,2014,50.3,34.7,21,Ni50.3Ti34.7Hf15.0 %,15
A. Evirgen,Materials Science and Engineering,Microstructural Characterization and Shape Memory Response of Ni-Rich NiTiHf and NiTiZr High Temperature Shape Memory Alloys,2014,50.3,34.7,38,Ni50.3Ti34.7Hf15.0 %,15
A. Evirgen,Materials Science and Engineering,Microstructural Characterization and Shape Memory Response of Ni-Rich NiTiHf and NiTiZr High Temperature Shape Memory Alloys,2014,50.3,34.7,51,Ni50.3Ti34.7Hf15.0 %,15
A. Evirgen,Materials Science and Engineering,Microstructural Characterization and Shape Memory Response of Ni-Rich NiTiHf and NiTiZr High Temperature Shape Memory Alloys,2014,50.3,34.7,26,Ni50.3Ti34.7Hf15.0 %,15
A. Evirgen,Materials Science and Engineering,Microstructural Characterization and Shape Memory Response of Ni-Rich NiTiHf and NiTiZr High Temperature Shape Memory Alloys,2014,50.3,34.7,35,Ni50.3Ti34.7Hf15.0 %,15
A. Evirgen,Materials Science and Engineering,Microstructural Characterization and Shape Memory Response of Ni-Rich NiTiHf and NiTiZr High Temperature Shape Memory Alloys,2014,50.3,34.7,5,Ni50.3Ti34.7Hf15.0 %,15
A. Evirgen,Materials Science and Engineering,Microstructural Characterization and Shape Memory Response of Ni-Rich NiTiHf and NiTiZr High Temperature Shape Memory Alloys,2014,50.3,34.7,6,Ni50.3Ti34.7Hf15.0 %,15
A. Evirgen,Materials Science and Engineering,Microstructural Characterization and Shape Memory Response of Ni-Rich NiTiHf and NiTiZr High Temperature Shape Memory Alloys,2014,50.3,34.7,92,Ni50.3Ti34.7Hf15.0 %,15
A. Evirgen,Materials Science and Engineering,Microstructural Characterization and Shape Memory Response of Ni-Rich NiTiHf and NiTiZr High Temperature Shape Memory Alloys,2014,50.3,34.7,107,Ni50.3Ti34.7Hf15.0 %,15
A. Evirgen,Materials Science and Engineering,Microstructural Characterization and Shape Memory Response of Ni-Rich NiTiHf and NiTiZr High Temperature Shape Memory Alloys,2014,50.3,34.7,82,Ni50.3Ti34.7Hf15.0 %,15
A. Evirgen,Materials Science and Engineering,Microstructural Characterization and Shape Memory Response of Ni-Rich NiTiHf and NiTiZr High Temperature Shape Memory Alloys,2014,50.3,34.7,66,Ni50.3Ti34.7Hf15.0 %,15
A. Evirgen,Materials Science and Engineering,Microstructural Characterization and Shape Memory Response of Ni-Rich NiTiHf and NiTiZr High Temperature Shape Memory Alloys,2014,50.3,34.7,76,Ni50.3Ti34.7Hf15.0 %,15
A. Evirgen,Materials Science and Engineering,Microstructural Characterization and Shape Memory Response of Ni-Rich NiTiHf and NiTiZr High Temperature Shape Memory Alloys,2014,50.3,34.7,99,Ni50.3Ti34.7Hf15.0 %,15
A. Evirgen,Materials Science and Engineering,Microstructural Characterization and Shape Memory Response of Ni-Rich NiTiHf and NiTiZr High Temperature Shape Memory Alloys,2014,50.3,34.7,65,Ni50.3Ti34.7Hf15.0 %,15
A. Evirgen,Materials Science and Engineering,Microstructural Characterization and Shape Memory Response of Ni-Rich NiTiHf and NiTiZr High Temperature Shape Memory Alloys,2014,50.3,34.7,85,Ni50.3Ti34.7Hf15.0 %,15
A. Evirgen,Materials Science and Engineering,Microstructural Characterization and Shape Memory Response of Ni-Rich NiTiHf and NiTiZr High Temperature Shape Memory Alloys,2014,50.3,34.7,80,Ni50.3Ti34.7Hf15.0 %,15
A. Evirgen,Materials Science and Engineering,Microstructural Characterization and Shape Memory Response of Ni-Rich NiTiHf and NiTiZr High Temperature Shape Memory Alloys,2014,50.3,34.7,74,Ni50.3Ti34.7Hf15.0 %,15
A. Evirgen,Materials Science and Engineering,Microstructural Characterization and Shape Memory Response of Ni-Rich NiTiHf and NiTiZr High Temperature Shape Memory Alloys,2014,50.3,29.7,109,Ni50.3Ti29.7Hf20.0 %,20
A. Evirgen,Materials Science and Engineering,Microstructural Characterization and Shape Memory Response of Ni-Rich NiTiHf and NiTiZr High Temperature Shape Memory Alloys,2014,50.3,29.7,106,Ni50.3Ti29.7Hf20.0 %,20
A. Evirgen,Materials Science and Engineering,Microstructural Characterization and Shape Memory Response of Ni-Rich NiTiHf and NiTiZr High Temperature Shape Memory Alloys,2014,50.3,29.7,106,Ni50.3Ti29.7Hf20.0 %,20
A. Evirgen,Materials Science and Engineering,Microstructural Characterization and Shape Memory Response of Ni-Rich NiTiHf and NiTiZr High Temperature Shape Memory Alloys,2014,50.3,29.7,106,Ni50.3Ti29.7Hf20.0 %,20
A. Evirgen,Materials Science and Engineering,Microstructural Characterization and Shape Memory Response of Ni-Rich NiTiHf and NiTiZr High Temperature Shape Memory Alloys,2014,50.3,29.7,114,Ni50.3Ti29.7Hf20.0 %,20
A. Evirgen,Materials Science and Engineering,Microstructural Characterization and Shape Memory Response of Ni-Rich NiTiHf and NiTiZr High Temperature Shape Memory Alloys,2014,50.3,29.7,120,Ni50.3Ti29.7Hf20.0 %,20
A. Evirgen,Materials Science and Engineering,Microstructural Characterization and Shape Memory Response of Ni-Rich NiTiHf and NiTiZr High Temperature Shape Memory Alloys,2014,50.3,29.7,126,Ni50.3Ti29.7Hf20.0 %,20
A. Evirgen,Materials Science and Engineering,Microstructural Characterization and Shape Memory Response of Ni-Rich NiTiHf and NiTiZr High Temperature Shape Memory Alloys,2014,50.3,29.7,122,Ni50.3Ti29.7Hf20.0 %,20
A. Evirgen,Materials Science and Engineering,Microstructural Characterization and Shape Memory Response of Ni-Rich NiTiHf and NiTiZr High Temperature Shape Memory Alloys,2014,50.3,29.7,130,Ni50.3Ti29.7Hf20.0 %,20
A. Evirgen,Materials Science and Engineering,Microstructural Characterization and Shape Memory Response of Ni-Rich NiTiHf and NiTiZr High Temperature Shape Memory Alloys,2014,50.3,29.7,142,Ni50.3Ti29.7Hf20.0 %,20
A. Evirgen,Materials Science and Engineering,Microstructural Characterization and Shape Memory Response of Ni-Rich NiTiHf and NiTiZr High Temperature Shape Memory Alloys,2014,50.3,29.7,157,Ni50.3Ti29.7Hf20.0 %,20
A. Evirgen,Materials Science and Engineering,Microstructural Characterization and Shape Memory Response of Ni-Rich NiTiHf and NiTiZr High Temperature Shape Memory Alloys,2014,50.3,29.7,153,Ni50.3Ti29.7Hf20.0 %,20
A. Evirgen,Materials Science and Engineering,Microstructural Characterization and Shape Memory Response of Ni-Rich NiTiHf and NiTiZr High Temperature Shape Memory Alloys,2014,50.3,29.7,152,Ni50.3Ti29.7Hf20.0 %,20
A. Evirgen,Materials Science and Engineering,Microstructural Characterization and Shape Memory Response of Ni-Rich NiTiHf and NiTiZr High Temperature Shape Memory Alloys,2014,50.3,29.7,160,Ni50.3Ti29.7Hf20.0 %,20
A. Evirgen,Materials Science and Engineering,Microstructural Characterization and Shape Memory Response of Ni-Rich NiTiHf and NiTiZr High Temperature Shape Memory Alloys,2014,50.3,29.7,173,Ni50.3Ti29.7Hf20.0 %,20
A. Evirgen,Materials Science and Engineering,Microstructural Characterization and Shape Memory Response of Ni-Rich NiTiHf and NiTiZr High Temperature Shape Memory Alloys,2014,50.3,29.7,152,Ni50.3Ti29.7Hf20.0 %,20
A. Evirgen,Materials Science and Engineering,Microstructural Characterization and Shape Memory Response of Ni-Rich NiTiHf and NiTiZr High Temperature Shape Memory Alloys,2014,50.3,29.7,150,Ni50.3Ti29.7Hf20.0 %,20
A. Evirgen,Materials Science and Engineering,Microstructural Characterization and Shape Memory Response of Ni-Rich NiTiHf and NiTiZr High Temperature Shape Memory Alloys,2014,50.3,29.7,157,Ni50.3Ti29.7Hf20.0 %,20
A. Evirgen,Materials Science and Engineering,Microstructural Characterization and Shape Memory Response of Ni-Rich NiTiHf and NiTiZr High Temperature Shape Memory Alloys,2014,50.3,29.7,162,Ni50.3Ti29.7Hf20.0 %,20
A. Evirgen,Materials Science and Engineering,Microstructural Characterization and Shape Memory Response of Ni-Rich NiTiHf and NiTiZr High Temperature Shape Memory Alloys,2014,50.3,29.7,174,Ni50.3Ti29.7Hf20.0 %,20
A. Evirgen,Materials Science and Engineering,Microstructural Characterization and Shape Memory Response of Ni-Rich NiTiHf and NiTiZr High Temperature Shape Memory Alloys,2014,50.3,29.7,197,Ni50.3Ti29.7Hf20.0 %,20
A. Evirgen,Materials Science and Engineering,Microstructural Characterization and Shape Memory Response of Ni-Rich NiTiHf and NiTiZr High Temperature Shape Memory Alloys,2014,50.3,29.7,198,Ni50.3Ti29.7Hf20.0 %,20
A. Evirgen,Materials Science and Engineering,Microstructural Characterization and Shape Memory Response of Ni-Rich NiTiHf and NiTiZr High Temperature Shape Memory Alloys,2014,50.3,29.7,202,Ni50.3Ti29.7Hf20.0 %,20
A. Evirgen,Materials Science and Engineering,Microstructural Characterization and Shape Memory Response of Ni-Rich NiTiHf and NiTiZr High Temperature Shape Memory Alloys,2014,50.3,29.7,199,Ni50.3Ti29.7Hf20.0 %,20
O. Karakoc; C. Hayrettin; D. Canadinc and I. Karaman,Acta Materialia,Role of applied stress level on the actuation fatigue behavior of NiTiHf high temperature shape memory alloys,2018,50.3,29.7,102,Ni50.3Ti29.7Hf20.0 %,20
O. Karakoc; C. Hayrettin; D. Canadinc and I. Karaman,Acta Materialia,Role of applied stress level on the actuation fatigue behavior of NiTiHf high temperature shape memory alloys,2018,50.3,29.7,98,Ni50.3Ti29.7Hf20.0 %,20
O. Karakoc; C. Hayrettin; D. Canadinc and I. Karaman,Acta Materialia,Role of applied stress level on the actuation fatigue behavior of NiTiHf high temperature shape memory alloys,2018,50.3,29.7,104,Ni50.3Ti29.7Hf20.0 %,20
O. Karakoc; C. Hayrettin; D. Canadinc and I. Karaman,Acta Materialia,Role of applied stress level on the actuation fatigue behavior of NiTiHf high temperature shape memory alloys,2018,50.3,29.7,154,Ni50.3Ti29.7Hf20.0 %,20
O. Karakoc; C. Hayrettin; D. Canadinc and I. Karaman,Acta Materialia,Role of applied stress level on the actuation fatigue behavior of NiTiHf high temperature shape memory alloys,2018,50.3,29.7,160,Ni50.3Ti29.7Hf20.0 %,20
O. Karakoc; C. Hayrettin; D. Canadinc and I. Karaman,Acta Materialia,Role of applied stress level on the actuation fatigue behavior of NiTiHf high temperature shape memory alloys,2018,50.3,29.7,171,Ni50.3Ti29.7Hf20.0 %,20
O. Karakoc; C. Hayrettin; D. Canadinc and I. Karaman,Acta Materialia,Role of applied stress level on the actuation fatigue behavior of NiTiHf high temperature shape memory alloys,2018,50.3,29.7,151,Ni50.3Ti29.7Hf20.0 %,20
O. Karakoc; C. Hayrettin; D. Canadinc and I. Karaman,Acta Materialia,Role of applied stress level on the actuation fatigue behavior of NiTiHf high temperature shape memory alloys,2018,50.3,29.7,184,Ni50.3Ti29.7Hf20.0 %,20
O. Karakoc; C. Hayrettin; D. Canadinc and I. Karaman,Acta Materialia,Role of applied stress level on the actuation fatigue behavior of NiTiHf high temperature shape memory alloys,2018,50.3,29.7,172,Ni50.3Ti29.7Hf20.0 %,20
O. Karakoc; C. Hayrettin; D. Canadinc and I. Karaman,Acta Materialia,Role of applied stress level on the actuation fatigue behavior of NiTiHf high temperature shape memory alloys,2018,50.3,29.7,201,Ni50.3Ti29.7Hf20.0 %,20
O. Karakoc; C. Hayrettin; D. Canadinc and I. Karaman,Acta Materialia,Role of applied stress level on the actuation fatigue behavior of NiTiHf high temperature shape memory alloys,2018,50.3,29.7,194,Ni50.3Ti29.7Hf20.0 %,20
O. Karakoc; C. Hayrettin; D. Canadinc and I. Karaman,Acta Materialia,Role of applied stress level on the actuation fatigue behavior of NiTiHf high temperature shape memory alloys,2018,50.3,29.7,217,Ni50.3Ti29.7Hf20.0 %,20
O. Karakoc; C. Hayrettin; D. Canadinc and I. Karaman,Acta Materialia,Role of applied stress level on the actuation fatigue behavior of NiTiHf high temperature shape memory alloys,2018,50.3,29.7,243,Ni50.3Ti29.7Hf20.0 %,20
O. Karakoc; C. Hayrettin; D. Canadinc and I. Karaman,Acta Materialia,Role of applied stress level on the actuation fatigue behavior of NiTiHf high temperature shape memory alloys,2018,50.3,29.7,228,Ni50.3Ti29.7Hf20.0 %,20
O. Karakoc; C. Hayrettin; D. Canadinc and I. Karaman,Acta Materialia,Role of applied stress level on the actuation fatigue behavior of NiTiHf high temperature shape memory alloys,2018,50.3,29.7,210,Ni50.3Ti29.7Hf20.0 %,20
O. Karakoc; C. Hayrettin; D. Canadinc and I. Karaman,Acta Materialia,Role of applied stress level on the actuation fatigue behavior of NiTiHf high temperature shape memory alloys,2018,50.3,29.7,238,Ni50.3Ti29.7Hf20.0 %,20
O. Karakoc; C. Hayrettin; A. Evirgen; R. Santamarta; D. Canadinc; R. W. Wheeler; S. J. Wang; D. C. Lagoudas and I. Karaman,Acta Materialia,Role of microstructure on the actuation fatigue performance of Ni-Rich NiTiHf high temperature shape memory alloys,2019,50.3,29.7,101,Ni50.3Ti29.7Hf20.0 %,20
O. Karakoc; C. Hayrettin; A. Evirgen; R. Santamarta; D. Canadinc; R. W. Wheeler; S. J. Wang; D. C. Lagoudas and I. Karaman,Acta Materialia,Role of microstructure on the actuation fatigue performance of Ni-Rich NiTiHf high temperature shape memory alloys,2019,50.3,29.7,153,Ni50.3Ti29.7Hf20.0 %,20
O. Karakoc; C. Hayrettin; A. Evirgen; R. Santamarta; D. Canadinc; R. W. Wheeler; S. J. Wang; D. C. Lagoudas and I. Karaman,Acta Materialia,Role of microstructure on the actuation fatigue performance of Ni-Rich NiTiHf high temperature shape memory alloys,2019,50.3,29.7,209,Ni50.3Ti29.7Hf20.0 %,20
O. Karakoc; C. Hayrettin; A. Evirgen; R. Santamarta; D. Canadinc; R. W. Wheeler; S. J. Wang; D. C. Lagoudas and I. Karaman,Acta Materialia,Role of microstructure on the actuation fatigue performance of Ni-Rich NiTiHf high temperature shape memory alloys,2019,50.3,29.7,167,Ni50.3Ti29.7Hf20.0 %,20
O. Karakoc; C. Hayrettin; A. Evirgen; R. Santamarta; D. Canadinc; R. W. Wheeler; S. J. Wang; D. C. Lagoudas and I. Karaman,Acta Materialia,Role of microstructure on the actuation fatigue performance of Ni-Rich NiTiHf high temperature shape memory alloys,2019,50.3,29.7,183,Ni50.3Ti29.7Hf20.0 %,20
O. Karakoc; C. Hayrettin; A. Evirgen; R. Santamarta; D. Canadinc; R. W. Wheeler; S. J. Wang; D. C. Lagoudas and I. Karaman,Acta Materialia,Role of microstructure on the actuation fatigue performance of Ni-Rich NiTiHf high temperature shape memory alloys,2019,50.3,29.7,204,Ni50.3Ti29.7Hf20.0 %,20
O. Karakoc; C. Hayrettin; A. Evirgen; R. Santamarta; D. Canadinc; R. W. Wheeler; S. J. Wang; D. C. Lagoudas and I. Karaman,Acta Materialia,Role of microstructure on the actuation fatigue performance of Ni-Rich NiTiHf high temperature shape memory alloys,2019,50.3,29.7,214,Ni50.3Ti29.7Hf20.0 %,20
O. Karakoc; C. Hayrettin; A. Evirgen; R. Santamarta; D. Canadinc; R. W. Wheeler; S. J. Wang; D. C. Lagoudas and I. Karaman,Acta Materialia,Role of microstructure on the actuation fatigue performance of Ni-Rich NiTiHf high temperature shape memory alloys,2019,50.3,29.7,212,Ni50.3Ti29.7Hf20.0 %,20
O. Karakoc; C. Hayrettin; A. Evirgen; R. Santamarta; D. Canadinc; R. W. Wheeler; S. J. Wang; D. C. Lagoudas and I. Karaman,Acta Materialia,Role of microstructure on the actuation fatigue performance of Ni-Rich NiTiHf high temperature shape memory alloys,2019,50.3,29.7,228,Ni50.3Ti29.7Hf20.0 %,20
O. Karakoc; C. Hayrettin; A. Evirgen; R. Santamarta; D. Canadinc; R. W. Wheeler; S. J. Wang; D. C. Lagoudas and I. Karaman,Acta Materialia,Role of microstructure on the actuation fatigue performance of Ni-Rich NiTiHf high temperature shape memory alloys,2019,50.3,29.7,216,Ni50.3Ti29.7Hf20.0 %,20
O. Karakoc; C. Hayrettin; A. Evirgen; R. Santamarta; D. Canadinc; R. W. Wheeler; S. J. Wang; D. C. Lagoudas and I. Karaman,Acta Materialia,Role of microstructure on the actuation fatigue performance of Ni-Rich NiTiHf high temperature shape memory alloys,2019,50.3,29.7,178,Ni50.3Ti29.7Hf20.0 %,20
O. Karakoc; C. Hayrettin; A. Evirgen; R. Santamarta; D. Canadinc; R. W. Wheeler; S. J. Wang; D. C. Lagoudas and I. Karaman,Acta Materialia,Role of microstructure on the actuation fatigue performance of Ni-Rich NiTiHf high temperature shape memory alloys,2019,50.3,29.7,172,Ni50.3Ti29.7Hf20.0 %,20
O. Karakoc; C. Hayrettin; A. Evirgen; R. Santamarta; D. Canadinc; R. W. Wheeler; S. J. Wang; D. C. Lagoudas and I. Karaman,Acta Materialia,Role of microstructure on the actuation fatigue performance of Ni-Rich NiTiHf high temperature shape memory alloys,2019,50.3,29.7,174,Ni50.3Ti29.7Hf20.0 %,20
O. Karakoc; C. Hayrettin; A. Evirgen; R. Santamarta; D. Canadinc; R. W. Wheeler; S. J. Wang; D. C. Lagoudas and I. Karaman,Acta Materialia,Role of microstructure on the actuation fatigue performance of Ni-Rich NiTiHf high temperature shape memory alloys,2019,50.3,29.7,184,Ni50.3Ti29.7Hf20.0 %,20
O. Karakoc; C. Hayrettin; A. Evirgen; R. Santamarta; D. Canadinc; R. W. Wheeler; S. J. Wang; D. C. Lagoudas and I. Karaman,Acta Materialia,Role of microstructure on the actuation fatigue performance of Ni-Rich NiTiHf high temperature shape memory alloys,2019,50.3,29.7,223,Ni50.3Ti29.7Hf20.0 %,20
O. Karakoc; C. Hayrettin; A. Evirgen; R. Santamarta; D. Canadinc; R. W. Wheeler; S. J. Wang; D. C. Lagoudas and I. Karaman,Acta Materialia,Role of microstructure on the actuation fatigue performance of Ni-Rich NiTiHf high temperature shape memory alloys,2019,50.3,29.7,210,Ni50.3Ti29.7Hf20.0 %,20
O. Karakoc; C. Hayrettin; A. Evirgen; R. Santamarta; D. Canadinc; R. W. Wheeler; S. J. Wang; D. C. Lagoudas and I. Karaman,Acta Materialia,Role of microstructure on the actuation fatigue performance of Ni-Rich NiTiHf high temperature shape memory alloys,2019,50.3,29.7,193,Ni50.3Ti29.7Hf20.0 %,20
O. Karakoc; C. Hayrettin; A. Evirgen; R. Santamarta; D. Canadinc; R. W. Wheeler; S. J. Wang; D. C. Lagoudas and I. Karaman,Acta Materialia,Role of microstructure on the actuation fatigue performance of Ni-Rich NiTiHf high temperature shape memory alloys,2019,50.3,29.7,182,Ni50.3Ti29.7Hf20.0 %,20
O. Karakoc; C. Hayrettin; A. Evirgen; R. Santamarta; D. Canadinc; R. W. Wheeler; S. J. Wang; D. C. Lagoudas and I. Karaman,Acta Materialia,Role of microstructure on the actuation fatigue performance of Ni-Rich NiTiHf high temperature shape memory alloys,2019,50.3,29.7,199,Ni50.3Ti29.7Hf20.0 %,20
O. Karakoc; C. Hayrettin; A. Evirgen; R. Santamarta; D. Canadinc; R. W. Wheeler; S. J. Wang; D. C. Lagoudas and I. Karaman,Acta Materialia,Role of microstructure on the actuation fatigue performance of Ni-Rich NiTiHf high temperature shape memory alloys,2019,50.3,29.7,218,Ni50.3Ti29.7Hf20.0 %,20
O. Karakoc; C. Hayrettin; A. Evirgen; R. Santamarta; D. Canadinc; R. W. Wheeler; S. J. Wang; D. C. Lagoudas and I. Karaman,Acta Materialia,Role of microstructure on the actuation fatigue performance of Ni-Rich NiTiHf high temperature shape memory alloys,2019,50.3,29.7,244,Ni50.3Ti29.7Hf20.0 %,20
O. Karakoc; C. Hayrettin; A. Evirgen; R. Santamarta; D. Canadinc; R. W. Wheeler; S. J. Wang; D. C. Lagoudas and I. Karaman,Acta Materialia,Role of microstructure on the actuation fatigue performance of Ni-Rich NiTiHf high temperature shape memory alloys,2019,50.3,29.7,227,Ni50.3Ti29.7Hf20.0 %,20
O. Karakoc; C. Hayrettin; A. Evirgen; R. Santamarta; D. Canadinc; R. W. Wheeler; S. J. Wang; D. C. Lagoudas and I. Karaman,Acta Materialia,Role of microstructure on the actuation fatigue performance of Ni-Rich NiTiHf high temperature shape memory alloys,2019,50.3,29.7,209,Ni50.3Ti29.7Hf20.0 %,20
O. Karakoc; C. Hayrettin; A. Evirgen; R. Santamarta; D. Canadinc; R. W. Wheeler; S. J. Wang; D. C. Lagoudas and I. Karaman,Acta Materialia,Role of microstructure on the actuation fatigue performance of Ni-Rich NiTiHf high temperature shape memory alloys,2019,50.3,29.7,204,Ni50.3Ti29.7Hf20.0 %,20
O. Karakoc; C. Hayrettin; A. Evirgen; R. Santamarta; D. Canadinc; R. W. Wheeler; S. J. Wang; D. C. Lagoudas and I. Karaman,Acta Materialia,Role of microstructure on the actuation fatigue performance of Ni-Rich NiTiHf high temperature shape memory alloys,2019,50.3,29.7,226,Ni50.3Ti29.7Hf20.0 %,20
O. Karakoc; C. Hayrettin; A. Evirgen; R. Santamarta; D. Canadinc; R. W. Wheeler; S. J. Wang; D. C. Lagoudas and I. Karaman,Acta Materialia,Role of microstructure on the actuation fatigue performance of Ni-Rich NiTiHf high temperature shape memory alloys,2019,50.3,29.7,229,Ni50.3Ti29.7Hf20.0 %,20
O. Karakoc; C. Hayrettin; A. Evirgen; R. Santamarta; D. Canadinc; R. W. Wheeler; S. J. Wang; D. C. Lagoudas and I. Karaman,Acta Materialia,Role of microstructure on the actuation fatigue performance of Ni-Rich NiTiHf high temperature shape memory alloys,2019,50.3,29.7,243,Ni50.3Ti29.7Hf20.0 %,20
O. Karakoc; C. Hayrettin; A. Evirgen; R. Santamarta; D. Canadinc; R. W. Wheeler; S. J. Wang; D. C. Lagoudas and I. Karaman,Acta Materialia,Role of microstructure on the actuation fatigue performance of Ni-Rich NiTiHf high temperature shape memory alloys,2019,50.3,29.7,246,Ni50.3Ti29.7Hf20.0 %,20
S. M. Saghaian,Mechanical Engineering,Shape memory behavior of single crystal and polycrystalline Ni-rich NiTiHf high temperature shape memory alloys,2015,50.3,29.7,73,Ni50.3Ti29.7Hf20.0 %,20
S. M. Saghaian,Mechanical Engineering,Shape memory behavior of single crystal and polycrystalline Ni-rich NiTiHf high temperature shape memory alloys,2015,50.3,29.7,122,Ni50.3Ti29.7Hf20.0 %,20
S. M. Saghaian,Mechanical Engineering,Shape memory behavior of single crystal and polycrystalline Ni-rich NiTiHf high temperature shape memory alloys,2015,50.3,29.7,-16,Ni50.3Ti29.7Hf20.0 %,20
S. M. Saghaian,Mechanical Engineering,Shape memory behavior of single crystal and polycrystalline Ni-rich NiTiHf high temperature shape memory alloys,2015,50.3,29.7,156,Ni50.3Ti29.7Hf20.0 %,20
S. M. Saghaian,Mechanical Engineering,Shape memory behavior of single crystal and polycrystalline Ni-rich NiTiHf high temperature shape memory alloys,2015,50.3,29.7,64,Ni50.3Ti29.7Hf20.0 %,20
S. M. Saghaian,Mechanical Engineering,Shape memory behavior of single crystal and polycrystalline Ni-rich NiTiHf high temperature shape memory alloys,2015,50.3,29.7,55,Ni50.3Ti29.7Hf20.0 %,20
S. M. Saghaian,Mechanical Engineering,Shape memory behavior of single crystal and polycrystalline Ni-rich NiTiHf high temperature shape memory alloys,2015,50.3,29.7,114,Ni50.3Ti29.7Hf20.0 %,20
S. M. Saghaian,Mechanical Engineering,Shape memory behavior of single crystal and polycrystalline Ni-rich NiTiHf high temperature shape memory alloys,2015,50.3,29.7,135,Ni50.3Ti29.7Hf20.0 %,20
S. M. Saghaian,Mechanical Engineering,Shape memory behavior of single crystal and polycrystalline Ni-rich NiTiHf high temperature shape memory alloys,2015,50.3,29.7,151,Ni50.3Ti29.7Hf20.0 %,20
S. M. Saghaian,Mechanical Engineering,Shape memory behavior of single crystal and polycrystalline Ni-rich NiTiHf high temperature shape memory alloys,2015,50.3,29.7,146,Ni50.3Ti29.7Hf20.0 %,20
S. M. Saghaian,Mechanical Engineering,Shape memory behavior of single crystal and polycrystalline Ni-rich NiTiHf high temperature shape memory alloys,2015,50.3,29.7,93,Ni50.3Ti29.7Hf20.0 %,20
S. M. Saghaian,Mechanical Engineering,Shape memory behavior of single crystal and polycrystalline Ni-rich NiTiHf high temperature shape memory alloys,2015,50.3,29.7,156,Ni50.3Ti29.7Hf20.0 %,20
S. M. Saghaian,Mechanical Engineering,Shape memory behavior of single crystal and polycrystalline Ni-rich NiTiHf high temperature shape memory alloys,2015,50.3,29.7,119,Ni50.3Ti29.7Hf20.0 %,20
S. M. Saghaian,Mechanical Engineering,Shape memory behavior of single crystal and polycrystalline Ni-rich NiTiHf high temperature shape memory alloys,2015,50.3,29.7,134,Ni50.3Ti29.7Hf20.0 %,20
S. M. Saghaian,Mechanical Engineering,Shape memory behavior of single crystal and polycrystalline Ni-rich NiTiHf high temperature shape memory alloys,2015,50.3,29.7,100,Ni50.3Ti29.7Hf20.0 %,20
S. M. Saghaian,Mechanical Engineering,Shape memory behavior of single crystal and polycrystalline Ni-rich NiTiHf high temperature shape memory alloys,2015,50.3,29.7,82,Ni50.3Ti29.7Hf20.0 %,20
S. M. Saghaian,Mechanical Engineering,Shape memory behavior of single crystal and polycrystalline Ni-rich NiTiHf high temperature shape memory alloys,2015,50.3,29.7,143,Ni50.3Ti29.7Hf20.0 %,20
S. M. Saghaian,Mechanical Engineering,Shape memory behavior of single crystal and polycrystalline Ni-rich NiTiHf high temperature shape memory alloys,2015,50.3,29.7,165,Ni50.3Ti29.7Hf20.0 %,20
S. M. Saghaian,Mechanical Engineering,Shape memory behavior of single crystal and polycrystalline Ni-rich NiTiHf high temperature shape memory alloys,2015,50.3,29.7,118,Ni50.3Ti29.7Hf20.0 %,20
S. M. Saghaian,Mechanical Engineering,Shape memory behavior of single crystal and polycrystalline Ni-rich NiTiHf high temperature shape memory alloys,2015,50.3,29.7,91,Ni50.3Ti29.7Hf20.0 %,20
S. M. Saghaian,Mechanical Engineering,Shape memory behavior of single crystal and polycrystalline Ni-rich NiTiHf high temperature shape memory alloys,2015,50.3,29.7,135,Ni50.3Ti29.7Hf20.0 %,20
S. M. Saghaian,Mechanical Engineering,Shape memory behavior of single crystal and polycrystalline Ni-rich NiTiHf high temperature shape memory alloys,2015,50.3,29.7,117,Ni50.3Ti29.7Hf20.0 %,20
S. M. Saghaian,Mechanical Engineering,Shape memory behavior of single crystal and polycrystalline Ni-rich NiTiHf high temperature shape memory alloys,2015,50.3,29.7,108,Ni50.3Ti29.7Hf20.0 %,20
S. M. Saghaian,Mechanical Engineering,Shape memory behavior of single crystal and polycrystalline Ni-rich NiTiHf high temperature shape memory alloys,2015,50.3,29.7,191,Ni50.3Ti29.7Hf20.0 %,20
S. M. Saghaian,Mechanical Engineering,Shape memory behavior of single crystal and polycrystalline Ni-rich NiTiHf high temperature shape memory alloys,2015,50.3,29.7,104,Ni50.3Ti29.7Hf20.0 %,20
S. M. Saghaian,Mechanical Engineering,Shape memory behavior of single crystal and polycrystalline Ni-rich NiTiHf high temperature shape memory alloys,2015,50.3,29.7,92,Ni50.3Ti29.7Hf20.0 %,20
S. M. Saghaian,Mechanical Engineering,Shape memory behavior of single crystal and polycrystalline Ni-rich NiTiHf high temperature shape memory alloys,2015,50.3,29.7,96,Ni50.3Ti29.7Hf20.0 %,20
S. M. Saghaian,Mechanical Engineering,Shape memory behavior of single crystal and polycrystalline Ni-rich NiTiHf high temperature shape memory alloys,2015,50.3,29.7,127,Ni50.3Ti29.7Hf20.0 %,20
S. M. Saghaian,Mechanical Engineering,Shape memory behavior of single crystal and polycrystalline Ni-rich NiTiHf high temperature shape memory alloys,2015,50.3,29.7,143,Ni50.3Ti29.7Hf20.0 %,20
S. M. Saghaian,Mechanical Engineering,Shape memory behavior of single crystal and polycrystalline Ni-rich NiTiHf high temperature shape memory alloys,2015,50.3,29.7,166,Ni50.3Ti29.7Hf20.0 %,20
S. M. Saghaian,Mechanical Engineering,Shape memory behavior of single crystal and polycrystalline Ni-rich NiTiHf high temperature shape memory alloys,2015,50.3,29.7,182,Ni50.3Ti29.7Hf20.0 %,20
S. M. Saghaian,Mechanical Engineering,Shape memory behavior of single crystal and polycrystalline Ni-rich NiTiHf high temperature shape memory alloys,2015,50.3,29.7,134,Ni50.3Ti29.7Hf20.0 %,20
S. M. Saghaian,Mechanical Engineering,Shape memory behavior of single crystal and polycrystalline Ni-rich NiTiHf high temperature shape memory alloys,2015,50.3,29.7,134,Ni50.3Ti29.7Hf20.0 %,20
S. M. Saghaian,Mechanical Engineering,Shape memory behavior of single crystal and polycrystalline Ni-rich NiTiHf high temperature shape memory alloys,2015,50.3,29.7,141,Ni50.3Ti29.7Hf20.0 %,20
S. M. Saghaian,Mechanical Engineering,Shape memory behavior of single crystal and polycrystalline Ni-rich NiTiHf high temperature shape memory alloys,2015,50.3,29.7,132,Ni50.3Ti29.7Hf20.0 %,20
S. M. Saghaian,Mechanical Engineering,Shape memory behavior of single crystal and polycrystalline Ni-rich NiTiHf high temperature shape memory alloys,2015,50.3,29.7,154,Ni50.3Ti29.7Hf20.0 %,20
S. M. Saghaian,Mechanical Engineering,Shape memory behavior of single crystal and polycrystalline Ni-rich NiTiHf high temperature shape memory alloys,2015,50.3,29.7,123,Ni50.3Ti29.7Hf20.0 %,20
S. M. Saghaian,Mechanical Engineering,Shape memory behavior of single crystal and polycrystalline Ni-rich NiTiHf high temperature shape memory alloys,2015,50.3,29.7,144,Ni50.3Ti29.7Hf20.0 %,20
S. M. Saghaian,Mechanical Engineering,Shape memory behavior of single crystal and polycrystalline Ni-rich NiTiHf high temperature shape memory alloys,2015,50.3,29.7,169,Ni50.3Ti29.7Hf20.0 %,20
S. M. Saghaian,Mechanical Engineering,Shape memory behavior of single crystal and polycrystalline Ni-rich NiTiHf high temperature shape memory alloys,2015,50.3,29.7,192,Ni50.3Ti29.7Hf20.0 %,20
S. M. Saghaian,Mechanical Engineering,Shape memory behavior of single crystal and polycrystalline Ni-rich NiTiHf high temperature shape memory alloys,2015,50.3,29.7,28,Ni50.3Ti29.7Hf20.0 %,20
S. M. Saghaian,Mechanical Engineering,Shape memory behavior of single crystal and polycrystalline Ni-rich NiTiHf high temperature shape memory alloys,2015,50.3,29.7,56,Ni50.3Ti29.7Hf20.0 %,20
S. M. Saghaian,Mechanical Engineering,Shape memory behavior of single crystal and polycrystalline Ni-rich NiTiHf high temperature shape memory alloys,2015,50.3,29.7,101,Ni50.3Ti29.7Hf20.0 %,20
S. M. Saghaian,Mechanical Engineering,Shape memory behavior of single crystal and polycrystalline Ni-rich NiTiHf high temperature shape memory alloys,2015,50.3,29.7,-25,Ni50.3Ti29.7Hf20.0 %,20
S. M. Saghaian,Mechanical Engineering,Shape memory behavior of single crystal and polycrystalline Ni-rich NiTiHf high temperature shape memory alloys,2015,50.3,29.7,-67,Ni50.3Ti29.7Hf20.0 %,20
S. M. Saghaian,Mechanical Engineering,Shape memory behavior of single crystal and polycrystalline Ni-rich NiTiHf high temperature shape memory alloys,2015,50.3,29.7,-33,Ni50.3Ti29.7Hf20.0 %,20
S. M. Saghaian,Mechanical Engineering,Shape memory behavior of single crystal and polycrystalline Ni-rich NiTiHf high temperature shape memory alloys,2015,50.3,29.7,56,Ni50.3Ti29.7Hf20.0 %,20
S. M. Saghaian,Mechanical Engineering,Shape memory behavior of single crystal and polycrystalline Ni-rich NiTiHf high temperature shape memory alloys,2015,50.3,29.7,93,Ni50.3Ti29.7Hf20.0 %,20
S. M. Saghaian,Mechanical Engineering,Shape memory behavior of single crystal and polycrystalline Ni-rich NiTiHf high temperature shape memory alloys,2015,50.3,29.7,-15,Ni50.3Ti29.7Hf20.0 %,20
S. M. Saghaian,Mechanical Engineering,Shape memory behavior of single crystal and polycrystalline Ni-rich NiTiHf high temperature shape memory alloys,2015,50.3,29.7,-18,Ni50.3Ti29.7Hf20.0 %,20
S. M. Saghaian,Mechanical Engineering,Shape memory behavior of single crystal and polycrystalline Ni-rich NiTiHf high temperature shape memory alloys,2015,50.3,29.7,8,Ni50.3Ti29.7Hf20.0 %,20
S. M. Saghaian,Mechanical Engineering,Shape memory behavior of single crystal and polycrystalline Ni-rich NiTiHf high temperature shape memory alloys,2015,50.3,29.7,-41,Ni50.3Ti29.7Hf20.0 %,20
S. M. Saghaian,Mechanical Engineering,Shape memory behavior of single crystal and polycrystalline Ni-rich NiTiHf high temperature shape memory alloys,2015,50.3,29.7,74,Ni50.3Ti29.7Hf20.0 %,20
S. M. Saghaian,Mechanical Engineering,Shape memory behavior of single crystal and polycrystalline Ni-rich NiTiHf high temperature shape memory alloys,2015,50.3,29.7,99,Ni50.3Ti29.7Hf20.0 %,20
S. M. Saghaian,Mechanical Engineering,Shape memory behavior of single crystal and polycrystalline Ni-rich NiTiHf high temperature shape memory alloys,2015,50.3,29.7,150,Ni50.3Ti29.7Hf20.0 %,20
S. M. Saghaian,Mechanical Engineering,Shape memory behavior of single crystal and polycrystalline Ni-rich NiTiHf high temperature shape memory alloys,2015,50.3,29.7,164,Ni50.3Ti29.7Hf20.0 %,20
S. M. Saghaian,Mechanical Engineering,Shape memory behavior of single crystal and polycrystalline Ni-rich NiTiHf high temperature shape memory alloys,2015,50.3,29.7,167,Ni50.3Ti29.7Hf20.0 %,20
S. M. Saghaian,Mechanical Engineering,Shape memory behavior of single crystal and polycrystalline Ni-rich NiTiHf high temperature shape memory alloys,2015,50.3,29.7,181,Ni50.3Ti29.7Hf20.0 %,20
S. M. Saghaian,Mechanical Engineering,Shape memory behavior of single crystal and polycrystalline Ni-rich NiTiHf high temperature shape memory alloys,2015,50.3,29.7,189,Ni50.3Ti29.7Hf20.0 %,20
S. M. Saghaian,Mechanical Engineering,Shape memory behavior of single crystal and polycrystalline Ni-rich NiTiHf high temperature shape memory alloys,2015,50.3,29.7,150,Ni50.3Ti29.7Hf20.0 %,20
S. M. Saghaian,Mechanical Engineering,Shape memory behavior of single crystal and polycrystalline Ni-rich NiTiHf high temperature shape memory alloys,2015,50.3,29.7,73,Ni50.3Ti29.7Hf20.0 %,20
S. M. Saghaian,Mechanical Engineering,Shape memory behavior of single crystal and polycrystalline Ni-rich NiTiHf high temperature shape memory alloys,2015,50.3,29.7,161,Ni50.3Ti29.7Hf20.0 %,20
S. M. Saghaian,Mechanical Engineering,Shape memory behavior of single crystal and polycrystalline Ni-rich NiTiHf high temperature shape memory alloys,2015,50.3,29.7,105,Ni50.3Ti29.7Hf20.0 %,20
S. M. Saghaian,Mechanical Engineering,Shape memory behavior of single crystal and polycrystalline Ni-rich NiTiHf high temperature shape memory alloys,2015,50.3,29.7,178,Ni50.3Ti29.7Hf20.0 %,20
S. M. Saghaian,Mechanical Engineering,Shape memory behavior of single crystal and polycrystalline Ni-rich NiTiHf high temperature shape memory alloys,2015,50.3,29.7,144,Ni50.3Ti29.7Hf20.0 %,20
S. M. Saghaian,Mechanical Engineering,Shape memory behavior of single crystal and polycrystalline Ni-rich NiTiHf high temperature shape memory alloys,2015,50.3,29.7,164,Ni50.3Ti29.7Hf20.0 %,20
S. M. Saghaian,Mechanical Engineering,Shape memory behavior of single crystal and polycrystalline Ni-rich NiTiHf high temperature shape memory alloys,2015,50.3,29.7,175,Ni50.3Ti29.7Hf20.0 %,20
S. M. Saghaian,Mechanical Engineering,Shape memory behavior of single crystal and polycrystalline Ni-rich NiTiHf high temperature shape memory alloys,2015,50.3,29.7,121,Ni50.3Ti29.7Hf20.0 %,20
S. M. Saghaian,Mechanical Engineering,Shape memory behavior of single crystal and polycrystalline Ni-rich NiTiHf high temperature shape memory alloys,2015,50.3,29.7,147,Ni50.3Ti29.7Hf20.0 %,20
S. M. Saghaian,Mechanical Engineering,Shape memory behavior of single crystal and polycrystalline Ni-rich NiTiHf high temperature shape memory alloys,2015,50.3,29.7,192,Ni50.3Ti29.7Hf20.0 %,20
S. M. Saghaian,Mechanical Engineering,Shape memory behavior of single crystal and polycrystalline Ni-rich NiTiHf high temperature shape memory alloys,2015,50.3,29.7,173,Ni50.3Ti29.7Hf20.0 %,20
S. M. Saghaian,Mechanical Engineering,Shape memory behavior of single crystal and polycrystalline Ni-rich NiTiHf high temperature shape memory alloys,2015,50.3,29.7,210,Ni50.3Ti29.7Hf20.0 %,20
S. M. Saghaian,Mechanical Engineering,Shape memory behavior of single crystal and polycrystalline Ni-rich NiTiHf high temperature shape memory alloys,2015,50.3,29.7,210,Ni50.3Ti29.7Hf20.0 %,20
S. M. Saghaian,Mechanical Engineering,Shape memory behavior of single crystal and polycrystalline Ni-rich NiTiHf high temperature shape memory alloys,2015,50.3,29.7,196,Ni50.3Ti29.7Hf20.0 %,20
S. M. Saghaian,Mechanical Engineering,Shape memory behavior of single crystal and polycrystalline Ni-rich NiTiHf high temperature shape memory alloys,2015,50.3,29.7,225,Ni50.3Ti29.7Hf20.0 %,20
S. M. Saghaian,Mechanical Engineering,Shape memory behavior of single crystal and polycrystalline Ni-rich NiTiHf high temperature shape memory alloys,2015,50.3,29.7,157,Ni50.3Ti29.7Hf20.0 %,20
S. M. Saghaian,Mechanical Engineering,Shape memory behavior of single crystal and polycrystalline Ni-rich NiTiHf high temperature shape memory alloys,2015,50.3,29.7,180,Ni50.3Ti29.7Hf20.0 %,20
S. M. Saghaian,Mechanical Engineering,Shape memory behavior of single crystal and polycrystalline Ni-rich NiTiHf high temperature shape memory alloys,2015,50.3,29.7,246,Ni50.3Ti29.7Hf20.0 %,20
S. M. Saghaian,Mechanical Engineering,Shape memory behavior of single crystal and polycrystalline Ni-rich NiTiHf high temperature shape memory alloys,2015,50.3,29.7,201,Ni50.3Ti29.7Hf20.0 %,20
H. Sehitoglu; Y. Wu and L. Patriarca,Scripta Materialia,Shape memory functionality under multi-cycles in NiTiHf,2017,50.3,25,294,Ni50.3Ti25.0Hf24.7 %,24.7
H. Sehitoglu; Y. Wu and L. Patriarca,Scripta Materialia,Shape memory functionality under multi-cycles in NiTiHf,2017,50.3,25,306,Ni50.3Ti25.0Hf24.7 %,24.7
H. Sehitoglu; Y. Wu and L. Patriarca,Scripta Materialia,Shape memory functionality under multi-cycles in NiTiHf,2017,50.3,25,300,Ni50.3Ti25.0Hf24.7 %,24.7
H. Sehitoglu; Y. Wu and L. Patriarca,Scripta Materialia,Shape memory functionality under multi-cycles in NiTiHf,2017,50.3,25,307,Ni50.3Ti25.0Hf24.7 %,24.7
H. Sehitoglu; Y. Wu and L. Patriarca,Scripta Materialia,Shape memory functionality under multi-cycles in NiTiHf,2017,50.3,25,311,Ni50.3Ti25.0Hf24.7 %,24.7
H. Sehitoglu; Y. Wu and L. Patriarca,Scripta Materialia,Shape memory functionality under multi-cycles in NiTiHf,2017,50.3,25,308,Ni50.3Ti25.0Hf24.7 %,24.7
D.-J. Kim; Y.-W. Kim and T.-H. Nam,Journal of nanoscience and nanotechnology,Solidification Rate Dependence of Microstructures and Transformation Behavior of Ti–Ni–Hf Alloys,2018,50.3,29.7,10,Ni50.3Ti29.7Hf20.0 %,20
D.-J. Kim; Y.-W. Kim and T.-H. Nam,Journal of nanoscience and nanotechnology,Solidification Rate Dependence of Microstructures and Transformation Behavior of Ti–Ni–Hf Alloys,2018,50.3,29.7,65,Ni50.3Ti29.7Hf20.0 %,20
D.-J. Kim; Y.-W. Kim and T.-H. Nam,Journal of nanoscience and nanotechnology,Solidification Rate Dependence of Microstructures and Transformation Behavior of Ti–Ni–Hf Alloys,2018,50.3,29.7,203,Ni50.3Ti29.7Hf20.0 %,20
S. M. Saghaian; H. E. Karaca; M. Souri; A. S. Turabi and R. D. Noebe,Materials & Design,Tensile shape memory behavior of Ni50.3Ti29.7Hf20 high temperature shape memory alloys,2016,50.3,29.7,75,Ni50.3Ti29.7Hf20.0 %,20
S. M. Saghaian; H. E. Karaca; M. Souri; A. S. Turabi and R. D. Noebe,Materials & Design,Tensile shape memory behavior of Ni50.3Ti29.7Hf20 high temperature shape memory alloys,2016,50.3,29.7,90,Ni50.3Ti29.7Hf20.0 %,20
S. M. Saghaian; H. E. Karaca; M. Souri; A. S. Turabi and R. D. Noebe,Materials & Design,Tensile shape memory behavior of Ni50.3Ti29.7Hf20 high temperature shape memory alloys,2016,50.3,29.7,106,Ni50.3Ti29.7Hf20.0 %,20
S. M. Saghaian; H. E. Karaca; M. Souri; A. S. Turabi and R. D. Noebe,Materials & Design,Tensile shape memory behavior of Ni50.3Ti29.7Hf20 high temperature shape memory alloys,2016,50.3,29.7,126,Ni50.3Ti29.7Hf20.0 %,20
S. M. Saghaian; H. E. Karaca; M. Souri; A. S. Turabi and R. D. Noebe,Materials & Design,Tensile shape memory behavior of Ni50.3Ti29.7Hf20 high temperature shape memory alloys,2016,50.3,29.7,142,Ni50.3Ti29.7Hf20.0 %,20
S. M. Saghaian; H. E. Karaca; M. Souri; A. S. Turabi and R. D. Noebe,Materials & Design,Tensile shape memory behavior of Ni50.3Ti29.7Hf20 high temperature shape memory alloys,2016,50.3,29.7,165,Ni50.3Ti29.7Hf20.0 %,20
S. M. Saghaian; H. E. Karaca; M. Souri; A. S. Turabi and R. D. Noebe,Materials & Design,Tensile shape memory behavior of Ni50.3Ti29.7Hf20 high temperature shape memory alloys,2016,50.3,29.7,122,Ni50.3Ti29.7Hf20.0 %,20
S. M. Saghaian; H. E. Karaca; M. Souri; A. S. Turabi and R. D. Noebe,Materials & Design,Tensile shape memory behavior of Ni50.3Ti29.7Hf20 high temperature shape memory alloys,2016,50.3,29.7,133,Ni50.3Ti29.7Hf20.0 %,20
S. M. Saghaian; H. E. Karaca; M. Souri; A. S. Turabi and R. D. Noebe,Materials & Design,Tensile shape memory behavior of Ni50.3Ti29.7Hf20 high temperature shape memory alloys,2016,50.3,29.7,147,Ni50.3Ti29.7Hf20.0 %,20
S. M. Saghaian; H. E. Karaca; M. Souri; A. S. Turabi and R. D. Noebe,Materials & Design,Tensile shape memory behavior of Ni50.3Ti29.7Hf20 high temperature shape memory alloys,2016,50.3,29.7,158,Ni50.3Ti29.7Hf20.0 %,20
S. M. Saghaian; H. E. Karaca; M. Souri; A. S. Turabi and R. D. Noebe,Materials & Design,Tensile shape memory behavior of Ni50.3Ti29.7Hf20 high temperature shape memory alloys,2016,50.3,29.7,173,Ni50.3Ti29.7Hf20.0 %,20
S. M. Saghaian; H. E. Karaca; M. Souri; A. S. Turabi and R. D. Noebe,Materials & Design,Tensile shape memory behavior of Ni50.3Ti29.7Hf20 high temperature shape memory alloys,2016,50.3,29.7,196,Ni50.3Ti29.7Hf20.0 %,20
S. M. Saghaian; H. E. Karaca; M. Souri; A. S. Turabi and R. D. Noebe,Materials & Design,Tensile shape memory behavior of Ni50.3Ti29.7Hf20 high temperature shape memory alloys,2016,50.3,29.7,211,Ni50.3Ti29.7Hf20.0 %,20
S. M. Saghaian; H. E. Karaca; M. Souri; A. S. Turabi and R. D. Noebe,Materials & Design,Tensile shape memory behavior of Ni50.3Ti29.7Hf20 high temperature shape memory alloys,2016,50.3,29.7,172,Ni50.3Ti29.7Hf20.0 %,20
S. M. Saghaian; H. E. Karaca; M. Souri; A. S. Turabi and R. D. Noebe,Materials & Design,Tensile shape memory behavior of Ni50.3Ti29.7Hf20 high temperature shape memory alloys,2016,50.3,29.7,162,Ni50.3Ti29.7Hf20.0 %,20
S. M. Saghaian; H. E. Karaca; M. Souri; A. S. Turabi and R. D. Noebe,Materials & Design,Tensile shape memory behavior of Ni50.3Ti29.7Hf20 high temperature shape memory alloys,2016,50.3,29.7,156,Ni50.3Ti29.7Hf20.0 %,20
S. M. Saghaian; H. E. Karaca; M. Souri; A. S. Turabi and R. D. Noebe,Materials & Design,Tensile shape memory behavior of Ni50.3Ti29.7Hf20 high temperature shape memory alloys,2016,50.3,29.7,185,Ni50.3Ti29.7Hf20.0 %,20
S. M. Saghaian; H. E. Karaca; M. Souri; A. S. Turabi and R. D. Noebe,Materials & Design,Tensile shape memory behavior of Ni50.3Ti29.7Hf20 high temperature shape memory alloys,2016,50.3,29.7,192,Ni50.3Ti29.7Hf20.0 %,20
T. Umale; D. Salas; B. Tomes; R. Arroyave and I. Karaman,Scripta Materialia,The effects of wide range of compositional changes on the martensitic transformation characteristics of NiTiHf shape memory alloys,2019,50.3,44.7,40,Ni50.3Ti44.7Hf5.0 %,5
T. Umale; D. Salas; B. Tomes; R. Arroyave and I. Karaman,Scripta Materialia,The effects of wide range of compositional changes on the martensitic transformation characteristics of NiTiHf shape memory alloys,2019,50.3,39.7,52,Ni50.3Ti39.7Hf10.0 %,10
T. Umale; D. Salas; B. Tomes; R. Arroyave and I. Karaman,Scripta Materialia,The effects of wide range of compositional changes on the martensitic transformation characteristics of NiTiHf shape memory alloys,2019,50.3,34.7,145,Ni50.3Ti34.7Hf15.0 %,15
T. Umale; D. Salas; B. Tomes; R. Arroyave and I. Karaman,Scripta Materialia,The effects of wide range of compositional changes on the martensitic transformation characteristics of NiTiHf shape memory alloys,2019,50.3,29.7,259,Ni50.3Ti29.700000000000003Hf20.0 %,20
T. Umale; D. Salas; B. Tomes; R. Arroyave and I. Karaman,Scripta Materialia,The effects of wide range of compositional changes on the martensitic transformation characteristics of NiTiHf shape memory alloys,2019,50.3,24.7,335,Ni50.3Ti24.700000000000003Hf25.0 %,25
T. Umale; D. Salas; B. Tomes; R. Arroyave and I. Karaman,Scripta Materialia,The effects of wide range of compositional changes on the martensitic transformation characteristics of NiTiHf shape memory alloys,2019,50.3,19.7,487,Ni50.3Ti19.700000000000003Hf30.0 %,30
C. M. Denowh,Mechanical Engineering,Thermomechanical training and characterization of Ni–Ti–Hf and Ni–Ti–Hf–Cu high temperature shape memory alloys,2011,50.3,29.7,134,Ni50.3Ti29.7Hf20.0 %,20
C. M. Denowh,Mechanical Engineering,Thermomechanical training and characterization of Ni–Ti–Hf and Ni–Ti–Hf–Cu high temperature shape memory alloys,2011,50.3,29.7,137,Ni50.3Ti29.7Hf20.0 %,20
C. M. Denowh,Mechanical Engineering,Thermomechanical training and characterization of Ni–Ti–Hf and Ni–Ti–Hf–Cu high temperature shape memory alloys,2011,50.3,29.7,151,Ni50.3Ti29.7Hf20.0 %,20
C. M. Denowh,Mechanical Engineering,Thermomechanical training and characterization of Ni–Ti–Hf and Ni–Ti–Hf–Cu high temperature shape memory alloys,2011,50.3,29.7,155,Ni50.3Ti29.7Hf20.0 %,20
C. M. Denowh,Mechanical Engineering,Thermomechanical training and characterization of Ni–Ti–Hf and Ni–Ti–Hf–Cu high temperature shape memory alloys,2011,50.3,29.7,166,Ni50.3Ti29.7Hf20.0 %,20
C. M. Denowh,Mechanical Engineering,Thermomechanical training and characterization of Ni–Ti–Hf and Ni–Ti–Hf–Cu high temperature shape memory alloys,2011,50.3,29.7,164,Ni50.3Ti29.7Hf20.0 %,20
C. M. Denowh,Mechanical Engineering,Thermomechanical training and characterization of Ni–Ti–Hf and Ni–Ti–Hf–Cu high temperature shape memory alloys,2011,50.3,29.7,155,Ni50.3Ti29.7Hf20.0 %,20
C. M. Denowh,Mechanical Engineering,Thermomechanical training and characterization of Ni–Ti–Hf and Ni–Ti–Hf–Cu high temperature shape memory alloys,2011,50.3,29.7,161,Ni50.3Ti29.7Hf20.0 %,20
C. M. Denowh,Mechanical Engineering,Thermomechanical training and characterization of Ni–Ti–Hf and Ni–Ti–Hf–Cu high temperature shape memory alloys,2011,50.3,29.7,167,Ni50.3Ti29.7Hf20.0 %,20
C. M. Denowh,Mechanical Engineering,Thermomechanical training and characterization of Ni–Ti–Hf and Ni–Ti–Hf–Cu high temperature shape memory alloys,2011,50.3,29.7,167,Ni50.3Ti29.7Hf20.0 %,20
C. M. Denowh,Mechanical Engineering,Thermomechanical training and characterization of Ni–Ti–Hf and Ni–Ti–Hf–Cu high temperature shape memory alloys,2011,50.3,29.7,186,Ni50.3Ti29.7Hf20.0 %,20
C. M. Denowh,Mechanical Engineering,Thermomechanical training and characterization of Ni–Ti–Hf and Ni–Ti–Hf–Cu high temperature shape memory alloys,2011,50.3,29.7,181,Ni50.3Ti29.7Hf20.0 %,20
C. M. Denowh,Mechanical Engineering,Thermomechanical training and characterization of Ni–Ti–Hf and Ni–Ti–Hf–Cu high temperature shape memory alloys,2011,50.3,29.7,190,Ni50.3Ti29.7Hf20.0 %,20
C. M. Denowh,Mechanical Engineering,Thermomechanical training and characterization of Ni–Ti–Hf and Ni–Ti–Hf–Cu high temperature shape memory alloys,2011,50.3,29.7,215,Ni50.3Ti29.7Hf20.0 %,20
C. M. Denowh,Mechanical Engineering,Thermomechanical training and characterization of Ni–Ti–Hf and Ni–Ti–Hf–Cu high temperature shape memory alloys,2011,50.3,29.7,191,Ni50.3Ti29.7Hf20.0 %,20
C. M. Denowh,Mechanical Engineering,Thermomechanical training and characterization of Ni–Ti–Hf and Ni–Ti–Hf–Cu high temperature shape memory alloys,2011,50.3,29.7,225,Ni50.3Ti29.7Hf20.0 %,20
C. M. Denowh,Mechanical Engineering,Thermomechanical training and characterization of Ni–Ti–Hf and Ni–Ti–Hf–Cu high temperature shape memory alloys,2011,50.3,29.7,219,Ni50.3Ti29.7Hf20.0 %,20
C. M. Denowh,Mechanical Engineering,Thermomechanical training and characterization of Ni–Ti–Hf and Ni–Ti–Hf–Cu high temperature shape memory alloys,2011,50.3,29.7,243,Ni50.3Ti29.7Hf20.0 %,20
C. M. Denowh,Mechanical Engineering,Thermomechanical training and characterization of Ni–Ti–Hf and Ni–Ti–Hf–Cu high temperature shape memory alloys,2011,50.3,29.7,247,Ni50.3Ti29.7Hf20.0 %,20
C. M. Denowh,Mechanical Engineering,Thermomechanical training and characterization of Ni–Ti–Hf and Ni–Ti–Hf–Cu high temperature shape memory alloys,2011,50.3,29.7,214,Ni50.3Ti29.7Hf20.0 %,20
C. M. Denowh and D. A. Miller,Smart Materials and Structures,Thermomechanical training and characterization of Ni–Ti–Hf and Ni–Ti–Hf–Cu high temperature shape memory alloys,2012,50.3,29.7,162,Ni50.3Ti29.7Hf20.0 %,20
C. M. Denowh and D. A. Miller,Smart Materials and Structures,Thermomechanical training and characterization of Ni–Ti–Hf and Ni–Ti–Hf–Cu high temperature shape memory alloys,2012,50.3,29.7,201,Ni50.3Ti29.7Hf20.0 %,20
C. M. Denowh and D. A. Miller,Smart Materials and Structures,Thermomechanical training and characterization of Ni–Ti–Hf and Ni–Ti–Hf–Cu high temperature shape memory alloys,2012,50.3,29.7,235,Ni50.3Ti29.7Hf20.0 %,20
A. P. Stebner; G. S. Bigelow; J. Yang; D. P. Shukla; S. M. Saghaian; R. Rogers; A. Garg; H. E. Karaca; Y. Chumlyakov; K. Bhattacharya and R. D. Noebe,Acta Materialia,Transformation strains and temperatures of a nickel–titanium–hafnium high temperature shape memory alloy,2014,50.3,29.7,84,Ni50.3Ti29.7Hf20.0 %,20
A. P. Stebner; G. S. Bigelow; J. Yang; D. P. Shukla; S. M. Saghaian; R. Rogers; A. Garg; H. E. Karaca; Y. Chumlyakov; K. Bhattacharya and R. D. Noebe,Acta Materialia,Transformation strains and temperatures of a nickel–titanium–hafnium high temperature shape memory alloy,2014,50.3,29.7,86,Ni50.3Ti29.7Hf20.0 %,20
A. P. Stebner; G. S. Bigelow; J. Yang; D. P. Shukla; S. M. Saghaian; R. Rogers; A. Garg; H. E. Karaca; Y. Chumlyakov; K. Bhattacharya and R. D. Noebe,Acta Materialia,Transformation strains and temperatures of a nickel–titanium–hafnium high temperature shape memory alloy,2014,50.3,29.7,84,Ni50.3Ti29.7Hf20.0 %,20
A. P. Stebner; G. S. Bigelow; J. Yang; D. P. Shukla; S. M. Saghaian; R. Rogers; A. Garg; H. E. Karaca; Y. Chumlyakov; K. Bhattacharya and R. D. Noebe,Acta Materialia,Transformation strains and temperatures of a nickel–titanium–hafnium high temperature shape memory alloy,2014,50.3,29.7,86,Ni50.3Ti29.7Hf20.0 %,20
A. P. Stebner; G. S. Bigelow; J. Yang; D. P. Shukla; S. M. Saghaian; R. Rogers; A. Garg; H. E. Karaca; Y. Chumlyakov; K. Bhattacharya and R. D. Noebe,Acta Materialia,Transformation strains and temperatures of a nickel–titanium–hafnium high temperature shape memory alloy,2014,50.3,29.7,93,Ni50.3Ti29.7Hf20.0 %,20
A. P. Stebner; G. S. Bigelow; J. Yang; D. P. Shukla; S. M. Saghaian; R. Rogers; A. Garg; H. E. Karaca; Y. Chumlyakov; K. Bhattacharya and R. D. Noebe,Acta Materialia,Transformation strains and temperatures of a nickel–titanium–hafnium high temperature shape memory alloy,2014,50.3,29.7,100,Ni50.3Ti29.7Hf20.0 %,20
A. P. Stebner; G. S. Bigelow; J. Yang; D. P. Shukla; S. M. Saghaian; R. Rogers; A. Garg; H. E. Karaca; Y. Chumlyakov; K. Bhattacharya and R. D. Noebe,Acta Materialia,Transformation strains and temperatures of a nickel–titanium–hafnium high temperature shape memory alloy,2014,50.3,29.7,110,Ni50.3Ti29.7Hf20.0 %,20
A. P. Stebner; G. S. Bigelow; J. Yang; D. P. Shukla; S. M. Saghaian; R. Rogers; A. Garg; H. E. Karaca; Y. Chumlyakov; K. Bhattacharya and R. D. Noebe,Acta Materialia,Transformation strains and temperatures of a nickel–titanium–hafnium high temperature shape memory alloy,2014,50.3,29.7,121,Ni50.3Ti29.7Hf20.0 %,20
A. P. Stebner; G. S. Bigelow; J. Yang; D. P. Shukla; S. M. Saghaian; R. Rogers; A. Garg; H. E. Karaca; Y. Chumlyakov; K. Bhattacharya and R. D. Noebe,Acta Materialia,Transformation strains and temperatures of a nickel–titanium–hafnium high temperature shape memory alloy,2014,50.3,29.7,131,Ni50.3Ti29.7Hf20.0 %,20
A. P. Stebner; G. S. Bigelow; J. Yang; D. P. Shukla; S. M. Saghaian; R. Rogers; A. Garg; H. E. Karaca; Y. Chumlyakov; K. Bhattacharya and R. D. Noebe,Acta Materialia,Transformation strains and temperatures of a nickel–titanium–hafnium high temperature shape memory alloy,2014,50.3,29.7,142,Ni50.3Ti29.7Hf20.0 %,20
A. P. Stebner; G. S. Bigelow; J. Yang; D. P. Shukla; S. M. Saghaian; R. Rogers; A. Garg; H. E. Karaca; Y. Chumlyakov; K. Bhattacharya and R. D. Noebe,Acta Materialia,Transformation strains and temperatures of a nickel–titanium–hafnium high temperature shape memory alloy,2014,50.3,29.7,150,Ni50.3Ti29.7Hf20.0 %,20
A. P. Stebner; G. S. Bigelow; J. Yang; D. P. Shukla; S. M. Saghaian; R. Rogers; A. Garg; H. E. Karaca; Y. Chumlyakov; K. Bhattacharya and R. D. Noebe,Acta Materialia,Transformation strains and temperatures of a nickel–titanium–hafnium high temperature shape memory alloy,2014,50.3,29.7,151,Ni50.3Ti29.7Hf20.0 %,20
A. P. Stebner; G. S. Bigelow; J. Yang; D. P. Shukla; S. M. Saghaian; R. Rogers; A. Garg; H. E. Karaca; Y. Chumlyakov; K. Bhattacharya and R. D. Noebe,Acta Materialia,Transformation strains and temperatures of a nickel–titanium–hafnium high temperature shape memory alloy,2014,50.3,29.7,142,Ni50.3Ti29.7Hf20.0 %,20
A. P. Stebner; G. S. Bigelow; J. Yang; D. P. Shukla; S. M. Saghaian; R. Rogers; A. Garg; H. E. Karaca; Y. Chumlyakov; K. Bhattacharya and R. D. Noebe,Acta Materialia,Transformation strains and temperatures of a nickel–titanium–hafnium high temperature shape memory alloy,2014,50.3,29.7,136,Ni50.3Ti29.7Hf20.0 %,20
A. P. Stebner; G. S. Bigelow; J. Yang; D. P. Shukla; S. M. Saghaian; R. Rogers; A. Garg; H. E. Karaca; Y. Chumlyakov; K. Bhattacharya and R. D. Noebe,Acta Materialia,Transformation strains and temperatures of a nickel–titanium–hafnium high temperature shape memory alloy,2014,50.3,29.7,133,Ni50.3Ti29.7Hf20.0 %,20
A. P. Stebner; G. S. Bigelow; J. Yang; D. P. Shukla; S. M. Saghaian; R. Rogers; A. Garg; H. E. Karaca; Y. Chumlyakov; K. Bhattacharya and R. D. Noebe,Acta Materialia,Transformation strains and temperatures of a nickel–titanium–hafnium high temperature shape memory alloy,2014,50.3,29.7,139,Ni50.3Ti29.7Hf20.0 %,20
A. P. Stebner; G. S. Bigelow; J. Yang; D. P. Shukla; S. M. Saghaian; R. Rogers; A. Garg; H. E. Karaca; Y. Chumlyakov; K. Bhattacharya and R. D. Noebe,Acta Materialia,Transformation strains and temperatures of a nickel–titanium–hafnium high temperature shape memory alloy,2014,50.3,29.7,129,Ni50.3Ti29.7Hf20.0 %,20
A. P. Stebner; G. S. Bigelow; J. Yang; D. P. Shukla; S. M. Saghaian; R. Rogers; A. Garg; H. E. Karaca; Y. Chumlyakov; K. Bhattacharya and R. D. Noebe,Acta Materialia,Transformation strains and temperatures of a nickel–titanium–hafnium high temperature shape memory alloy,2014,50.3,29.7,148,Ni50.3Ti29.7Hf20.0 %,20
A. P. Stebner; G. S. Bigelow; J. Yang; D. P. Shukla; S. M. Saghaian; R. Rogers; A. Garg; H. E. Karaca; Y. Chumlyakov; K. Bhattacharya and R. D. Noebe,Acta Materialia,Transformation strains and temperatures of a nickel–titanium–hafnium high temperature shape memory alloy,2014,50.3,29.7,146,Ni50.3Ti29.7Hf20.0 %,20
A. P. Stebner; G. S. Bigelow; J. Yang; D. P. Shukla; S. M. Saghaian; R. Rogers; A. Garg; H. E. Karaca; Y. Chumlyakov; K. Bhattacharya and R. D. Noebe,Acta Materialia,Transformation strains and temperatures of a nickel–titanium–hafnium high temperature shape memory alloy,2014,50.3,29.7,125,Ni50.3Ti29.7Hf20.0 %,20
A. P. Stebner; G. S. Bigelow; J. Yang; D. P. Shukla; S. M. Saghaian; R. Rogers; A. Garg; H. E. Karaca; Y. Chumlyakov; K. Bhattacharya and R. D. Noebe,Acta Materialia,Transformation strains and temperatures of a nickel–titanium–hafnium high temperature shape memory alloy,2014,50.3,29.7,159,Ni50.3Ti29.7Hf20.0 %,20
A. P. Stebner; G. S. Bigelow; J. Yang; D. P. Shukla; S. M. Saghaian; R. Rogers; A. Garg; H. E. Karaca; Y. Chumlyakov; K. Bhattacharya and R. D. Noebe,Acta Materialia,Transformation strains and temperatures of a nickel–titanium–hafnium high temperature shape memory alloy,2014,50.3,29.7,154,Ni50.3Ti29.7Hf20.0 %,20
A. P. Stebner; G. S. Bigelow; J. Yang; D. P. Shukla; S. M. Saghaian; R. Rogers; A. Garg; H. E. Karaca; Y. Chumlyakov; K. Bhattacharya and R. D. Noebe,Acta Materialia,Transformation strains and temperatures of a nickel–titanium–hafnium high temperature shape memory alloy,2014,50.3,29.7,151,Ni50.3Ti29.7Hf20.0 %,20
A. P. Stebner; G. S. Bigelow; J. Yang; D. P. Shukla; S. M. Saghaian; R. Rogers; A. Garg; H. E. Karaca; Y. Chumlyakov; K. Bhattacharya and R. D. Noebe,Acta Materialia,Transformation strains and temperatures of a nickel–titanium–hafnium high temperature shape memory alloy,2014,50.3,29.7,156,Ni50.3Ti29.7Hf20.0 %,20
A. P. Stebner; G. S. Bigelow; J. Yang; D. P. Shukla; S. M. Saghaian; R. Rogers; A. Garg; H. E. Karaca; Y. Chumlyakov; K. Bhattacharya and R. D. Noebe,Acta Materialia,Transformation strains and temperatures of a nickel–titanium–hafnium high temperature shape memory alloy,2014,50.3,29.7,163,Ni50.3Ti29.7Hf20.0 %,20
A. P. Stebner; G. S. Bigelow; J. Yang; D. P. Shukla; S. M. Saghaian; R. Rogers; A. Garg; H. E. Karaca; Y. Chumlyakov; K. Bhattacharya and R. D. Noebe,Acta Materialia,Transformation strains and temperatures of a nickel–titanium–hafnium high temperature shape memory alloy,2014,50.3,29.7,120,Ni50.3Ti29.7Hf20.0 %,20
A. P. Stebner; G. S. Bigelow; J. Yang; D. P. Shukla; S. M. Saghaian; R. Rogers; A. Garg; H. E. Karaca; Y. Chumlyakov; K. Bhattacharya and R. D. Noebe,Acta Materialia,Transformation strains and temperatures of a nickel–titanium–hafnium high temperature shape memory alloy,2014,50.3,29.7,122,Ni50.3Ti29.7Hf20.0 %,20
A. P. Stebner; G. S. Bigelow; J. Yang; D. P. Shukla; S. M. Saghaian; R. Rogers; A. Garg; H. E. Karaca; Y. Chumlyakov; K. Bhattacharya and R. D. Noebe,Acta Materialia,Transformation strains and temperatures of a nickel–titanium–hafnium high temperature shape memory alloy,2014,50.3,29.7,119,Ni50.3Ti29.7Hf20.0 %,20
A. P. Stebner; G. S. Bigelow; J. Yang; D. P. Shukla; S. M. Saghaian; R. Rogers; A. Garg; H. E. Karaca; Y. Chumlyakov; K. Bhattacharya and R. D. Noebe,Acta Materialia,Transformation strains and temperatures of a nickel–titanium–hafnium high temperature shape memory alloy,2014,50.3,29.7,116,Ni50.3Ti29.7Hf20.0 %,20
A. P. Stebner; G. S. Bigelow; J. Yang; D. P. Shukla; S. M. Saghaian; R. Rogers; A. Garg; H. E. Karaca; Y. Chumlyakov; K. Bhattacharya and R. D. Noebe,Acta Materialia,Transformation strains and temperatures of a nickel–titanium–hafnium high temperature shape memory alloy,2014,50.3,29.7,164,Ni50.3Ti29.7Hf20.0 %,20
A. P. Stebner; G. S. Bigelow; J. Yang; D. P. Shukla; S. M. Saghaian; R. Rogers; A. Garg; H. E. Karaca; Y. Chumlyakov; K. Bhattacharya and R. D. Noebe,Acta Materialia,Transformation strains and temperatures of a nickel–titanium–hafnium high temperature shape memory alloy,2014,50.3,29.7,151,Ni50.3Ti29.7Hf20.0 %,20
A. P. Stebner; G. S. Bigelow; J. Yang; D. P. Shukla; S. M. Saghaian; R. Rogers; A. Garg; H. E. Karaca; Y. Chumlyakov; K. Bhattacharya and R. D. Noebe,Acta Materialia,Transformation strains and temperatures of a nickel–titanium–hafnium high temperature shape memory alloy,2014,50.3,29.7,189,Ni50.3Ti29.7Hf20.0 %,20
A. P. Stebner; G. S. Bigelow; J. Yang; D. P. Shukla; S. M. Saghaian; R. Rogers; A. Garg; H. E. Karaca; Y. Chumlyakov; K. Bhattacharya and R. D. Noebe,Acta Materialia,Transformation strains and temperatures of a nickel–titanium–hafnium high temperature shape memory alloy,2014,50.3,29.7,201,Ni50.3Ti29.7Hf20.0 %,20
A. P. Stebner; G. S. Bigelow; J. Yang; D. P. Shukla; S. M. Saghaian; R. Rogers; A. Garg; H. E. Karaca; Y. Chumlyakov; K. Bhattacharya and R. D. Noebe,Acta Materialia,Transformation strains and temperatures of a nickel–titanium–hafnium high temperature shape memory alloy,2014,50.3,29.7,178,Ni50.3Ti29.7Hf20.0 %,20
A. P. Stebner; G. S. Bigelow; J. Yang; D. P. Shukla; S. M. Saghaian; R. Rogers; A. Garg; H. E. Karaca; Y. Chumlyakov; K. Bhattacharya and R. D. Noebe,Acta Materialia,Transformation strains and temperatures of a nickel–titanium–hafnium high temperature shape memory alloy,2014,50.3,29.7,133,Ni50.3Ti29.7Hf20.0 %,20
A. P. Stebner; G. S. Bigelow; J. Yang; D. P. Shukla; S. M. Saghaian; R. Rogers; A. Garg; H. E. Karaca; Y. Chumlyakov; K. Bhattacharya and R. D. Noebe,Acta Materialia,Transformation strains and temperatures of a nickel–titanium–hafnium high temperature shape memory alloy,2014,50.3,29.7,210,Ni50.3Ti29.7Hf20.0 %,20
A. P. Stebner; G. S. Bigelow; J. Yang; D. P. Shukla; S. M. Saghaian; R. Rogers; A. Garg; H. E. Karaca; Y. Chumlyakov; K. Bhattacharya and R. D. Noebe,Acta Materialia,Transformation strains and temperatures of a nickel–titanium–hafnium high temperature shape memory alloy,2014,50.3,29.7,216,Ni50.3Ti29.7Hf20.0 %,20
A. P. Stebner; G. S. Bigelow; J. Yang; D. P. Shukla; S. M. Saghaian; R. Rogers; A. Garg; H. E. Karaca; Y. Chumlyakov; K. Bhattacharya and R. D. Noebe,Acta Materialia,Transformation strains and temperatures of a nickel–titanium–hafnium high temperature shape memory alloy,2014,50.3,29.7,123,Ni50.3Ti29.7Hf20.0 %,20
A. P. Stebner; G. S. Bigelow; J. Yang; D. P. Shukla; S. M. Saghaian; R. Rogers; A. Garg; H. E. Karaca; Y. Chumlyakov; K. Bhattacharya and R. D. Noebe,Acta Materialia,Transformation strains and temperatures of a nickel–titanium–hafnium high temperature shape memory alloy,2014,50.3,29.7,124,Ni50.3Ti29.7Hf20.0 %,20
A. P. Stebner; G. S. Bigelow; J. Yang; D. P. Shukla; S. M. Saghaian; R. Rogers; A. Garg; H. E. Karaca; Y. Chumlyakov; K. Bhattacharya and R. D. Noebe,Acta Materialia,Transformation strains and temperatures of a nickel–titanium–hafnium high temperature shape memory alloy,2014,50.3,29.7,229,Ni50.3Ti29.7Hf20.0 %,20
A. P. Stebner; G. S. Bigelow; J. Yang; D. P. Shukla; S. M. Saghaian; R. Rogers; A. Garg; H. E. Karaca; Y. Chumlyakov; K. Bhattacharya and R. D. Noebe,Acta Materialia,Transformation strains and temperatures of a nickel–titanium–hafnium high temperature shape memory alloy,2014,50.3,29.7,121,Ni50.3Ti29.7Hf20.0 %,20
A. P. Stebner; G. S. Bigelow; J. Yang; D. P. Shukla; S. M. Saghaian; R. Rogers; A. Garg; H. E. Karaca; Y. Chumlyakov; K. Bhattacharya and R. D. Noebe,Acta Materialia,Transformation strains and temperatures of a nickel–titanium–hafnium high temperature shape memory alloy,2014,50.3,29.7,169,Ni50.3Ti29.7Hf20.0 %,20
A. P. Stebner; G. S. Bigelow; J. Yang; D. P. Shukla; S. M. Saghaian; R. Rogers; A. Garg; H. E. Karaca; Y. Chumlyakov; K. Bhattacharya and R. D. Noebe,Acta Materialia,Transformation strains and temperatures of a nickel–titanium–hafnium high temperature shape memory alloy,2014,50.3,29.7,158,Ni50.3Ti29.7Hf20.0 %,20
A. P. Stebner; G. S. Bigelow; J. Yang; D. P. Shukla; S. M. Saghaian; R. Rogers; A. Garg; H. E. Karaca; Y. Chumlyakov; K. Bhattacharya and R. D. Noebe,Acta Materialia,Transformation strains and temperatures of a nickel–titanium–hafnium high temperature shape memory alloy,2014,50.3,29.7,148,Ni50.3Ti29.7Hf20.0 %,20
A. P. Stebner; G. S. Bigelow; J. Yang; D. P. Shukla; S. M. Saghaian; R. Rogers; A. Garg; H. E. Karaca; Y. Chumlyakov; K. Bhattacharya and R. D. Noebe,Acta Materialia,Transformation strains and temperatures of a nickel–titanium–hafnium high temperature shape memory alloy,2014,50.3,29.7,177,Ni50.3Ti29.7Hf20.0 %,20
A. P. Stebner; G. S. Bigelow; J. Yang; D. P. Shukla; S. M. Saghaian; R. Rogers; A. Garg; H. E. Karaca; Y. Chumlyakov; K. Bhattacharya and R. D. Noebe,Acta Materialia,Transformation strains and temperatures of a nickel–titanium–hafnium high temperature shape memory alloy,2014,50.3,29.7,185,Ni50.3Ti29.7Hf20.0 %,20
A. P. Stebner; G. S. Bigelow; J. Yang; D. P. Shukla; S. M. Saghaian; R. Rogers; A. Garg; H. E. Karaca; Y. Chumlyakov; K. Bhattacharya and R. D. Noebe,Acta Materialia,Transformation strains and temperatures of a nickel–titanium–hafnium high temperature shape memory alloy,2014,50.3,29.7,140,Ni50.3Ti29.7Hf20.0 %,20
A. P. Stebner; G. S. Bigelow; J. Yang; D. P. Shukla; S. M. Saghaian; R. Rogers; A. Garg; H. E. Karaca; Y. Chumlyakov; K. Bhattacharya and R. D. Noebe,Acta Materialia,Transformation strains and temperatures of a nickel–titanium–hafnium high temperature shape memory alloy,2014,50.3,29.7,197,Ni50.3Ti29.7Hf20.0 %,20
A. P. Stebner; G. S. Bigelow; J. Yang; D. P. Shukla; S. M. Saghaian; R. Rogers; A. Garg; H. E. Karaca; Y. Chumlyakov; K. Bhattacharya and R. D. Noebe,Acta Materialia,Transformation strains and temperatures of a nickel–titanium–hafnium high temperature shape memory alloy,2014,50.3,29.7,126,Ni50.3Ti29.7Hf20.0 %,20
A. P. Stebner; G. S. Bigelow; J. Yang; D. P. Shukla; S. M. Saghaian; R. Rogers; A. Garg; H. E. Karaca; Y. Chumlyakov; K. Bhattacharya and R. D. Noebe,Acta Materialia,Transformation strains and temperatures of a nickel–titanium–hafnium high temperature shape memory alloy,2014,50.3,29.7,203,Ni50.3Ti29.7Hf20.0 %,20
A. P. Stebner; G. S. Bigelow; J. Yang; D. P. Shukla; S. M. Saghaian; R. Rogers; A. Garg; H. E. Karaca; Y. Chumlyakov; K. Bhattacharya and R. D. Noebe,Acta Materialia,Transformation strains and temperatures of a nickel–titanium–hafnium high temperature shape memory alloy,2014,50.3,29.7,116,Ni50.3Ti29.7Hf20.0 %,20
A. P. Stebner; G. S. Bigelow; J. Yang; D. P. Shukla; S. M. Saghaian; R. Rogers; A. Garg; H. E. Karaca; Y. Chumlyakov; K. Bhattacharya and R. D. Noebe,Acta Materialia,Transformation strains and temperatures of a nickel–titanium–hafnium high temperature shape memory alloy,2014,50.3,29.7,110,Ni50.3Ti29.7Hf20.0 %,20
A. P. Stebner; G. S. Bigelow; J. Yang; D. P. Shukla; S. M. Saghaian; R. Rogers; A. Garg; H. E. Karaca; Y. Chumlyakov; K. Bhattacharya and R. D. Noebe,Acta Materialia,Transformation strains and temperatures of a nickel–titanium–hafnium high temperature shape memory alloy,2014,50.3,29.7,113,Ni50.3Ti29.7Hf20.0 %,20
A. P. Stebner; G. S. Bigelow; J. Yang; D. P. Shukla; S. M. Saghaian; R. Rogers; A. Garg; H. E. Karaca; Y. Chumlyakov; K. Bhattacharya and R. D. Noebe,Acta Materialia,Transformation strains and temperatures of a nickel–titanium–hafnium high temperature shape memory alloy,2014,50.3,29.7,159,Ni50.3Ti29.7Hf20.0 %,20
A. P. Stebner; G. S. Bigelow; J. Yang; D. P. Shukla; S. M. Saghaian; R. Rogers; A. Garg; H. E. Karaca; Y. Chumlyakov; K. Bhattacharya and R. D. Noebe,Acta Materialia,Transformation strains and temperatures of a nickel–titanium–hafnium high temperature shape memory alloy,2014,50.3,29.7,153,Ni50.3Ti29.7Hf20.0 %,20
A. P. Stebner; G. S. Bigelow; J. Yang; D. P. Shukla; S. M. Saghaian; R. Rogers; A. Garg; H. E. Karaca; Y. Chumlyakov; K. Bhattacharya and R. D. Noebe,Acta Materialia,Transformation strains and temperatures of a nickel–titanium–hafnium high temperature shape memory alloy,2014,50.3,29.7,164,Ni50.3Ti29.7Hf20.0 %,20
A. P. Stebner; G. S. Bigelow; J. Yang; D. P. Shukla; S. M. Saghaian; R. Rogers; A. Garg; H. E. Karaca; Y. Chumlyakov; K. Bhattacharya and R. D. Noebe,Acta Materialia,Transformation strains and temperatures of a nickel–titanium–hafnium high temperature shape memory alloy,2014,50.3,29.7,151,Ni50.3Ti29.7Hf20.0 %,20
A. P. Stebner; G. S. Bigelow; J. Yang; D. P. Shukla; S. M. Saghaian; R. Rogers; A. Garg; H. E. Karaca; Y. Chumlyakov; K. Bhattacharya and R. D. Noebe,Acta Materialia,Transformation strains and temperatures of a nickel–titanium–hafnium high temperature shape memory alloy,2014,50.3,29.7,171,Ni50.3Ti29.7Hf20.0 %,20
A. P. Stebner; G. S. Bigelow; J. Yang; D. P. Shukla; S. M. Saghaian; R. Rogers; A. Garg; H. E. Karaca; Y. Chumlyakov; K. Bhattacharya and R. D. Noebe,Acta Materialia,Transformation strains and temperatures of a nickel–titanium–hafnium high temperature shape memory alloy,2014,50.3,29.7,146,Ni50.3Ti29.7Hf20.0 %,20
A. P. Stebner; G. S. Bigelow; J. Yang; D. P. Shukla; S. M. Saghaian; R. Rogers; A. Garg; H. E. Karaca; Y. Chumlyakov; K. Bhattacharya and R. D. Noebe,Acta Materialia,Transformation strains and temperatures of a nickel–titanium–hafnium high temperature shape memory alloy,2014,50.3,29.7,179,Ni50.3Ti29.7Hf20.0 %,20
A. P. Stebner; G. S. Bigelow; J. Yang; D. P. Shukla; S. M. Saghaian; R. Rogers; A. Garg; H. E. Karaca; Y. Chumlyakov; K. Bhattacharya and R. D. Noebe,Acta Materialia,Transformation strains and temperatures of a nickel–titanium–hafnium high temperature shape memory alloy,2014,50.3,29.7,186,Ni50.3Ti29.7Hf20.0 %,20
A. P. Stebner; G. S. Bigelow; J. Yang; D. P. Shukla; S. M. Saghaian; R. Rogers; A. Garg; H. E. Karaca; Y. Chumlyakov; K. Bhattacharya and R. D. Noebe,Acta Materialia,Transformation strains and temperatures of a nickel–titanium–hafnium high temperature shape memory alloy,2014,50.3,29.7,196,Ni50.3Ti29.7Hf20.0 %,20
A. P. Stebner; G. S. Bigelow; J. Yang; D. P. Shukla; S. M. Saghaian; R. Rogers; A. Garg; H. E. Karaca; Y. Chumlyakov; K. Bhattacharya and R. D. Noebe,Acta Materialia,Transformation strains and temperatures of a nickel–titanium–hafnium high temperature shape memory alloy,2014,50.3,29.7,203,Ni50.3Ti29.7Hf20.0 %,20
A. P. Stebner; G. S. Bigelow; J. Yang; D. P. Shukla; S. M. Saghaian; R. Rogers; A. Garg; H. E. Karaca; Y. Chumlyakov; K. Bhattacharya and R. D. Noebe,Acta Materialia,Transformation strains and temperatures of a nickel–titanium–hafnium high temperature shape memory alloy,2014,50.3,29.7,209,Ni50.3Ti29.7Hf20.0 %,20
A. P. Stebner; G. S. Bigelow; J. Yang; D. P. Shukla; S. M. Saghaian; R. Rogers; A. Garg; H. E. Karaca; Y. Chumlyakov; K. Bhattacharya and R. D. Noebe,Acta Materialia,Transformation strains and temperatures of a nickel–titanium–hafnium high temperature shape memory alloy,2014,50.3,29.7,217,Ni50.3Ti29.7Hf20.0 %,20
C. Hayrettin; O. Karakoc; I. Karaman; J. H. Mabe; R. Santamarta and J. Pons,Acta Materialia,Two way shape memory effect in NiTiHf high temperature shape memory alloy tubes,2019,50.3,29.7,142,Ni50.3Ti29.7Hf20.0 %,20
C. Hayrettin; O. Karakoc; I. Karaman; J. H. Mabe; R. Santamarta and J. Pons,Acta Materialia,Two way shape memory effect in NiTiHf high temperature shape memory alloy tubes,2019,50.3,29.7,143,Ni50.3Ti29.7Hf20.0 %,20
C. Hayrettin; O. Karakoc; I. Karaman; J. H. Mabe; R. Santamarta and J. Pons,Acta Materialia,Two way shape memory effect in NiTiHf high temperature shape memory alloy tubes,2019,50.3,29.7,141,Ni50.3Ti29.7Hf20.0 %,20
C. Hayrettin; O. Karakoc; I. Karaman; J. H. Mabe; R. Santamarta and J. Pons,Acta Materialia,Two way shape memory effect in NiTiHf high temperature shape memory alloy tubes,2019,50.3,29.7,138,Ni50.3Ti29.7Hf20.0 %,20
C. Hayrettin; O. Karakoc; I. Karaman; J. H. Mabe; R. Santamarta and J. Pons,Acta Materialia,Two way shape memory effect in NiTiHf high temperature shape memory alloy tubes,2019,50.3,29.7,140,Ni50.3Ti29.7Hf20.0 %,20
C. Hayrettin; O. Karakoc; I. Karaman; J. H. Mabe; R. Santamarta and J. Pons,Acta Materialia,Two way shape memory effect in NiTiHf high temperature shape memory alloy tubes,2019,50.3,29.7,143,Ni50.3Ti29.7Hf20.0 %,20
C. Hayrettin; O. Karakoc; I. Karaman; J. H. Mabe; R. Santamarta and J. Pons,Acta Materialia,Two way shape memory effect in NiTiHf high temperature shape memory alloy tubes,2019,50.3,29.7,144,Ni50.3Ti29.7Hf20.0 %,20
C. Hayrettin; O. Karakoc; I. Karaman; J. H. Mabe; R. Santamarta and J. Pons,Acta Materialia,Two way shape memory effect in NiTiHf high temperature shape memory alloy tubes,2019,50.3,29.7,145,Ni50.3Ti29.7Hf20.0 %,20
C. Hayrettin; O. Karakoc; I. Karaman; J. H. Mabe; R. Santamarta and J. Pons,Acta Materialia,Two way shape memory effect in NiTiHf high temperature shape memory alloy tubes,2019,50.3,29.7,144,Ni50.3Ti29.7Hf20.0 %,20
C. Hayrettin; O. Karakoc; I. Karaman; J. H. Mabe; R. Santamarta and J. Pons,Acta Materialia,Two way shape memory effect in NiTiHf high temperature shape memory alloy tubes,2019,50.3,29.7,151,Ni50.3Ti29.7Hf20.0 %,20
C. Hayrettin; O. Karakoc; I. Karaman; J. H. Mabe; R. Santamarta and J. Pons,Acta Materialia,Two way shape memory effect in NiTiHf high temperature shape memory alloy tubes,2019,50.3,29.7,142,Ni50.3Ti29.7Hf20.0 %,20
C. Hayrettin; O. Karakoc; I. Karaman; J. H. Mabe; R. Santamarta and J. Pons,Acta Materialia,Two way shape memory effect in NiTiHf high temperature shape memory alloy tubes,2019,50.3,29.7,141,Ni50.3Ti29.7Hf20.0 %,20
C. Hayrettin; O. Karakoc; I. Karaman; J. H. Mabe; R. Santamarta and J. Pons,Acta Materialia,Two way shape memory effect in NiTiHf high temperature shape memory alloy tubes,2019,50.3,29.7,140,Ni50.3Ti29.7Hf20.0 %,20
C. Hayrettin; O. Karakoc; I. Karaman; J. H. Mabe; R. Santamarta and J. Pons,Acta Materialia,Two way shape memory effect in NiTiHf high temperature shape memory alloy tubes,2019,50.3,29.7,152,Ni50.3Ti29.7Hf20.0 %,20
C. Hayrettin; O. Karakoc; I. Karaman; J. H. Mabe; R. Santamarta and J. Pons,Acta Materialia,Two way shape memory effect in NiTiHf high temperature shape memory alloy tubes,2019,50.3,29.7,157,Ni50.3Ti29.7Hf20.0 %,20
C. Hayrettin; O. Karakoc; I. Karaman; J. H. Mabe; R. Santamarta and J. Pons,Acta Materialia,Two way shape memory effect in NiTiHf high temperature shape memory alloy tubes,2019,50.3,29.7,162,Ni50.3Ti29.7Hf20.0 %,20
G. S. Firstov; J. Van Humbeeck and Y. N. Koval,Materials Science and Engineering: A,High-temperature shape memory alloys,2004,50.4,34.9,150,Ni50.4Ti34.900000000000006Hf14.7 %,14.7
X. Meng; Y. D. Fu; W. Cai; J. Zhang; Q. F. Li and L. C. Zhao,Solid State Phenomena,Martensitic Transformation Behavior and Shape Memory Effect of an Aged Ni-rich Ti-Ni-Hf High Temperature Shape Memory Alloy,2008,50.4,29.6,110,Ni50.4Ti29.6Hf20.0 %,20
X. Meng; Y. D. Fu; W. Cai; J. Zhang; Q. F. Li and L. C. Zhao,Solid State Phenomena,Martensitic Transformation Behavior and Shape Memory Effect of an Aged Ni-rich Ti-Ni-Hf High Temperature Shape Memory Alloy,2008,50.4,29.6,110,Ni50.4Ti29.6Hf20.0 %,20
X. Meng; Y. D. Fu; W. Cai; J. Zhang; Q. F. Li and L. C. Zhao,Solid State Phenomena,Martensitic Transformation Behavior and Shape Memory Effect of an Aged Ni-rich Ti-Ni-Hf High Temperature Shape Memory Alloy,2008,50.4,29.6,110,Ni50.4Ti29.6Hf20.0 %,20
X. Meng; Y. D. Fu; W. Cai; J. Zhang; Q. F. Li and L. C. Zhao,Solid State Phenomena,Martensitic Transformation Behavior and Shape Memory Effect of an Aged Ni-rich Ti-Ni-Hf High Temperature Shape Memory Alloy,2008,50.4,29.6,112,Ni50.4Ti29.6Hf20.0 %,20
X. Meng; Y. D. Fu; W. Cai; J. Zhang; Q. F. Li and L. C. Zhao,Solid State Phenomena,Martensitic Transformation Behavior and Shape Memory Effect of an Aged Ni-rich Ti-Ni-Hf High Temperature Shape Memory Alloy,2008,50.4,29.6,116,Ni50.4Ti29.6Hf20.0 %,20
X. Meng; Y. D. Fu; W. Cai; J. Zhang; Q. F. Li and L. C. Zhao,Solid State Phenomena,Martensitic Transformation Behavior and Shape Memory Effect of an Aged Ni-rich Ti-Ni-Hf High Temperature Shape Memory Alloy,2008,50.4,29.6,125,Ni50.4Ti29.6Hf20.0 %,20
X. Meng; Y. D. Fu; W. Cai; J. Zhang; Q. F. Li and L. C. Zhao,Solid State Phenomena,Martensitic Transformation Behavior and Shape Memory Effect of an Aged Ni-rich Ti-Ni-Hf High Temperature Shape Memory Alloy,2008,50.4,29.6,124,Ni50.4Ti29.6Hf20.0 %,20
X. Meng; Y. D. Fu; W. Cai; J. Zhang; Q. F. Li and L. C. Zhao,Solid State Phenomena,Martensitic Transformation Behavior and Shape Memory Effect of an Aged Ni-rich Ti-Ni-Hf High Temperature Shape Memory Alloy,2008,50.4,29.6,171,Ni50.4Ti29.6Hf20.0 %,20
X. Meng; Y. D. Fu; W. Cai; J. Zhang; Q. F. Li and L. C. Zhao,Solid State Phenomena,Martensitic Transformation Behavior and Shape Memory Effect of an Aged Ni-rich Ti-Ni-Hf High Temperature Shape Memory Alloy,2008,50.4,29.6,242,Ni50.4Ti29.6Hf20.0 %,20
X. Meng; Y. D. Fu; W. Cai; J. Zhang; Q. F. Li and L. C. Zhao,Solid State Phenomena,Martensitic Transformation Behavior and Shape Memory Effect of an Aged Ni-rich Ti-Ni-Hf High Temperature Shape Memory Alloy,2008,50.4,29.6,253,Ni50.4Ti29.6Hf20.0 %,20
X. Meng; Y. D. Fu; W. Cai; J. Zhang; Q. F. Li and L. C. Zhao,Solid State Phenomena,Martensitic Transformation Behavior and Shape Memory Effect of an Aged Ni-rich Ti-Ni-Hf High Temperature Shape Memory Alloy,2008,50.4,29.6,256,Ni50.4Ti29.6Hf20.0 %,20
X. Meng; Y. D. Fu; W. Cai; J. Zhang; Q. F. Li and L. C. Zhao,Solid State Phenomena,Martensitic Transformation Behavior and Shape Memory Effect of an Aged Ni-rich Ti-Ni-Hf High Temperature Shape Memory Alloy,2008,50.4,29.6,252,Ni50.4Ti29.6Hf20.0 %,20
X. Meng; Y. D. Fu; W. Cai; J. Zhang; Q. F. Li and L. C. Zhao,Solid State Phenomena,Martensitic Transformation Behavior and Shape Memory Effect of an Aged Ni-rich Ti-Ni-Hf High Temperature Shape Memory Alloy,2008,50.4,29.6,251,Ni50.4Ti29.6Hf20.0 %,20
X. Meng; Y. D. Fu; W. Cai; J. Zhang; Q. F. Li and L. C. Zhao,Solid State Phenomena,Martensitic Transformation Behavior and Shape Memory Effect of an Aged Ni-rich Ti-Ni-Hf High Temperature Shape Memory Alloy,2008,50.4,29.6,251,Ni50.4Ti29.6Hf20.0 %,20
X. Meng; Y. D. Fu; W. Cai; J. Zhang; Q. F. Li and L. C. Zhao,Solid State Phenomena,Martensitic Transformation Behavior and Shape Memory Effect of an Aged Ni-rich Ti-Ni-Hf High Temperature Shape Memory Alloy,2008,50.4,29.6,251,Ni50.4Ti29.6Hf20.0 %,20
X. Meng; Y. D. Fu; W. Cai; J. Zhang; Q. F. Li and L. C. Zhao,Solid State Phenomena,Martensitic Transformation Behavior and Shape Memory Effect of an Aged Ni-rich Ti-Ni-Hf High Temperature Shape Memory Alloy,2008,50.4,29.6,257,Ni50.4Ti29.6Hf20.0 %,20
X. Meng; Y. D. Fu; W. Cai; J. Zhang; Q. F. Li and L. C. Zhao,Solid State Phenomena,Martensitic Transformation Behavior and Shape Memory Effect of an Aged Ni-rich Ti-Ni-Hf High Temperature Shape Memory Alloy,2008,50.4,29.6,255,Ni50.4Ti29.6Hf20.0 %,20
X. Meng; Y. D. Fu; W. Cai; J. Zhang; Q. F. Li and L. C. Zhao,Solid State Phenomena,Martensitic Transformation Behavior and Shape Memory Effect of an Aged Ni-rich Ti-Ni-Hf High Temperature Shape Memory Alloy,2008,50.4,29.6,258,Ni50.4Ti29.6Hf20.0 %,20
Y. Wu; E. Ertekin and H. Sehitoglu,Acta Materialia,Elastocaloric cooling capacity of shape memory alloys – Role of deformation temperatures; mechanical cycling; stress hysteresis and inhomogeneity of transformation,2017,50.5,36.2,-33,Ni50.5Ti36.2Hf13.3 %,13.3
D. N. Abujudom; M. Y. Kao; P. E. Thoma and D. R. Angst,US5114504,High transformation temperature shape memory alloy,1992,50.5,39.5,-6,Ni50.5Ti39.5Hf10.0 %,10
D. N. Abujudom; M. Y. Kao; P. E. Thoma and D. R. Angst,US5114504,High transformation temperature shape memory alloy,1992,50.5,24.5,308,Ni50.5Ti24.5Hf25.0 %,25
S. Sanjabi; S. Sadrnezhaad and Z. Barber,Materials Science and Technology,Sputter alloying of Ni; Ti and Hf for fabrication of high temperature shape memory thin films,2007,50.5,34.5,-6,Ni50.5Ti34.5Hf15.0 %,15
H. Sehitoglu; Y. Wu; L. Patriarca; G. Li; A. Ojha; S. Zhang; Y. Chumlyakov and M. Nishida,Shape Memory and Superelasticity,Superelasticity and Shape Memory Behavior of NiTiHf Alloys,2017,50.5,36.2,-16,Ni50.5Ti36.2Hf13.3 %,13.3
D. Angst; P. Thoma and M. Kao,Journal de Physique IV,The Effect of Hafnium Content on the Transformation Temperatures of Ni49Ti51-xHfx. Shape Memory Alloys,1995,50.5,39.5,-6,Ni50.5Ti39.5Hf10.0 %,10
Y. Wu; L. Patriarca; H. Sehitoglu and Y. Chumlyakov,Scripta Materialia,Ultrahigh tensile transformation strains in new Ni50.5Ti36.2Hf13.3 shape memory alloy,2016,50.5,36.2,-32,Ni50.5Ti36.2Hf13.3 %,13.3
X. L. Meng; W. Cai; F. Chen and L. C. Zhao,Scripta Materialia,Effect of aging on martensitic transformation and microstructure in Ni-rich TiNiHf shape memory alloy,2006,50.6,29.4,53,Ni50.6Ti29.4Hf20.0 %,20
X. L. Meng; W. Cai; F. Chen and L. C. Zhao,Scripta Materialia,Effect of aging on martensitic transformation and microstructure in Ni-rich TiNiHf shape memory alloy,2006,50.6,29.4,52,Ni50.6Ti29.4Hf20.0 %,20
X. L. Meng; W. Cai; F. Chen and L. C. Zhao,Scripta Materialia,Effect of aging on martensitic transformation and microstructure in Ni-rich TiNiHf shape memory alloy,2006,50.6,29.4,55,Ni50.6Ti29.4Hf20.0 %,20
X. L. Meng; W. Cai; F. Chen and L. C. Zhao,Scripta Materialia,Effect of aging on martensitic transformation and microstructure in Ni-rich TiNiHf shape memory alloy,2006,50.6,29.4,55,Ni50.6Ti29.4Hf20.0 %,20
X. L. Meng; W. Cai; F. Chen and L. C. Zhao,Scripta Materialia,Effect of aging on martensitic transformation and microstructure in Ni-rich TiNiHf shape memory alloy,2006,50.6,29.4,61,Ni50.6Ti29.4Hf20.0 %,20
X. L. Meng; W. Cai; F. Chen and L. C. Zhao,Scripta Materialia,Effect of aging on martensitic transformation and microstructure in Ni-rich TiNiHf shape memory alloy,2006,50.6,29.4,79,Ni50.6Ti29.4Hf20.0 %,20
X. L. Meng; W. Cai; F. Chen and L. C. Zhao,Scripta Materialia,Effect of aging on martensitic transformation and microstructure in Ni-rich TiNiHf shape memory alloy,2006,50.6,29.4,81,Ni50.6Ti29.4Hf20.0 %,20
X. L. Meng; W. Cai; F. Chen and L. C. Zhao,Scripta Materialia,Effect of aging on martensitic transformation and microstructure in Ni-rich TiNiHf shape memory alloy,2006,50.6,29.4,141,Ni50.6Ti29.4Hf20.0 %,20
X. L. Meng; W. Cai; F. Chen and L. C. Zhao,Scripta Materialia,Effect of aging on martensitic transformation and microstructure in Ni-rich TiNiHf shape memory alloy,2006,50.6,29.4,223,Ni50.6Ti29.4Hf20.0 %,20
X. L. Meng; W. Cai; F. Chen and L. C. Zhao,Scripta Materialia,Effect of aging on martensitic transformation and microstructure in Ni-rich TiNiHf shape memory alloy,2006,50.6,29.4,222,Ni50.6Ti29.4Hf20.0 %,20
X. L. Meng; W. Cai; F. Chen and L. C. Zhao,Scripta Materialia,Effect of aging on martensitic transformation and microstructure in Ni-rich TiNiHf shape memory alloy,2006,50.6,29.4,221,Ni50.6Ti29.4Hf20.0 %,20
X. L. Meng; W. Cai; F. Chen and L. C. Zhao,Scripta Materialia,Effect of aging on martensitic transformation and microstructure in Ni-rich TiNiHf shape memory alloy,2006,50.6,29.4,222,Ni50.6Ti29.4Hf20.0 %,20
X. L. Meng; W. Cai; F. Chen and L. C. Zhao,Scripta Materialia,Effect of aging on martensitic transformation and microstructure in Ni-rich TiNiHf shape memory alloy,2006,50.6,29.4,222,Ni50.6Ti29.4Hf20.0 %,20
X. L. Meng; W. Cai; F. Chen and L. C. Zhao,Scripta Materialia,Effect of aging on martensitic transformation and microstructure in Ni-rich TiNiHf shape memory alloy,2006,50.6,29.4,225,Ni50.6Ti29.4Hf20.0 %,20
X. L. Meng; W. Cai; F. Chen and L. C. Zhao,Scripta Materialia,Effect of aging on martensitic transformation and microstructure in Ni-rich TiNiHf shape memory alloy,2006,50.6,29.4,223,Ni50.6Ti29.4Hf20.0 %,20
X. L. Meng; W. Cai; F. Chen and L. C. Zhao,Scripta Materialia,Effect of aging on martensitic transformation and microstructure in Ni-rich TiNiHf shape memory alloy,2006,50.6,29.4,247,Ni50.6Ti29.4Hf20.0 %,20
X. L. Meng; W. Cai; F. Chen and L. C. Zhao,Scripta Materialia,Effect of aging on martensitic transformation and microstructure in Ni-rich TiNiHf shape memory alloy,2006,50.6,29.4,244,Ni50.6Ti29.4Hf20.0 %,20
L. Patriarca and H. Sehitoglu,Scripta Materialia,High-temperature superelasticity of Ni50.6Ti24.4Hf25.0 shape memory alloy,2015,50.6,24.4,309,Ni50.6Ti24.4Hf25.0 %,25
L. Patriarca and H. Sehitoglu,Scripta Materialia,High-temperature superelasticity of Ni50.6Ti24.4Hf25.0 shape memory alloy,2015,50.6,24.4,229,Ni50.6Ti24.4Hf25.0 %,25
L. Patriarca and H. Sehitoglu,Scripta Materialia,High-temperature superelasticity of Ni50.6Ti24.4Hf25.0 shape memory alloy,2015,50.6,24.4,196,Ni50.6Ti24.4Hf25.0 %,25
L. Patriarca and H. Sehitoglu,Scripta Materialia,High-temperature superelasticity of Ni50.6Ti24.4Hf25.0 shape memory alloy,2015,50.6,24.4,236,Ni50.6Ti24.4Hf25.0 %,25
L. Patriarca and H. Sehitoglu,Scripta Materialia,High-temperature superelasticity of Ni50.6Ti24.4Hf25.0 shape memory alloy,2015,50.6,24.4,255,Ni50.6Ti24.4Hf25.0 %,25
L. Patriarca and H. Sehitoglu,Scripta Materialia,High-temperature superelasticity of Ni50.6Ti24.4Hf25.0 shape memory alloy,2015,50.6,24.4,295,Ni50.6Ti24.4Hf25.0 %,25
L. Patriarca and H. Sehitoglu,Scripta Materialia,High-temperature superelasticity of Ni50.6Ti24.4Hf25.0 shape memory alloy,2015,50.6,24.4,294,Ni50.6Ti24.4Hf25.0 %,25
S. M. Saghaian,Mechanical Engineering,Shape memory behavior of single crystal and polycrystalline Ni-rich NiTiHf high temperature shape memory alloys,2015,50.7,29.3,111,Ni50.7Ti29.3Hf20.0 %,20
S. M. Saghaian,Mechanical Engineering,Shape memory behavior of single crystal and polycrystalline Ni-rich NiTiHf high temperature shape memory alloys,2015,50.7,29.3,106,Ni50.7Ti29.3Hf20.0 %,20
S. M. Saghaian,Mechanical Engineering,Shape memory behavior of single crystal and polycrystalline Ni-rich NiTiHf high temperature shape memory alloys,2015,50.7,29.3,124,Ni50.7Ti29.3Hf20.0 %,20
S. M. Saghaian,Mechanical Engineering,Shape memory behavior of single crystal and polycrystalline Ni-rich NiTiHf high temperature shape memory alloys,2015,50.7,29.3,148,Ni50.7Ti29.3Hf20.0 %,20
S. M. Saghaian,Mechanical Engineering,Shape memory behavior of single crystal and polycrystalline Ni-rich NiTiHf high temperature shape memory alloys,2015,50.7,29.3,154,Ni50.7Ti29.3Hf20.0 %,20
S. M. Saghaian,Mechanical Engineering,Shape memory behavior of single crystal and polycrystalline Ni-rich NiTiHf high temperature shape memory alloys,2015,50.7,29.3,141,Ni50.7Ti29.3Hf20.0 %,20
S. M. Saghaian,Mechanical Engineering,Shape memory behavior of single crystal and polycrystalline Ni-rich NiTiHf high temperature shape memory alloys,2015,50.7,29.3,150,Ni50.7Ti29.3Hf20.0 %,20
S. M. Saghaian,Mechanical Engineering,Shape memory behavior of single crystal and polycrystalline Ni-rich NiTiHf high temperature shape memory alloys,2015,50.7,29.3,160,Ni50.7Ti29.3Hf20.0 %,20
S. M. Saghaian,Mechanical Engineering,Shape memory behavior of single crystal and polycrystalline Ni-rich NiTiHf high temperature shape memory alloys,2015,50.7,29.3,144,Ni50.7Ti29.3Hf20.0 %,20
S. M. Saghaian,Mechanical Engineering,Shape memory behavior of single crystal and polycrystalline Ni-rich NiTiHf high temperature shape memory alloys,2015,50.7,29.3,107,Ni50.7Ti29.3Hf20.0 %,20
S. M. Saghaian,Mechanical Engineering,Shape memory behavior of single crystal and polycrystalline Ni-rich NiTiHf high temperature shape memory alloys,2015,50.7,29.3,55,Ni50.7Ti29.3Hf20.0 %,20
S. M. Saghaian,Mechanical Engineering,Shape memory behavior of single crystal and polycrystalline Ni-rich NiTiHf high temperature shape memory alloys,2015,50.7,29.3,72,Ni50.7Ti29.3Hf20.0 %,20
S. M. Saghaian,Mechanical Engineering,Shape memory behavior of single crystal and polycrystalline Ni-rich NiTiHf high temperature shape memory alloys,2015,50.7,29.3,115,Ni50.7Ti29.3Hf20.0 %,20
S. M. Saghaian,Mechanical Engineering,Shape memory behavior of single crystal and polycrystalline Ni-rich NiTiHf high temperature shape memory alloys,2015,50.7,29.3,143,Ni50.7Ti29.3Hf20.0 %,20
S. M. Saghaian,Mechanical Engineering,Shape memory behavior of single crystal and polycrystalline Ni-rich NiTiHf high temperature shape memory alloys,2015,50.7,29.3,157,Ni50.7Ti29.3Hf20.0 %,20
S. M. Saghaian,Mechanical Engineering,Shape memory behavior of single crystal and polycrystalline Ni-rich NiTiHf high temperature shape memory alloys,2015,50.7,29.3,159,Ni50.7Ti29.3Hf20.0 %,20
S. M. Saghaian,Mechanical Engineering,Shape memory behavior of single crystal and polycrystalline Ni-rich NiTiHf high temperature shape memory alloys,2015,50.7,29.3,149,Ni50.7Ti29.3Hf20.0 %,20
S. M. Saghaian,Mechanical Engineering,Shape memory behavior of single crystal and polycrystalline Ni-rich NiTiHf high temperature shape memory alloys,2015,50.7,29.3,126,Ni50.7Ti29.3Hf20.0 %,20
S. M. Saghaian,Mechanical Engineering,Shape memory behavior of single crystal and polycrystalline Ni-rich NiTiHf high temperature shape memory alloys,2015,50.7,29.3,155,Ni50.7Ti29.3Hf20.0 %,20
S. M. Saghaian,Mechanical Engineering,Shape memory behavior of single crystal and polycrystalline Ni-rich NiTiHf high temperature shape memory alloys,2015,50.7,29.3,146,Ni50.7Ti29.3Hf20.0 %,20
S. M. Saghaian,Mechanical Engineering,Shape memory behavior of single crystal and polycrystalline Ni-rich NiTiHf high temperature shape memory alloys,2015,50.7,29.3,177,Ni50.7Ti29.3Hf20.0 %,20
S. M. Saghaian,Mechanical Engineering,Shape memory behavior of single crystal and polycrystalline Ni-rich NiTiHf high temperature shape memory alloys,2015,50.7,29.3,226,Ni50.7Ti29.3Hf20.0 %,20
S. M. Saghaian,Mechanical Engineering,Shape memory behavior of single crystal and polycrystalline Ni-rich NiTiHf high temperature shape memory alloys,2015,50.7,29.3,206,Ni50.7Ti29.3Hf20.0 %,20
S. M. Saghaian,Mechanical Engineering,Shape memory behavior of single crystal and polycrystalline Ni-rich NiTiHf high temperature shape memory alloys,2015,50.7,29.3,84,Ni50.7Ti29.3Hf20.0 %,20
S. M. Saghaian,Mechanical Engineering,Shape memory behavior of single crystal and polycrystalline Ni-rich NiTiHf high temperature shape memory alloys,2015,50.7,29.3,93,Ni50.7Ti29.3Hf20.0 %,20
S. M. Saghaian,Mechanical Engineering,Shape memory behavior of single crystal and polycrystalline Ni-rich NiTiHf high temperature shape memory alloys,2015,50.7,29.3,104,Ni50.7Ti29.3Hf20.0 %,20
S. M. Saghaian,Mechanical Engineering,Shape memory behavior of single crystal and polycrystalline Ni-rich NiTiHf high temperature shape memory alloys,2015,50.7,29.3,120,Ni50.7Ti29.3Hf20.0 %,20
S. M. Saghaian,Mechanical Engineering,Shape memory behavior of single crystal and polycrystalline Ni-rich NiTiHf high temperature shape memory alloys,2015,50.7,29.3,143,Ni50.7Ti29.3Hf20.0 %,20
S. M. Saghaian,Mechanical Engineering,Shape memory behavior of single crystal and polycrystalline Ni-rich NiTiHf high temperature shape memory alloys,2015,50.7,29.3,144,Ni50.7Ti29.3Hf20.0 %,20
S. M. Saghaian,Mechanical Engineering,Shape memory behavior of single crystal and polycrystalline Ni-rich NiTiHf high temperature shape memory alloys,2015,50.7,29.3,159,Ni50.7Ti29.3Hf20.0 %,20
S. M. Saghaian,Mechanical Engineering,Shape memory behavior of single crystal and polycrystalline Ni-rich NiTiHf high temperature shape memory alloys,2015,50.7,29.3,170,Ni50.7Ti29.3Hf20.0 %,20
S. M. Saghaian,Mechanical Engineering,Shape memory behavior of single crystal and polycrystalline Ni-rich NiTiHf high temperature shape memory alloys,2015,50.7,29.3,185,Ni50.7Ti29.3Hf20.0 %,20
S. M. Saghaian,Mechanical Engineering,Shape memory behavior of single crystal and polycrystalline Ni-rich NiTiHf high temperature shape memory alloys,2015,50.7,29.3,204,Ni50.7Ti29.3Hf20.0 %,20
S. M. Saghaian,Mechanical Engineering,Shape memory behavior of single crystal and polycrystalline Ni-rich NiTiHf high temperature shape memory alloys,2015,50.7,29.3,108,Ni50.7Ti29.3Hf20.0 %,20
S. M. Saghaian,Mechanical Engineering,Shape memory behavior of single crystal and polycrystalline Ni-rich NiTiHf high temperature shape memory alloys,2015,50.7,29.3,110,Ni50.7Ti29.3Hf20.0 %,20
S. M. Saghaian,Mechanical Engineering,Shape memory behavior of single crystal and polycrystalline Ni-rich NiTiHf high temperature shape memory alloys,2015,50.7,29.3,116,Ni50.7Ti29.3Hf20.0 %,20
S. M. Saghaian,Mechanical Engineering,Shape memory behavior of single crystal and polycrystalline Ni-rich NiTiHf high temperature shape memory alloys,2015,50.7,29.3,126,Ni50.7Ti29.3Hf20.0 %,20
T. Umale; D. Salas; B. Tomes; R. Arroyave and I. Karaman,Scripta Materialia,The effects of wide range of compositional changes on the martensitic transformation characteristics of NiTiHf shape memory alloys,2019,50.7,44.3,-8,Ni50.7Ti44.3Hf5.0 %,5
T. Umale; D. Salas; B. Tomes; R. Arroyave and I. Karaman,Scripta Materialia,The effects of wide range of compositional changes on the martensitic transformation characteristics of NiTiHf shape memory alloys,2019,50.7,39.3,-64,Ni50.7Ti39.3Hf10.0 %,10
T. Umale; D. Salas; B. Tomes; R. Arroyave and I. Karaman,Scripta Materialia,The effects of wide range of compositional changes on the martensitic transformation characteristics of NiTiHf shape memory alloys,2019,50.7,34.3,28,Ni50.7Ti34.3Hf15.0 %,15
T. Umale; D. Salas; B. Tomes; R. Arroyave and I. Karaman,Scripta Materialia,The effects of wide range of compositional changes on the martensitic transformation characteristics of NiTiHf shape memory alloys,2019,50.7,29.3,143,Ni50.7Ti29.299999999999997Hf20.0 %,20
T. Umale; D. Salas; B. Tomes; R. Arroyave and I. Karaman,Scripta Materialia,The effects of wide range of compositional changes on the martensitic transformation characteristics of NiTiHf shape memory alloys,2019,50.7,24.3,265,Ni50.7Ti24.299999999999997Hf25.0 %,25
T. Umale; D. Salas; B. Tomes; R. Arroyave and I. Karaman,Scripta Materialia,The effects of wide range of compositional changes on the martensitic transformation characteristics of NiTiHf shape memory alloys,2019,50.7,19.3,441,Ni50.7Ti19.299999999999997Hf30.0 %,30
X. L. Meng; W. Cai; F. Chen and L. C. Zhao,Scripta Materialia,Effect of aging on martensitic transformation and microstructure in Ni-rich TiNiHf shape memory alloy,2006,50.8,29.2,48,Ni50.8Ti29.2Hf20.0 %,20
D. N. Abujudom; M. Y. Kao; P. E. Thoma and D. R. Angst,US5114504,High transformation temperature shape memory alloy,1992,51,39,-20,Ni51.0Ti39.0Hf10.0 %,10
G. S. Firstov; J. Van Humbeeck and Y. N. Koval,Materials Science and Engineering: A,High-temperature shape memory alloys,2004,51,34.3,35,Ni51.0Ti34.3Hf14.7 %,14.7
E. Y. Panchenko; Y. I. Chumlyakov; N. Y. Surikov; A. Tagiltsev; N. Vetoshkina; K. Osipovich; H. Maier and H. Sehitoglu,Russian Physics Journal,Orientation Dependence of Functional Properties in Heterophase Single Crystals of the Ti36. 5Ni51. 0Hf12. 5 and Ti48. 5Ni51. 5 Alloys,2016,51,36.5,-83,Ni51.0Ti36.5Hf12.5 %,12.5
Y. Wu; L. Patriarca; G. Li; H. Sehitoglu; Y. Soejima; T. Ito and M. Nishida,Shape Memory and Superelasticity,Shape memory response of polycrystalline NiTi12. 5Hf alloy: transformation at small scales,2015,51,36.5,-3,Ni51.0Ti36.5Hf12.5 %,12.5
Y. Wu; L. Patriarca; G. Li; H. Sehitoglu; Y. Soejima; T. Ito and M. Nishida,Shape Memory and Superelasticity,Shape memory response of polycrystalline NiTi12. 5Hf alloy: transformation at small scales,2015,51,36.5,-18,Ni51.0Ti36.5Hf12.5 %,12.5
Y. Wu; L. Patriarca; G. Li; H. Sehitoglu; Y. Soejima; T. Ito and M. Nishida,Shape Memory and Superelasticity,Shape memory response of polycrystalline NiTi12. 5Hf alloy: transformation at small scales,2015,51,36.5,38,Ni51.0Ti36.5Hf12.5 %,12.5
Y. Wu; L. Patriarca; G. Li; H. Sehitoglu; Y. Soejima; T. Ito and M. Nishida,Shape Memory and Superelasticity,Shape memory response of polycrystalline NiTi12. 5Hf alloy: transformation at small scales,2015,51,36.5,11,Ni51.0Ti36.5Hf12.5 %,12.5
Y. Wu; L. Patriarca; G. Li; H. Sehitoglu; Y. Soejima; T. Ito and M. Nishida,Shape Memory and Superelasticity,Shape memory response of polycrystalline NiTi12. 5Hf alloy: transformation at small scales,2015,51,36.5,-45,Ni51.0Ti36.5Hf12.5 %,12.5
Y. Wu; L. Patriarca; G. Li; H. Sehitoglu; Y. Soejima; T. Ito and M. Nishida,Shape Memory and Superelasticity,Shape memory response of polycrystalline NiTi12. 5Hf alloy: transformation at small scales,2015,51,36.5,-19,Ni51.0Ti36.5Hf12.5 %,12.5
Y. Wu; L. Patriarca; G. Li; H. Sehitoglu; Y. Soejima; T. Ito and M. Nishida,Shape Memory and Superelasticity,Shape memory response of polycrystalline NiTi12. 5Hf alloy: transformation at small scales,2015,51,36.5,52,Ni51.0Ti36.5Hf12.5 %,12.5
Y. Wu; L. Patriarca; G. Li; H. Sehitoglu; Y. Soejima; T. Ito and M. Nishida,Shape Memory and Superelasticity,Shape memory response of polycrystalline NiTi12. 5Hf alloy: transformation at small scales,2015,51,36.5,51,Ni51.0Ti36.5Hf12.5 %,12.5
Y. Wu; L. Patriarca; G. Li; H. Sehitoglu; Y. Soejima; T. Ito and M. Nishida,Shape Memory and Superelasticity,Shape memory response of polycrystalline NiTi12. 5Hf alloy: transformation at small scales,2015,51,36.5,51,Ni51.0Ti36.5Hf12.5 %,12.5
Y. Wu; L. Patriarca; G. Li; H. Sehitoglu; Y. Soejima; T. Ito and M. Nishida,Shape Memory and Superelasticity,Shape memory response of polycrystalline NiTi12. 5Hf alloy: transformation at small scales,2015,51,36.5,83,Ni51.0Ti36.5Hf12.5 %,12.5
E. Panchenko; N. Surikov; Y. Chumlyakov; A. Eftifeeva; A. Neiman and H. Sehitoglu,Materials Today,Stress-ageing effects on the functional properties of high-strength [001]-oriented Ni51.0Ti37.3Hf12.5 single crystals,2017,51,36.5,-80,Ni51.0Ti36.5Hf12.5 %,12.5
E. Panchenko; N. Surikov; Y. Chumlyakov; A. Eftifeeva; A. Neiman and H. Sehitoglu,Materials Today,Stress-ageing effects on the functional properties of high-strength [001]-oriented Ni51.0Ti37.3Hf12.5 single crystals,2017,51,36.5,-43,Ni51.0Ti36.5Hf12.5 %,12.5
N. Y. Surikov; A. S. Eftifeeva; E. Y. Panchenko and I. C. Yu,IOP Conference Series: Materials Science and Engineering,Stress-induced martensitic transformation in high-strength [236]-oriented Ni 51 Ti 36.5 Hf 12.5 single crystals,2015,51,36.5,-55,Ni51.0Ti36.5Hf12.5 %,12.5
N. Y. Surikov; A. S. Eftifeeva; E. Y. Panchenko and I. C. Yu,IOP Conference Series: Materials Science and Engineering,Stress-induced martensitic transformation in high-strength [236]-oriented Ni 51 Ti 36.5 Hf 12.5 single crystals,2015,51,36.5,-87,Ni51.0Ti36.5Hf12.5 %,12.5
Z. Pu; K. Wu and Y. Liu,International Symposium on Shape Memory Materials,Structure and Properties of NiTi-Hf Rapidly Solidified High Temperature Shape Memory Alloys,1994,51,32.5,255,Ni51.0Ti32.5Hf16.5 %,16.5
E. Y. Panchenko; Y. I. Chumlyakov; N. Y. Surikov; H. Maier; G. Gerstein and H. Sehitoglu,Technical Physics Letters,Superelasticity in high-strength heterophase single crystals of Ni51. 0Ti36. 5Hf12. 5 alloy,2015,51,36.5,-83,Ni51.0Ti36.5Hf12.5 %,12.5
T. Umale; D. Salas; B. Tomes; R. Arroyave and I. Karaman,Scripta Materialia,The effects of wide range of compositional changes on the martensitic transformation characteristics of NiTiHf shape memory alloys,2019,51,47.5,-94,Ni51.0Ti47.5Hf1.5 %,1.5
T. Umale; D. Salas; B. Tomes; R. Arroyave and I. Karaman,Scripta Materialia,The effects of wide range of compositional changes on the martensitic transformation characteristics of NiTiHf shape memory alloys,2019,51,29,3,Ni51.0Ti29.0Hf20.0 %,20
T. Umale; D. Salas; B. Tomes; R. Arroyave and I. Karaman,Scripta Materialia,The effects of wide range of compositional changes on the martensitic transformation characteristics of NiTiHf shape memory alloys,2019,51,24,156,Ni51.0Ti24.0Hf25.0 %,25
T. Umale; D. Salas; B. Tomes; R. Arroyave and I. Karaman,Scripta Materialia,The effects of wide range of compositional changes on the martensitic transformation characteristics of NiTiHf shape memory alloys,2019,51,19,394,Ni51.0Ti19.0Hf30.0 %,30
L. Patriarca; H. Sehitoglu; E. Y. Panchenko and Y. I. Chumlyakov,Acta Materialia,High-temperature functional behavior of single crystal Ni51.2Ti23.4Hf25.4 shape memory alloy,2016,51.2,23.4,288,Ni51.2Ti23.4Hf25.4 %,25.4
L. Patriarca; H. Sehitoglu; E. Y. Panchenko and Y. I. Chumlyakov,Acta Materialia,High-temperature functional behavior of single crystal Ni51.2Ti23.4Hf25.4 shape memory alloy,2016,51.2,23.4,155,Ni51.2Ti23.4Hf25.4 %,25.4
L. Patriarca; H. Sehitoglu; E. Y. Panchenko and Y. I. Chumlyakov,Acta Materialia,High-temperature functional behavior of single crystal Ni51.2Ti23.4Hf25.4 shape memory alloy,2016,51.2,23.4,215,Ni51.2Ti23.4Hf25.4 %,25.4
L. Patriarca; H. Sehitoglu; E. Y. Panchenko and Y. I. Chumlyakov,Acta Materialia,High-temperature functional behavior of single crystal Ni51.2Ti23.4Hf25.4 shape memory alloy,2016,51.2,23.4,230,Ni51.2Ti23.4Hf25.4 %,25.4
L. Patriarca; H. Sehitoglu; E. Y. Panchenko and Y. I. Chumlyakov,Acta Materialia,High-temperature functional behavior of single crystal Ni51.2Ti23.4Hf25.4 shape memory alloy,2016,51.2,23.4,181,Ni51.2Ti23.4Hf25.4 %,25.4
L. Patriarca; H. Sehitoglu; E. Y. Panchenko and Y. I. Chumlyakov,Acta Materialia,High-temperature functional behavior of single crystal Ni51.2Ti23.4Hf25.4 shape memory alloy,2016,51.2,23.4,156,Ni51.2Ti23.4Hf25.4 %,25.4
L. Patriarca; H. Sehitoglu; E. Y. Panchenko and Y. I. Chumlyakov,Acta Materialia,High-temperature functional behavior of single crystal Ni51.2Ti23.4Hf25.4 shape memory alloy,2016,51.2,23.4,128,Ni51.2Ti23.4Hf25.4 %,25.4
L. Patriarca; H. Sehitoglu; E. Y. Panchenko and Y. I. Chumlyakov,Acta Materialia,High-temperature functional behavior of single crystal Ni51.2Ti23.4Hf25.4 shape memory alloy,2016,51.2,23.4,185,Ni51.2Ti23.4Hf25.4 %,25.4
L. Patriarca; H. Sehitoglu; E. Y. Panchenko and Y. I. Chumlyakov,Acta Materialia,High-temperature functional behavior of single crystal Ni51.2Ti23.4Hf25.4 shape memory alloy,2016,51.2,23.4,162,Ni51.2Ti23.4Hf25.4 %,25.4
L. Patriarca; H. Sehitoglu; E. Y. Panchenko and Y. I. Chumlyakov,Acta Materialia,High-temperature functional behavior of single crystal Ni51.2Ti23.4Hf25.4 shape memory alloy,2016,51.2,23.4,138,Ni51.2Ti23.4Hf25.4 %,25.4
L. Patriarca; H. Sehitoglu; E. Y. Panchenko and Y. I. Chumlyakov,Acta Materialia,High-temperature functional behavior of single crystal Ni51.2Ti23.4Hf25.4 shape memory alloy,2016,51.2,23.4,172,Ni51.2Ti23.4Hf25.4 %,25.4
L. Patriarca; H. Sehitoglu; E. Y. Panchenko and Y. I. Chumlyakov,Acta Materialia,High-temperature functional behavior of single crystal Ni51.2Ti23.4Hf25.4 shape memory alloy,2016,51.2,23.4,209,Ni51.2Ti23.4Hf25.4 %,25.4
L. Patriarca; H. Sehitoglu; E. Y. Panchenko and Y. I. Chumlyakov,Acta Materialia,High-temperature functional behavior of single crystal Ni51.2Ti23.4Hf25.4 shape memory alloy,2016,51.2,23.4,245,Ni51.2Ti23.4Hf25.4 %,25.4
L. Patriarca; H. Sehitoglu; E. Y. Panchenko and Y. I. Chumlyakov,Acta Materialia,High-temperature functional behavior of single crystal Ni51.2Ti23.4Hf25.4 shape memory alloy,2016,51.2,23.4,264,Ni51.2Ti23.4Hf25.4 %,25.4
L. Patriarca; H. Sehitoglu; E. Y. Panchenko and Y. I. Chumlyakov,Acta Materialia,High-temperature functional behavior of single crystal Ni51.2Ti23.4Hf25.4 shape memory alloy,2016,51.2,23.4,259,Ni51.2Ti23.4Hf25.4 %,25.4
L. Patriarca; H. Sehitoglu; E. Y. Panchenko and Y. I. Chumlyakov,Acta Materialia,High-temperature functional behavior of single crystal Ni51.2Ti23.4Hf25.4 shape memory alloy,2016,51.2,23.4,234,Ni51.2Ti23.4Hf25.4 %,25.4
S. M. Saghaian,Mechanical Engineering,Shape memory behavior of single crystal and polycrystalline Ni-rich NiTiHf high temperature shape memory alloys,2015,51.2,28.8,131,Ni51.2Ti28.8Hf20.0 %,20
S. M. Saghaian,Mechanical Engineering,Shape memory behavior of single crystal and polycrystalline Ni-rich NiTiHf high temperature shape memory alloys,2015,51.2,28.8,21,Ni51.2Ti28.8Hf20.0 %,20
S. M. Saghaian,Mechanical Engineering,Shape memory behavior of single crystal and polycrystalline Ni-rich NiTiHf high temperature shape memory alloys,2015,51.2,28.8,82,Ni51.2Ti28.8Hf20.0 %,20
S. M. Saghaian,Mechanical Engineering,Shape memory behavior of single crystal and polycrystalline Ni-rich NiTiHf high temperature shape memory alloys,2015,51.2,28.8,97,Ni51.2Ti28.8Hf20.0 %,20
S. M. Saghaian,Mechanical Engineering,Shape memory behavior of single crystal and polycrystalline Ni-rich NiTiHf high temperature shape memory alloys,2015,51.2,28.8,119,Ni51.2Ti28.8Hf20.0 %,20
S. M. Saghaian,Mechanical Engineering,Shape memory behavior of single crystal and polycrystalline Ni-rich NiTiHf high temperature shape memory alloys,2015,51.2,28.8,63,Ni51.2Ti28.8Hf20.0 %,20
S. M. Saghaian,Mechanical Engineering,Shape memory behavior of single crystal and polycrystalline Ni-rich NiTiHf high temperature shape memory alloys,2015,51.2,28.8,138,Ni51.2Ti28.8Hf20.0 %,20
S. M. Saghaian,Mechanical Engineering,Shape memory behavior of single crystal and polycrystalline Ni-rich NiTiHf high temperature shape memory alloys,2015,51.2,28.8,144,Ni51.2Ti28.8Hf20.0 %,20
S. M. Saghaian,Mechanical Engineering,Shape memory behavior of single crystal and polycrystalline Ni-rich NiTiHf high temperature shape memory alloys,2015,51.2,28.8,153,Ni51.2Ti28.8Hf20.0 %,20
S. M. Saghaian,Mechanical Engineering,Shape memory behavior of single crystal and polycrystalline Ni-rich NiTiHf high temperature shape memory alloys,2015,51.2,28.8,159,Ni51.2Ti28.8Hf20.0 %,20
S. M. Saghaian,Mechanical Engineering,Shape memory behavior of single crystal and polycrystalline Ni-rich NiTiHf high temperature shape memory alloys,2015,51.2,28.8,177,Ni51.2Ti28.8Hf20.0 %,20
S. M. Saghaian,Mechanical Engineering,Shape memory behavior of single crystal and polycrystalline Ni-rich NiTiHf high temperature shape memory alloys,2015,51.2,28.8,195,Ni51.2Ti28.8Hf20.0 %,20
S. M. Saghaian,Mechanical Engineering,Shape memory behavior of single crystal and polycrystalline Ni-rich NiTiHf high temperature shape memory alloys,2015,51.2,28.8,-32,Ni51.2Ti28.8Hf20.0 %,20
S. M. Saghaian,Mechanical Engineering,Shape memory behavior of single crystal and polycrystalline Ni-rich NiTiHf high temperature shape memory alloys,2015,51.2,28.8,-7,Ni51.2Ti28.8Hf20.0 %,20
S. M. Saghaian,Mechanical Engineering,Shape memory behavior of single crystal and polycrystalline Ni-rich NiTiHf high temperature shape memory alloys,2015,51.2,28.8,47,Ni51.2Ti28.8Hf20.0 %,20
S. M. Saghaian,Mechanical Engineering,Shape memory behavior of single crystal and polycrystalline Ni-rich NiTiHf high temperature shape memory alloys,2015,51.2,28.8,80,Ni51.2Ti28.8Hf20.0 %,20
S. M. Saghaian,Mechanical Engineering,Shape memory behavior of single crystal and polycrystalline Ni-rich NiTiHf high temperature shape memory alloys,2015,51.2,28.8,60,Ni51.2Ti28.8Hf20.0 %,20
S. M. Saghaian,Mechanical Engineering,Shape memory behavior of single crystal and polycrystalline Ni-rich NiTiHf high temperature shape memory alloys,2015,51.2,28.8,78,Ni51.2Ti28.8Hf20.0 %,20
S. M. Saghaian,Mechanical Engineering,Shape memory behavior of single crystal and polycrystalline Ni-rich NiTiHf high temperature shape memory alloys,2015,51.2,28.8,98,Ni51.2Ti28.8Hf20.0 %,20
S. M. Saghaian,Mechanical Engineering,Shape memory behavior of single crystal and polycrystalline Ni-rich NiTiHf high temperature shape memory alloys,2015,51.2,28.8,111,Ni51.2Ti28.8Hf20.0 %,20
S. M. Saghaian,Mechanical Engineering,Shape memory behavior of single crystal and polycrystalline Ni-rich NiTiHf high temperature shape memory alloys,2015,51.2,28.8,129,Ni51.2Ti28.8Hf20.0 %,20
S. M. Saghaian,Mechanical Engineering,Shape memory behavior of single crystal and polycrystalline Ni-rich NiTiHf high temperature shape memory alloys,2015,51.2,28.8,159,Ni51.2Ti28.8Hf20.0 %,20
S. M. Saghaian,Mechanical Engineering,Shape memory behavior of single crystal and polycrystalline Ni-rich NiTiHf high temperature shape memory alloys,2015,51.2,28.8,125,Ni51.2Ti28.8Hf20.0 %,20
S. M. Saghaian,Mechanical Engineering,Shape memory behavior of single crystal and polycrystalline Ni-rich NiTiHf high temperature shape memory alloys,2015,51.2,28.8,131,Ni51.2Ti28.8Hf20.0 %,20
S. M. Saghaian,Mechanical Engineering,Shape memory behavior of single crystal and polycrystalline Ni-rich NiTiHf high temperature shape memory alloys,2015,51.2,28.8,143,Ni51.2Ti28.8Hf20.0 %,20
S. M. Saghaian,Mechanical Engineering,Shape memory behavior of single crystal and polycrystalline Ni-rich NiTiHf high temperature shape memory alloys,2015,51.2,28.8,162,Ni51.2Ti28.8Hf20.0 %,20
S. M. Saghaian,Mechanical Engineering,Shape memory behavior of single crystal and polycrystalline Ni-rich NiTiHf high temperature shape memory alloys,2015,51.2,28.8,175,Ni51.2Ti28.8Hf20.0 %,20
H. Sehitoglu; Y. Wu; L. Patriarca; G. Li; A. Ojha; S. Zhang; Y. Chumlyakov and M. Nishida,Shape Memory and Superelasticity,Superelasticity and Shape Memory Behavior of NiTiHf Alloys,2017,51.2,23.4,297,Ni51.2Ti23.4Hf25.4 %,25.4
S. M. Saghaian,Mechanical Engineering,Shape memory behavior of single crystal and polycrystalline Ni-rich NiTiHf high temperature shape memory alloys,2015,52,28,107,Ni52.0Ti28.0Hf20.0 %,20
S. M. Saghaian,Mechanical Engineering,Shape memory behavior of single crystal and polycrystalline Ni-rich NiTiHf high temperature shape memory alloys,2015,52,28,38,Ni52.0Ti28.0Hf20.0 %,20
S. M. Saghaian,Mechanical Engineering,Shape memory behavior of single crystal and polycrystalline Ni-rich NiTiHf high temperature shape memory alloys,2015,52,28,-14,Ni52.0Ti28.0Hf20.0 %,20
S. M. Saghaian,Mechanical Engineering,Shape memory behavior of single crystal and polycrystalline Ni-rich NiTiHf high temperature shape memory alloys,2015,52,28,96,Ni52.0Ti28.0Hf20.0 %,20
S. M. Saghaian,Mechanical Engineering,Shape memory behavior of single crystal and polycrystalline Ni-rich NiTiHf high temperature shape memory alloys,2015,52,28,105,Ni52.0Ti28.0Hf20.0 %,20
S. M. Saghaian,Mechanical Engineering,Shape memory behavior of single crystal and polycrystalline Ni-rich NiTiHf high temperature shape memory alloys,2015,52,28,117,Ni52.0Ti28.0Hf20.0 %,20
S. M. Saghaian,Mechanical Engineering,Shape memory behavior of single crystal and polycrystalline Ni-rich NiTiHf high temperature shape memory alloys,2015,52,28,140,Ni52.0Ti28.0Hf20.0 %,20
S. M. Saghaian,Mechanical Engineering,Shape memory behavior of single crystal and polycrystalline Ni-rich NiTiHf high temperature shape memory alloys,2015,52,28,162,Ni52.0Ti28.0Hf20.0 %,20
S. M. Saghaian,Mechanical Engineering,Shape memory behavior of single crystal and polycrystalline Ni-rich NiTiHf high temperature shape memory alloys,2015,52,28,76,Ni52.0Ti28.0Hf20.0 %,20
S. M. Saghaian,Mechanical Engineering,Shape memory behavior of single crystal and polycrystalline Ni-rich NiTiHf high temperature shape memory alloys,2015,52,28,-25,Ni52.0Ti28.0Hf20.0 %,20
S. M. Saghaian,Mechanical Engineering,Shape memory behavior of single crystal and polycrystalline Ni-rich NiTiHf high temperature shape memory alloys,2015,52,28,19,Ni52.0Ti28.0Hf20.0 %,20
S. M. Saghaian,Mechanical Engineering,Shape memory behavior of single crystal and polycrystalline Ni-rich NiTiHf high temperature shape memory alloys,2015,52,28,4,Ni52.0Ti28.0Hf20.0 %,20
S. M. Saghaian,Mechanical Engineering,Shape memory behavior of single crystal and polycrystalline Ni-rich NiTiHf high temperature shape memory alloys,2015,52,28,-13,Ni52.0Ti28.0Hf20.0 %,20
S. M. Saghaian,Mechanical Engineering,Shape memory behavior of single crystal and polycrystalline Ni-rich NiTiHf high temperature shape memory alloys,2015,52,28,118,Ni52.0Ti28.0Hf20.0 %,20
S. M. Saghaian,Mechanical Engineering,Shape memory behavior of single crystal and polycrystalline Ni-rich NiTiHf high temperature shape memory alloys,2015,52,28,51,Ni52.0Ti28.0Hf20.0 %,20
S. M. Saghaian,Mechanical Engineering,Shape memory behavior of single crystal and polycrystalline Ni-rich NiTiHf high temperature shape memory alloys,2015,52,28,97,Ni52.0Ti28.0Hf20.0 %,20
S. M. Saghaian,Mechanical Engineering,Shape memory behavior of single crystal and polycrystalline Ni-rich NiTiHf high temperature shape memory alloys,2015,52,28,138,Ni52.0Ti28.0Hf20.0 %,20
S. M. Saghaian,Mechanical Engineering,Shape memory behavior of single crystal and polycrystalline Ni-rich NiTiHf high temperature shape memory alloys,2015,52,28,69,Ni52.0Ti28.0Hf20.0 %,20
S. M. Saghaian,Mechanical Engineering,Shape memory behavior of single crystal and polycrystalline Ni-rich NiTiHf high temperature shape memory alloys,2015,52,28,57,Ni52.0Ti28.0Hf20.0 %,20
S. M. Saghaian,Mechanical Engineering,Shape memory behavior of single crystal and polycrystalline Ni-rich NiTiHf high temperature shape memory alloys,2015,52,28,55,Ni52.0Ti28.0Hf20.0 %,20
S. M. Saghaian,Mechanical Engineering,Shape memory behavior of single crystal and polycrystalline Ni-rich NiTiHf high temperature shape memory alloys,2015,52,28,82,Ni52.0Ti28.0Hf20.0 %,20
S. M. Saghaian,Mechanical Engineering,Shape memory behavior of single crystal and polycrystalline Ni-rich NiTiHf high temperature shape memory alloys,2015,52,28,133,Ni52.0Ti28.0Hf20.0 %,20
S. M. Saghaian,Mechanical Engineering,Shape memory behavior of single crystal and polycrystalline Ni-rich NiTiHf high temperature shape memory alloys,2015,52,28,101,Ni52.0Ti28.0Hf20.0 %,20
S. M. Saghaian,Mechanical Engineering,Shape memory behavior of single crystal and polycrystalline Ni-rich NiTiHf high temperature shape memory alloys,2015,52,28,100,Ni52.0Ti28.0Hf20.0 %,20
S. M. Saghaian,Mechanical Engineering,Shape memory behavior of single crystal and polycrystalline Ni-rich NiTiHf high temperature shape memory alloys,2015,52,28,88,Ni52.0Ti28.0Hf20.0 %,20
S. M. Saghaian,Mechanical Engineering,Shape memory behavior of single crystal and polycrystalline Ni-rich NiTiHf high temperature shape memory alloys,2015,52,28,81,Ni52.0Ti28.0Hf20.0 %,20
S. M. Saghaian,Mechanical Engineering,Shape memory behavior of single crystal and polycrystalline Ni-rich NiTiHf high temperature shape memory alloys,2015,52,28,120,Ni52.0Ti28.0Hf20.0 %,20
S. M. Saghaian,Mechanical Engineering,Shape memory behavior of single crystal and polycrystalline Ni-rich NiTiHf high temperature shape memory alloys,2015,52,28,144,Ni52.0Ti28.0Hf20.0 %,20
